subject,trial,full_stance,full_ds,full_ss,full_ankle,full_knee,full_hip,no_smooth_stance,no_smooth_ds,no_smooth_ss,no_smooth_ankle,no_smooth_knee,no_smooth_hip,no_cone_stance,no_cone_ds,no_cone_ss,no_cone_ankle,no_cone_knee,no_cone_hip,blend_stance,blend_ds,blend_ss,blend_ankle,blend_knee,blend_hip,prior_stance,prior_ds,prior_ss,prior_ankle,prior_knee,prior_hip,prior_smooth_stance,prior_smooth_ds,prior_smooth_ss,prior_smooth_ankle,prior_smooth_knee,prior_smooth_hip
WBDS02,walkT01,2.8419803547283458,3.4224261250513246,1.9107498695679046,0.017781106934371016,0.10754520641565833,0.20031339738170076,2.964351730201663,3.5690104087898376,1.9947239401308268,0.018618571312625412,0.11210313317591648,0.20873998115536552,2.8419803547283458,3.4224261250513246,1.9107498695679046,0.017781106934371016,0.10754520641565833,0.20031339738170076,2.964351730201663,3.5690104087898376,1.9947239401308268,0.018618571312625412,0.11210313317591648,0.20873998115536552,3.782053893742253,3.9078651785258347,3.6230270932263653,0.02306994504990408,0.14268686046268442,0.26576282904703474,3.5961936044278184,3.7218186831593614,3.437093710702677,0.021763105468917496,0.1357608028000411,0.2529442110322474
WBDS02,walkT02,2.8205820156697095,3.587296225519874,1.9792793403113897,0.018353828969790868,0.10368212954546882,0.19278192835675337,2.8907364082197486,3.683591687637075,2.017937207494855,0.018787361089547275,0.10624289424747413,0.1975054307208147,2.8205820156697095,3.587296225519874,1.9792793403113897,0.018353828969790868,0.10368212954546882,0.19278192835675337,2.8907364082197486,3.683591687637075,2.017937207494855,0.018787361089547275,0.10624289424747413,0.1975054307208147,3.423314712437862,3.919840655884502,2.9533511331043942,0.02087011105019942,0.12568150143069237,0.2337765705063008,3.295209842059737,3.759485035848152,2.8576798970166615,0.019971983838565313,0.12098502903802641,0.22512494174094122
WBDS02,walkT03,2.616133560243481,3.601837693190761,1.7120425047690295,0.018065886311204163,0.09410272324983454,0.17421840397843324,2.8822215737565235,3.9136407557877155,1.957578400108994,0.01960380940635855,0.10363982658123697,0.19187872808463885,2.616133560243481,3.601837693190761,1.7120425047690295,0.018065886311204163,0.09410272324983454,0.17421840397843324,2.8822215737565235,3.9136407557877155,1.957578400108994,0.01960380940635855,0.10363982658123697,0.19187872808463885,3.542570583318813,4.409637263817321,2.854414973939439,0.022415240053100305,0.12728902578557927,0.2362077433191304,2.9212659648581787,3.8358231448746922,2.1420511815454475,0.018319081637087085,0.10494017788587953,0.19490534584176455
WBDS02,walkT04,2.8901455241463663,4.223048182025002,1.7311142275199494,0.021000694180853558,0.10193157201419895,0.1882525500913976,3.029660014981776,4.457146217021484,1.7723674543977874,0.021557006448387515,0.10683599581260525,0.19732992677388592,2.8901455241463663,4.223048182025002,1.7311142275199494,0.021000694180853558,0.10193157201419895,0.1882525500913976,3.029660014981776,4.457146217021484,1.7723674543977874,0.021557006448387515,0.10683599581260525,0.19732992677388592,3.659019831748267,5.142788814840049,2.4516446446108353,0.024195424449136534,0.12910527979332823,0.23864189922644544,3.4856516531182997,4.873212988400211,2.365902549062823,0.023259992453679722,0.12301603185068692,0.227366295234573
WBDS02,walkT05,4.040921600448286,6.739627116635309,1.7286123281919423,0.03213418055524201,0.14343649440138578,0.2635670693527895,4.09414805160263,6.813608943322234,1.777601450355665,0.03094711268615928,0.14508623185627423,0.26720439033950716,4.040921600448286,6.739627116635309,1.7286123281919423,0.03213418055524201,0.14343649440138578,0.2635670693527895,4.09414805160263,6.813608943322234,1.777601450355665,0.03094711268615928,0.14508623185627423,0.26720439033950716,4.387169250089861,6.999415642045512,2.368073229873804,0.03185152073181987,0.15528996593483746,0.2863838271396195,4.261124680888882,6.811437973249599,2.2821723399587026,0.03156379543829523,0.15091790012058476,0.27812615783553435
WBDS02,walkT06,3.8299583758218008,6.227110121390577,1.8401879512651171,0.0299647456710617,0.13191806849374318,0.24104225591034836,4.057427843347623,6.635602625298295,1.88709404990381,0.030469003787674035,0.13957056698696227,0.2555260560121465,3.8299583758218008,6.227110121390577,1.8401879512651171,0.0299647456710617,0.13191806849374318,0.24104225591034836,4.057427843347623,6.635602625298295,1.88709404990381,0.030469003787674035,0.13957056698696227,0.2555260560121465,4.450271739122248,7.134951579312219,2.2911603333177086,0.03165818793236364,0.15309829963472416,0.2807166324244627,4.244616604146083,6.7775575333399445,2.225167958204995,0.03090852053854594,0.14613575361354814,0.2677022169442645
WBDS02,walkT07,5.2964181355246085,8.620608337797021,3.067050547734833,0.04354109589272425,0.18314522459378957,0.3377278416463614,5.399227692937464,8.801238602196488,3.1114777957464135,0.0416668497109373,0.18667586516688822,0.34447920854117,5.2964181355246085,8.620608337797021,3.067050547734833,0.04354109589272425,0.18314522459378957,0.3377278416463614,5.399288178284034,8.80136777407408,3.1114777957464135,0.04166708942304478,0.18667794586740535,0.34448312940766085,5.595191086666804,9.000413762848826,3.3578456214393597,0.0414924114106091,0.19322701571627113,0.35715699785872157,5.417415461548954,8.622784295608426,3.3482064460371,0.04102385195118341,0.1871205486341041,0.34580302125579426
WBDS02,walkT08,5.038927127857028,8.615446962429194,2.880709579765294,0.04274879149172437,0.17471276877202963,0.3167860489753207,5.235243196372747,9.013709009588158,2.9264413116684698,0.04080854640752442,0.18083905684133247,0.32946801978883705,5.038927127857028,8.615446962429194,2.880709579765294,0.04274879149172437,0.17471276877202963,0.3167860489753207,5.235095597711313,9.013378348329653,2.9264413116684698,0.04080653281842636,0.1808337678714355,0.32945887237252697,5.181628802339276,8.97533758848449,2.837548998963938,0.03812056572113811,0.17819195178687622,0.3265111677615481,4.896113019338111,8.312552756706337,2.8596518976825243,0.037228867850498094,0.16869424782741863,0.30849515362125146
WBDS03,walkT01,1.553353461839082,1.5691908784782251,1.5355108773622936,0.00936462308893145,0.06391633404896933,0.11631799619460403,1.5570856119614664,1.569032697030646,1.543662149034555,0.009338862712060398,0.06406026847187316,0.11659418266730445,1.553353461839082,1.5691908784782251,1.5355108773622936,0.00936462308893145,0.06391633404896933,0.11631799619460403,1.5570856119614664,1.569032697030646,1.543662149034555,0.009338862712060398,0.06406026847187316,0.11659418266730445,2.3607126437309565,2.0235366127910748,2.6870851891356557,0.013927100136525674,0.0969421570575128,0.17640862572475322,2.3317413582777933,1.975398351720915,2.673482549612154,0.013741544266736322,0.09575061959184027,0.17425929607461374
WBDS03,walkT02,1.784580256371498,1.7969357167248885,1.7727188352775127,0.011333052153822017,0.07192616068029939,0.1300517906678312,1.8158013663269468,1.8438927950066502,1.7886046673681495,0.011438169230000145,0.07314971231409671,0.1322303763074039,1.784580256371498,1.7969357167248885,1.7727188352775127,0.011333052153822017,0.07192616068029939,0.1300517906678312,1.816026771801682,1.84434752943629,1.7886046673681495,0.01143962828266989,0.07315863540018366,0.13224613004738292,2.67392508645462,2.455799253466843,2.866495549233926,0.01612435807145829,0.10683723028180395,0.19326815089634647,2.5873243020349066,2.2961787579504076,2.8372479743011763,0.015602162803510126,0.10339529556870627,0.18716056689809252
WBDS03,walkT03,1.9795973730319585,2.1500583402011157,1.8453156706882141,0.012594731356133749,0.07921426713007307,0.14363131536590065,2.0419242231456596,2.2554831345769237,1.8707863593598808,0.012782995738006234,0.08167232220828806,0.14805925287523217,1.9795973730319585,2.1500583402011157,1.8453156706882141,0.012594731356133749,0.07921426713007307,0.14363131536590065,2.0427840016863996,2.2573279494490373,1.8707863593598808,0.012788223703208456,0.08170643547533034,0.14812056109938526,2.7147905668004477,2.8490294848782134,2.6124978006505426,0.01643172700404927,0.10869228856186976,0.19696673530433936,2.611760675821502,2.675914932131772,2.563939441261313,0.015858710005690363,0.10460875786720696,0.18960597532043785
WBDS03,walkT04,1.9854742001342096,2.398244370259568,1.675199805811143,0.01428467785568223,0.07887503819773123,0.141973316577793,2.136533482450737,2.586727664270752,1.79722889099879,0.014730491787848054,0.08488892090272425,0.15272098842481452,1.9854742001342096,2.398244370259568,1.675199805811143,0.01428467785568223,0.07887503819773123,0.141973316577793,2.137272269338472,2.588309787487446,1.79722889099879,0.014736620646040517,0.08491837356327728,0.15277304463404862,3.1547181120299306,4.007320088655922,2.473710745826404,0.020737326304031148,0.12542625396800008,0.2252142246375992,2.8012165003540233,3.626652313431378,2.1251676829310657,0.018645410138932134,0.11145127024787585,0.19997063856683253
WBDS03,walkT05,2.223922840985912,2.755641554669826,1.8220566320175917,0.01670168684647627,0.08742760045203223,0.15685886895602846,2.262024861104419,2.7992163066192557,1.8566462058402629,0.016153549471637434,0.08906228628220823,0.15956059452895519,2.223922840985912,2.755641554669826,1.8220566320175917,0.01670168684647627,0.08742760045203223,0.15685886895602846,2.2622081045985842,2.7996055064998666,1.8566462058402629,0.016154457533252,0.0890695892023697,0.1595733439493153,3.2824034627849454,4.653496778019215,2.0229552041764176,0.02285435500702341,0.1293586086477358,0.23066819763281327,3.1233863207913712,4.403392617652081,1.959388164235172,0.022226430602215245,0.12304035595452123,0.2195358022345646
WBDS03,walkT06,2.3374351192862246,2.7863047358094066,2.0185788229870654,0.017325610896085676,0.09062245514435646,0.16243264830237336,2.437446726125884,2.964993579690468,2.054254074748046,0.016923419633835333,0.09471438176870772,0.16935264764889418,2.3374351192862246,2.7863047358094066,2.0185788229870654,0.017325610896085676,0.09062245514435646,0.16243264830237336,2.438550378230954,2.967402765436247,2.054254074748046,0.01693402991925994,0.09475713889196001,0.16942844948069616,3.820618073749994,5.461888372157887,2.3230133826903154,0.026839064493541127,0.14833933553007733,0.2640450231630841,3.5970821402818087,5.0882080577507605,2.2622465846741244,0.025972282189454042,0.1395425825777421,0.24862346399963195
WBDS03,walkT07,2.3805532815142425,3.294576507034414,1.6966203826473247,0.01912184839284264,0.09185859124965425,0.16444882790453572,2.419622803302238,3.3340722889534744,1.7395802004424754,0.01799168835798348,0.09370680955980557,0.16723573106092046,2.3805532815142425,3.294576507034414,1.6966203826473247,0.01912184839284264,0.09185859124965425,0.16444882790453572,2.4213843335471497,3.3377280654172217,1.7395802004424754,0.01802969696154637,0.09377015726597916,0.16735427657986518,4.152329738750378,6.459599423773222,2.01978323006181,0.031063554918252908,0.1603804282860102,0.28487599328024116,3.9822316712674386,6.162002181658345,1.9927968298957879,0.03054605196260937,0.15363404001382605,0.27317161759670533
WBDS03,walkT08,2.5200280653405125,3.761203936266549,1.566041075470972,0.020941378587010923,0.09666976926384421,0.1723847912217141,2.5826446821932305,3.857944462621406,1.6010036206567035,0.01968871126637739,0.09955053841356291,0.17673347541725978,2.5200280653405125,3.761203936266549,1.566041075470972,0.020941378587010923,0.09666976926384421,0.1723847912217141,2.5842002232387125,3.8610681416739183,1.6010036206567035,0.01973441435438765,0.09960233782772931,0.17683646768670483,4.5027961929615365,7.263649462831523,2.008098247989131,0.03436269098521314,0.17303110210456923,0.30599207358345365,4.312855086602942,6.917819741093015,1.9932294177859187,0.03383562306525686,0.16548843746620037,0.2930825012317938
WBDS04,walkT01,2.129719185030929,2.6940309994055562,1.3602519465278413,0.015162850802038195,0.08956740168081266,0.16504928777950745,2.4143867383870523,3.029558505811016,1.5891600780779593,0.017480747204083057,0.10103730041467555,0.1864701185911572,2.129719185030929,2.6940309994055562,1.3602519465278413,0.015162850802038195,0.08956740168081266,0.16504928777950745,2.4143867383870523,3.029558505811016,1.5891600780779593,0.017480747204083057,0.10103730041467555,0.1864701185911572,2.753115626069797,2.7371092627266873,2.7688156323747415,0.019224937067440058,0.11474385276539541,0.21255447430472496,2.1667551568483367,2.2312032957151233,2.101239415225624,0.014941030287295869,0.09105439860714626,0.16816293073624553
WBDS04,walkT02,2.851093615984767,3.9027987411256926,1.638235093619093,0.021255906657083806,0.11450230432945017,0.21160726968761084,2.9507545139182727,4.052065524773557,1.6718438410963024,0.022013599207854343,0.11849352542493755,0.21893748897982374,2.851093615984767,3.9027987411256926,1.638235093619093,0.021255906657083806,0.11450230432945017,0.21160726968761084,2.9507545139182727,4.052065524773557,1.6718438410963024,0.022013599207854343,0.11849352542493755,0.21893748897982374,2.8301730360263804,3.4871518233494183,2.1973639464822705,0.018862283276716553,0.11437547193751574,0.21066380205431137,2.664562373864056,3.2556827933094112,2.1017309854170727,0.017794803935185385,0.10773796224277214,0.19846035625045813
WBDS04,walkT03,3.0464781221290345,4.142174438324301,2.1283064395175084,0.023977286863862825,0.11983341645460514,0.22287668747453512,3.160408011551279,4.318564198274522,2.1824674139174616,0.024761834667849526,0.12434269272152156,0.23117540839587883,3.0464781221290345,4.142174438324301,2.1283064395175084,0.023977286863862825,0.11983341645460514,0.22287668747453512,3.160408011551279,4.318564198274522,2.1824674139174616,0.024761834667849526,0.12434269272152156,0.23117540839587883,2.8963419979438654,3.8164878767330954,2.1593551282114296,0.020181033687211018,0.11470026080114427,0.21247399147972637,2.6287940170498256,3.478427387515427,1.9443483518533715,0.018532769989876876,0.10416563824035815,0.19295062439057747
WBDS04,walkT04,3.060531708118004,4.32385954980401,2.1042072128283644,0.02322299596081828,0.11952162136593769,0.2206852541491285,3.1038399394686196,4.393862867088698,2.1243577706432673,0.023088977189142778,0.12126176991046371,0.22377435463405265,3.060531708118004,4.32385954980401,2.1042072128283644,0.02322299596081828,0.11952162136593769,0.2206852541491285,3.1038399394686196,4.393862867088698,2.1243577706432673,0.023088977189142778,0.12126176991046371,0.22377435463405265,2.9888111202890575,4.400375969480303,1.8468045337243242,0.021396378749499907,0.11692851977386891,0.21540947657010892,2.823340760697256,4.137591680875618,1.7685161689330757,0.02056225183601199,0.11045018787294701,0.20356624609995358
WBDS04,walkT05,3.3130446035538466,4.756813601219362,2.3262399399750797,0.0261234715744954,0.12654864325856907,0.23430817207707305,3.314636340747083,4.743809296700091,2.342219302044743,0.024815574357290583,0.126868464817838,0.23457846906843255,3.3130446035538466,4.756813601219362,2.3262399399750797,0.0261234715744954,0.12654864325856907,0.23430817207707305,3.314636340747083,4.743809296700091,2.342219302044743,0.024815574357290583,0.126868464817838,0.23457846906843255,3.1309881767506513,4.809901072504666,1.8534547889597308,0.02399090096412801,0.1196299287542165,0.2211148947586882,2.9929825295566004,4.583256479033477,1.7897813200909591,0.023835665853452016,0.11422346949424456,0.21132937942383834
WBDS04,walkT06,3.6330479180689297,5.572376487806401,2.381688433568963,0.02953349297743824,0.13908422398026452,0.25627066840073365,3.7048833942928208,5.712408150745711,2.3990773787577693,0.0281091719430294,0.14224049632690955,0.26149628534695485,3.6330479180689297,5.572376487806401,2.381688433568963,0.02953349297743824,0.13908422398026452,0.25627066840073365,3.704921326244227,5.712491104178317,2.3990773787577693,0.02811010076784784,0.1422417979582121,0.2614988223739157,3.5513592312865416,5.92958556149573,1.762362998665643,0.027653150411210563,0.13607619486002714,0.24991199827792357,3.370629435748631,5.594305919172977,1.7194308218833507,0.027407323050967405,0.12898093159023685,0.23720241033818468
WBDS04,walkT07,3.60473572625809,5.469581106537959,2.5434620076917853,0.03022195712386033,0.13773699974722559,0.25172636788009284,3.8724811210445855,6.049065913730155,2.58251810206775,0.03002052372262488,0.14853333678047637,0.2702973005685174,3.60473572625809,5.469581106537959,2.5434620076917853,0.03022195712386033,0.13773699974722559,0.25172636788009284,3.873013453263671,6.050290484473186,2.58251810206775,0.03003592076954554,0.14855099447560993,0.2703324468539749,3.7889848829693253,6.6959254495230445,1.6137539784195483,0.029735144989013768,0.1451921085454589,0.2631255829348815,3.342839216152978,5.856719825264821,1.5024449287644581,0.028161548129970532,0.12775106921746784,0.23224631389857722
WBDS04,walkT08,3.5856600382293426,5.2810868704839224,2.7224920639235552,0.02856675288016853,0.13730381913875,0.24868311804927604,4.012684930615368,6.26750559124192,2.7759214537317827,0.030149216133399624,0.1539938257963866,0.2778238297476616,3.5856600382293426,5.2810868704839224,2.7224920639235552,0.02856675288016853,0.13730381913875,0.24868311804927604,4.014064235663942,6.270826435609281,2.7759214537317827,0.030175718102373083,0.15404271081697138,0.2779152650628617,3.9966975454736575,7.001236745952443,2.001249127551831,0.029380340692850452,0.15352728494243298,0.2753993159149112,3.4977368879788,6.028698330596824,1.8711041280581326,0.027372694040013124,0.13408992975616968,0.24114853998788194
WBDS06,walkT01,2.1466055652986458,2.3724790713343733,1.902482267792593,0.014413789897210696,0.08401723700958057,0.1556623237778519,2.185596723106843,2.4277323147471646,1.922261940607437,0.014758461358687027,0.08549713587687308,0.15840806039604113,2.1466055652986458,2.3724790713343733,1.902482267792593,0.014413789897210696,0.08401723700958057,0.1556623237778519,2.1856172144372907,2.4277698119387083,1.922261940607437,0.014758580119767752,0.08549793012400934,0.15840950445665494,3.3194721499401227,2.825905080883378,3.7357965103895534,0.020579848408452204,0.1290502412463786,0.2393997901058164,3.271081378529745,2.7554803074603877,3.7025742044928918,0.020206435442213906,0.12719339258645918,0.23596854981417084
WBDS06,walkT02,2.5015136346678677,2.7931140595172335,2.2809232346749573,0.016689340311984158,0.09466734652221884,0.17538086047778484,2.527378721194605,2.825752222340151,2.301358759645508,0.016761066311348514,0.09564091385556742,0.17718233417139942,2.5015136346678677,2.7931140595172335,2.2809232346749573,0.016689340311984158,0.09466734652221884,0.17538086047778484,2.5278598683968343,2.8268122658515393,2.301358759645508,0.016763971540619323,0.09565891579383776,0.17721521366122914,3.80504254234631,3.71195473713712,3.8673611886106913,0.023880702709126612,0.14383785239533714,0.2667841188524964,3.759884802276269,3.6343107994425377,3.8433308247638163,0.023637856521415545,0.14213822399712464,0.26365358324942306
WBDS06,walkT03,2.647926895030318,3.203355157232935,2.2625382764357114,0.01859206108948372,0.09771580638873381,0.18080615385350013,2.7036556205825617,3.2890846534339975,2.2949676879954786,0.018700298780459916,0.09980477361149112,0.18461796374995887,2.647926895030318,3.203355157232935,2.2625382764357114,0.01859206108948372,0.09771580638873381,0.18080615385350013,2.7069708422166046,3.2964860120481063,2.2949676879954786,0.018719689867715182,0.09992778586291001,0.1848413556121893,4.24628965427623,4.904832736187248,3.8107522637825695,0.027741335479692604,0.15657076380385077,0.2900669158315188,4.136741282629043,4.710352390606793,3.76265951534707,0.02721108414411537,0.15250279155167995,0.2826313529314054
WBDS06,walkT04,2.8357818259472873,3.7607362240493045,2.215373896578911,0.02204019825786409,0.10420820014745732,0.19251651453827195,2.923141409657333,3.914917852208342,2.249787904462719,0.022114381245230266,0.10751568551971394,0.19848429329809894,2.8357818259472873,3.7607362240493045,2.215373896578911,0.02204019825786409,0.10420820014745732,0.19251651453827195,2.9251364887662996,3.919306926268948,2.249787904462719,0.022126295557090832,0.10758878275380611,0.19861776210641785,4.674866373120522,6.220324875339143,3.6340315796481497,0.03340160918851119,0.17187292473119756,0.31731220000560983,4.532908850438102,5.9423162898487805,3.600611649398358,0.032825867230778655,0.16659287401811046,0.30771578804599975
WBDS06,walkT05,2.8969420733369677,4.365657894485543,1.8271072869685294,0.024610290684828666,0.10490662163766698,0.19328501065092432,2.939071152380865,4.420801751367161,1.8630918665447929,0.024335038963275577,0.10658279552419547,0.19624235828449196,2.8969420733369677,4.365657894485543,1.8271072869685294,0.024610290684828666,0.10490662163766698,0.19328501065092432,2.9390975989519323,4.420856442509677,1.8630918665447929,0.024335572453715974,0.10658365132435017,0.19624405437477765,4.701398729556496,6.72692233662944,3.3369616442396546,0.03589925413604989,0.17107316803721206,0.3147484941839553,4.6155352264533445,6.567736151062694,3.31044103766902,0.035676327372164154,0.1679042164360526,0.3089973779298403
WBDS06,walkT06,2.913191091101224,4.825673925644118,1.3839878056914827,0.026418503788145854,0.1036174274823908,0.18983513951268716,2.9032746591263114,4.782638584471944,1.4197618519728634,0.025347218579525342,0.10353814261893453,0.18952787109580346,2.913191091101224,4.825673925644118,1.3839878056914827,0.026418503788145854,0.1036174274823908,0.18983513951268716,2.9033683713850658,4.782823599123188,1.4197618519728634,0.025351648165790178,0.10354056434456652,0.18953330845177194,4.529863586535107,7.136355843460054,2.6493085240155256,0.036369714147478874,0.16216722838172556,0.2964125616972231,4.450168590000898,6.995537517943008,2.6208736324880055,0.03636972695128977,0.15921760377204647,0.29110778620287775
WBDS06,walkT07,3.263349892989501,5.41913268105827,1.7251729275317167,0.0296155393170639,0.1156639562009834,0.2108679725237486,3.183676756388655,5.192399506180152,1.799534760488266,0.027137603557840204,0.11340195130280074,0.20635948842825408,3.2633506915641997,5.419137367800545,1.7251690220968474,0.02961554017012479,0.1156639883843376,0.2108680253422206,3.184420536883774,5.193967934622075,1.799534760488266,0.02714745972229323,0.11342749079088568,0.20640668334674234,4.712477031266419,7.625362088840505,2.733938394496908,0.037598782285141574,0.1682730562154044,0.3058053219897052,4.550294058800665,7.339862387054503,2.6660527426056593,0.037333352117152954,0.16228921724892068,0.29517551724721164
WBDS06,walkT08,3.556916583726965,5.721778100231065,2.029804008316382,0.03293633034168179,0.1275395579414283,0.23056083789881945,3.5755363638078403,5.688173353275105,2.114750051903071,0.03078946389547207,0.12873747467345503,0.23255847626717455,3.5570990472978488,5.722157930603999,2.0298047910665153,0.03293713155347094,0.12754615672376565,0.2305728230278747,3.577843670773167,5.693037976167061,2.114750051903071,0.030835823490567876,0.12881320914593516,0.23270240269163964,4.986053515288513,8.14638890350039,2.6894743007452293,0.04078624407368956,0.1793992187725886,0.32427952804773497,4.729986386490923,7.696353767547289,2.5916848300959305,0.04006613755446025,0.17001263661968755,0.3074238400164187
WBDS07,walkT01,1.389111196884906,1.570471799572741,1.195621146652125,0.007969174747368904,0.04817595412798936,0.08680210194731781,1.4811732672171194,1.6920909026534552,1.253097958976962,0.008752237263714642,0.05131110396112742,0.09236001069470907,1.389111196884906,1.570471799572741,1.195621146652125,0.007969174747368904,0.04817595412798936,0.08680210194731781,1.4811732672171194,1.6920909026534552,1.253097958976962,0.008752237263714642,0.05131110396112742,0.09236001069470907,2.0800123704720064,1.8884503828605375,2.243830688195046,0.011926686532526157,0.07155200987332624,0.12855442063697664,1.9203442684913217,1.6821449377584006,2.1183175046288,0.010530178502535247,0.06607962237496236,0.11882950384870579
WBDS07,walkT02,2.5003205694594297,3.0502243798523216,1.9053520835518494,0.017195035251752387,0.08671741159494534,0.15531006842819742,2.5311378450002904,3.096429316491752,1.9169460910346297,0.017434278370064633,0.08775037589720472,0.15719213293221657,2.5003205694594297,3.0502243798523216,1.9053520835518494,0.017195035251752387,0.08671741159494534,0.15531006842819742,2.5311516015973092,3.0964536559078457,1.9169460910346297,0.01743433579588562,0.08775084034651577,0.15719295797232324,3.5204468134371365,3.4171594347871115,3.606788325675995,0.02003406912675365,0.1216822365978585,0.21837955554938543,3.4900593816691883,3.361642244215355,3.5966842578107783,0.019912421936487217,0.12067796016443973,0.21653539754292458
WBDS07,walkT03,2.87809363643804,3.6736136107660555,2.166568052288302,0.021053480514609323,0.09793846048605646,0.1751416058546828,3.001026126031006,3.8689119840073607,2.2136012070595195,0.021897328334626032,0.10200823341373393,0.18249520176788447,2.87809363643804,3.6736136107660555,2.166568052288302,0.021053480514609323,0.09793846048605646,0.1751416058546828,3.001035828516182,3.8689304381448286,2.2136012070595195,0.021897375886743578,0.10200855929229595,0.18249577492424515,3.8428523936557557,4.184012636593441,3.5890949767493967,0.023234238867576945,0.13058256849801386,0.23387114177016977,3.7339021575826945,4.059574071811019,3.492001902812034,0.02279706887862311,0.1269505820047694,0.2272658676327265
WBDS07,walkT04,3.1108017942362465,4.1031161474335525,2.3888083582800816,0.023553356021174254,0.10454719466907877,0.1859463821467403,3.173064507030802,4.192106617301758,2.430064073772751,0.02400246047518952,0.10653158486459688,0.1896143208456651,3.1108017942362465,4.1031161474335525,2.3888083582800816,0.023553356021174254,0.10454719466907877,0.1859463821467403,3.1745644972640314,4.1952883960379435,2.430064073772751,0.024015383021300036,0.10658094347787304,0.18970166598281668,4.074452736731864,5.083740805070168,3.3873426854898203,0.027408245834857424,0.13660064490305268,0.24268811632380446,3.9732169695488118,4.9348053675312515,3.3219155747537026,0.027127749907125683,0.13333559444177667,0.2366516172149352
WBDS07,walkT05,3.5913657586911722,4.506624253233573,2.945751376976491,0.026987659905307066,0.12008869422407237,0.2132577321362708,3.656382004690889,4.598824464038966,2.9898078022186207,0.027265889771035005,0.12216932751473569,0.21712940643078754,3.5913657586911722,4.506624253233573,2.945751376976491,0.026987659905307066,0.12008869422407237,0.2132577321362708,3.6577553987507936,4.6018336026705,2.9898078022186207,0.027276744318188297,0.1222142140352757,0.2172096138880558,4.753596315640966,6.179078746635737,3.7043930527398836,0.03236542669604591,0.15849233107761926,0.28131491012351034,4.635752287002081,6.00234205691497,3.634819473923004,0.032156117360651874,0.15465902175781365,0.2743029297228402
WBDS07,walkT06,3.6796138834481145,4.595264396038135,3.116193831458216,0.02736602406017529,0.12255334098193234,0.21558928546902545,3.7648740045313196,4.7228353168082675,3.172605289746372,0.027900726919087043,0.12518594941809794,0.22055345783745825,3.6796138834481145,4.595264396038135,3.116193831458216,0.02736602406017529,0.12255334098193234,0.21558928546902545,3.7661892690886094,4.725958123358666,3.172605289746372,0.027923450946320857,0.12522859357013874,0.22062826346265538,4.363764298489805,6.235689422307159,3.0026375295257153,0.03020178249113109,0.14446177993327056,0.25413292791156156,4.225547753395059,6.005924035486207,2.941102042718878,0.029955282480355474,0.14011015512842945,0.24606748546555576
WBDS07,walkT07,4.135163553027254,5.560576636293579,3.312302493491915,0.031127057622121628,0.13665979319566995,0.23931704689062105,4.139957903942387,5.510319281871238,3.357875643008287,0.030109021201852385,0.1365626067471868,0.2397633516923324,4.135163553027254,5.560576636293579,3.312302493491915,0.031127057622121628,0.13665979319566995,0.23931704689062105,4.140335512968091,5.511242753871383,3.357875643008287,0.03011134314111749,0.1365748784130585,0.23978463446204623,4.399962578272629,6.953168312021711,2.5507580102900818,0.03239658426460074,0.14472024366952682,0.2532422543424814,4.300758084962297,6.766712788284411,2.528795772568057,0.032522386636592245,0.14172192153177365,0.24749661851219426
WBDS07,walkT08,4.911122159758629,5.980482657152648,4.407787365038964,0.035252988228388266,0.16222317471078393,0.2832742327209509,4.92989315691549,5.894899325758243,4.482968808747473,0.034037649360175226,0.16255845142129044,0.2845687627498999,4.911122159758629,5.980482657152648,4.407787365038964,0.035252988228388266,0.16222317471078393,0.2832742327209509,4.932157319211333,5.901492451444998,4.482968808747473,0.03407284003001322,0.16262930504548886,0.2846937906138568,4.278936976836272,7.244966139964637,2.1317008170851257,0.032490152288822266,0.14025355834916564,0.24456937661931608,4.1742283104775595,7.070247547098729,2.076014030115203,0.032652164642332844,0.1371493446285527,0.2385220343497186
WBDS08,walkT01,2.146208617394331,2.507033979606107,1.7390952745411408,0.012734219635353297,0.08595034324285428,0.16846153051873866,2.1800110028553896,2.5489739506820825,1.7631473309949155,0.01301504550492078,0.08725316804666165,0.17101027076268074,2.146208617394331,2.507033979606107,1.7390952745411408,0.012734219635353297,0.08595034324285428,0.16846153051873866,2.1800110028553896,2.5489739506820825,1.7631473309949155,0.01301504550492078,0.08725316804666165,0.17101027076268074,2.5359631489930266,2.610258935968311,2.4639220621998166,0.01465879372379503,0.1012245546721314,0.1985526688783862,2.486215879533791,2.5419060921886847,2.4325852375650374,0.014286116172079163,0.09929444134318463,0.19476549650404054
WBDS08,walkT02,2.4866644178920154,2.95771902487698,2.0614540224464055,0.015136608948734538,0.09666894662170863,0.18956416065346876,2.6271796660831406,3.201676236364053,2.0921107323547545,0.016247356725323802,0.10199939379141179,0.2000137399977356,2.486664417892015,2.9577190248769787,2.061454022446405,0.01513660894873453,0.09666894662170859,0.18956416065346868,2.627921031898677,3.2030911932371446,2.0921107323547545,0.01626318430277134,0.10202799160754324,0.20007017976257407,2.9697343637158626,3.2556239051357094,2.7344547028555053,0.01667489078025385,0.11545896615922106,0.2263452106697782,2.8521675324598723,3.0795208409094252,2.66794297910329,0.01597971267366507,0.11095968499063573,0.21754310530208196
WBDS08,walkT03,2.6255410316290106,3.2562345388646756,2.1430025339939833,0.016144221072625486,0.10062313873704244,0.19667324015072468,2.697672478472063,3.376758143325704,2.172263079235102,0.016556324517910156,0.10330636915519016,0.2019037283375903,2.6255410316290106,3.2562345388646756,2.1430025339939833,0.016144221072625486,0.10062313873704244,0.19667324015072468,2.697672478472063,3.376758143325704,2.172263079235102,0.016556324517910156,0.10330636915519016,0.2019037283375903,3.2018919757363173,3.7383274919789327,2.818298314300859,0.01838196742735057,0.12257614760152544,0.2397040141004039,3.090915376210141,3.5558150926012138,2.763519437522366,0.017788434100000892,0.11841741089447921,0.2315953968589121
WBDS08,walkT04,2.2604722408248294,2.6828747172129437,1.9915474579193184,0.014258909879896203,0.08488658735648323,0.165227049907903,2.36256538501821,2.8918681609169057,2.0146177370996434,0.014549023444417655,0.08866959510135992,0.1724888822972373,2.2604722408248294,2.6828747172129437,1.9915474579193184,0.014258909879896203,0.08488658735648323,0.165227049907903,2.36256538501821,2.8918681609169057,2.0146177370996434,0.014549023444417655,0.08866959510135992,0.1724888822972373,2.735749033321175,3.7669232368534895,1.9525175128882148,0.01644605487127397,0.10236053200073425,0.19901672749796934,2.59375379513313,3.506587391536393,1.9178345343108432,0.015805890657361984,0.09711689068568424,0.18887898022047403
WBDS08,walkT05,2.350594093201844,3.1260091694806746,1.8350745463596398,0.0158748713720321,0.08692906446965838,0.16869922127281511,2.500871294532128,3.4292573071040144,1.8592849573799923,0.01615656576005223,0.09248091354574385,0.17920420924693647,2.350594093201844,3.1260091694806746,1.8350745463596398,0.0158748713720321,0.08692906446965838,0.16869922127281511,2.500871294532128,3.4292573071040144,1.8592849573799923,0.01615656576005223,0.09248091354574385,0.17920420924693647,2.8245481309837794,4.25726591808714,1.6800553298415284,0.017640476677816826,0.10424170548932854,0.20147793851401752,2.635598719130934,3.906788653836237,1.6494117112351485,0.016960716559775747,0.09731345582803569,0.18822679102801915
WBDS08,walkT06,2.5704612679160004,3.7494811392490583,1.7985771563238269,0.018656646462708867,0.09424921397849885,0.18218581407151813,2.7972670365343855,4.2146714046408205,1.823879328294614,0.019114906074324773,0.10265882260876229,0.19780953033798462,2.5704612679160004,3.7494811392490583,1.7985771563238269,0.018656646462708867,0.09424921397849885,0.18218581407151813,2.7971930588719163,4.214513820636145,1.823879328294614,0.019114619481582537,0.10265603804861138,0.19780436796586567,3.0057499651960287,5.014938187249728,1.3194821175376017,0.01980420090252466,0.11009899096710549,0.2111468679870064,2.7289446913954634,4.514658265576999,1.2621030271720006,0.018740993862937757,0.09992589035516303,0.1918893720036748
WBDS08,walkT07,2.9618993450205586,4.751759508091058,1.758824290252597,0.02340304951668446,0.10818722062620334,0.2071758421789855,3.222384666341643,5.274132314575162,1.7923863071043462,0.023389171700780923,0.11785021134822651,0.22485475959266493,2.9618993450205586,4.751759508091058,1.758824290252597,0.02340304951668446,0.10818722062620334,0.2071758421789855,3.2225997561257667,5.274583191518661,1.7923863071043462,0.023396111224710747,0.11785697105889426,0.224869115965469,3.6165735859447747,5.997478968912272,1.9140321094798094,0.02566426290760751,0.1320907027041641,0.25184942513898023,3.3542285849744453,5.492499835979062,1.8626000164142098,0.024836196468494595,0.12251891084011368,0.2339878053058266
WBDS08,walkT08,3.299648072541819,5.215682844463133,2.108279334943716,0.026685725959396743,0.11981137511430413,0.22777578199479864,3.6201332963194073,5.8647751709576665,2.167520807540497,0.026455973025867534,0.13205690616459922,0.24919210918825496,3.299648072541819,5.215682844463133,2.108279334943716,0.026685725959396743,0.11981137511430413,0.22777578199479864,3.6199717379362832,5.864422903328713,2.167520807540497,0.02646749140760286,0.1320483134712706,0.24918045987140622,4.024308864794022,6.850945118437188,2.0139766955768694,0.029782679822276278,0.14649641815393832,0.27549844365460296,3.626152045391204,6.1191841614933855,1.8854819605741662,0.028344105553644083,0.13174341490656055,0.24858315573412315
WBDS09,walkT01,2.328993287533852,2.792506207423923,1.7509681075017358,0.01511845349784857,0.08505022766468656,0.15667972196444285,2.4622831489230874,2.990788568925731,1.7887849733707748,0.016044164049088285,0.08991346422401159,0.1655646408264516,2.328993287533852,2.792506207423923,1.7509681075017358,0.01511845349784857,0.08505022766468656,0.15667972196444285,2.4622831489230874,2.990788568925731,1.7887849733707748,0.016044164049088285,0.08991346422401159,0.1655646408264516,3.7807205773957513,3.660162775364799,3.896796688395166,0.023314571285482543,0.13714154394578498,0.2539392055768347,3.69675067501387,3.5562309106322494,3.8312494117868687,0.02276465771613014,0.1340992133149024,0.24833457810369072
WBDS09,walkT02,2.660007388212621,3.583369013426542,1.6829258296300733,0.019430680992287237,0.09636123188472187,0.17764072277466816,2.7527664354370645,3.7212419850538208,1.7212165954177086,0.020010346699605584,0.099794355363523,0.18385321171158855,2.660007388212621,3.583369013426542,1.6829258296300733,0.019430680992287237,0.09636123188472187,0.17764072277466816,2.7527664354370645,3.7212419850538208,1.7212165954177086,0.020010346699605584,0.099794355363523,0.18385321171158855,4.45297329451429,4.753232768469067,4.218325827225295,0.029515570543231555,0.16157910766952038,0.29844456253735796,4.355838605180451,4.630017661235769,4.142443109312207,0.02891180080306071,0.15801402217527813,0.2919407484694869
WBDS09,walkT03,2.7127235284725626,3.773829183255883,1.7399360883123776,0.020665769729707857,0.09626455573981134,0.1769299764839691,2.884145564698138,3.995160108170123,1.8730913561124907,0.021823198280252875,0.10234723113695748,0.18808917199542075,2.7127235284725626,3.773829183255883,1.7399360883123776,0.020665769729707857,0.09626455573981134,0.1769299764839691,2.884145564698138,3.995160108170123,1.8730913561124907,0.021823198280252875,0.10234723113695748,0.18808917199542075,4.601825593587563,5.213096334852118,4.17147509063453,0.031394757315798286,0.16369113817434186,0.3013903678602142,4.366529624816093,4.965301500933684,3.9433770487332422,0.029888088421808505,0.15533871143525274,0.2859941288374576
WBDS09,walkT04,2.797743914462858,4.002149499375083,1.784977664022005,0.02149865822064109,0.09948332577580812,0.1818546371870373,2.918207822364595,4.200672397605111,1.8281341042854078,0.02213432472042524,0.10387821385057466,0.18971179651331257,2.797743914462858,4.002149499375083,1.784977664022005,0.02149865822064109,0.09948332577580812,0.1818546371870373,2.918207822364595,4.200672397605111,1.8281341042854078,0.02213432472042524,0.10387821385057466,0.18971179651331257,4.251386208679853,5.372016083795167,3.4587241515123552,0.03020950529913934,0.1514408575970967,0.2773664664621114,4.126082773916191,5.1627044583038355,3.4011425182071577,0.029490669515837162,0.14691026173637994,0.26920724838360943
WBDS09,walkT05,2.983380504717413,4.5865635330750125,1.5433317249221872,0.02492648127582136,0.10321653297550513,0.18921682905154402,3.097807086980082,4.780037748946453,1.5741958108206666,0.025123994627304302,0.10741469284098751,0.1965449402051572,2.983380504717413,4.5865635330750125,1.5433317249221872,0.02492648127582136,0.10321653297550513,0.18921682905154402,3.097807086980082,4.780037748946453,1.5741958108206666,0.025123994627304302,0.10741469284098751,0.1965449402051572,4.309797057296017,6.0089453254593606,3.0260047381758697,0.032604108518764795,0.15001240035569394,0.274770686285368,4.19004985282195,5.78467592743216,3.002141594432371,0.032025549431642535,0.14575894733832997,0.2671772843253335
WBDS09,walkT06,3.216547814250747,5.149384010036892,1.5749481404053034,0.027713842486699253,0.11085027357392468,0.20231313338664023,3.3650185055818778,5.404382757540048,1.6198334088233155,0.027862045835355793,0.11630668855566305,0.21175342883825815,3.216547814250747,5.149384010036892,1.5749481404053034,0.027713842486699253,0.11085027357392468,0.20231313338664023,3.3650185055818778,5.404382757540048,1.6198334088233155,0.027862045835355793,0.11630668855566305,0.21175342883825815,4.436560190804248,6.723984239736622,2.695328732304479,0.03508071921322365,0.1538526574853842,0.2800367770274856,4.251717284613888,6.384577154316977,2.653650754806483,0.034232332842662694,0.1473101877706021,0.268434788831271
WBDS09,walkT07,3.7890479877596293,6.073062746453888,1.9549781594920979,0.033925858125492536,0.13030906768281927,0.23719676825181718,3.9063309380879523,6.259413751542454,2.0178564827157426,0.033266704618640876,0.13493243081593018,0.24482460273116383,3.7890479877596293,6.073062746453888,1.9549781594920979,0.033925858125492536,0.13030906768281927,0.23719676825181718,3.9062959446415446,6.259345219277088,2.0178564827157426,0.033266568715050425,0.13493114849613022,0.2448223871525975,4.76465581784798,7.371314622709986,2.8118853089977525,0.03891229373822994,0.16509972280769794,0.29929860966613103,4.572801532456942,7.036992598939829,2.7441429314844537,0.038207343924669526,0.15820498919073575,0.2872348121110988
WBDS09,walkT08,4.436193957138265,7.065616291437172,2.515142266435446,0.042053862525453796,0.1519383862938765,0.2750495010730828,4.561609839452938,7.260406359361253,2.5923939868709374,0.040814343068364616,0.15682643001510022,0.2830890617243736,4.436193957138265,7.065616291437172,2.515142266435446,0.042053862525453796,0.1519383862938765,0.2750495010730828,4.561596155656309,7.260378291249504,2.5923939868709374,0.04081429292426693,0.15682593754828036,0.2830881878318246,5.233289417144636,8.072372523463251,3.2722077129872837,0.043644136728524574,0.18042807809879352,0.3256653856407127,4.960389484908023,7.562076751284184,3.19686367696962,0.04281313846211458,0.17079833119206914,0.3088029214549159
WBDS11,walkT01,2.342074863018497,2.7848329567394288,1.7989249241226928,0.013358622091937021,0.09857420352014923,0.18403930007266922,2.5154971165040436,3.0244609597368624,1.879872115668216,0.01456325567119305,0.10556419803952359,0.1972501628244606,2.342074863018497,2.7848329567394288,1.7989249241226928,0.013358622091937021,0.09857420352014923,0.18403930007266922,2.5154971165040436,3.0244609597368624,1.879872115668216,0.01456325567119305,0.10556419803952359,0.1972501628244606,3.5199857182417995,3.3218366505846397,3.7058845217964658,0.018599651996722616,0.1459606296813985,0.27487047127911485,3.261987799210611,3.0236314669227173,3.4821050842958337,0.01687491901365907,0.1355845592904476,0.2550726052712798
WBDS11,walkT02,2.2801895992207766,2.839213266239559,1.7793584167198868,0.013440470864953325,0.09470931842125205,0.17587773850299826,2.361344743248398,2.9689150846038923,1.8097583231557517,0.013795027701799438,0.09801139818742284,0.18189192818595815,2.2801895992207766,2.839213266239559,1.7793584167198868,0.013440470864953325,0.09470931842125205,0.17587773850299826,2.361344743248398,2.9689150846038923,1.8097583231557517,0.013795027701799438,0.09801139818742284,0.18189192818595815,3.2036552885360856,3.3221587843727556,3.1167308715685293,0.017367134395441616,0.13120882958343447,0.24549975360384965,3.1115781223488677,3.194334995476079,3.05142205777067,0.016857012770515892,0.1274812383133686,0.23860645092821048
WBDS11,walkT03,2.9076200706400686,3.971936737004116,1.9014700390051915,0.019336885559989553,0.1176184912123166,0.21934125367734045,2.989630092134026,4.090850314008491,1.945567018551597,0.01964140620820751,0.12096416088412841,0.22544565515534323,2.9076200706400686,3.971936737004116,1.9014700390051915,0.019336885559989553,0.1176184912123166,0.21934125367734045,2.989630092134026,4.090850314008491,1.945567018551597,0.01964140620820751,0.12096416088412841,0.22544565515534323,3.89529145742623,4.420994125829295,3.5048804030559566,0.02221644578674463,0.15691507364675178,0.2938455411101002,3.7838075115192704,4.262069821333709,3.431365944416945,0.021741158874623166,0.1523891732075795,0.2855192236473269
WBDS11,walkT04,3.1641751368358224,4.700901599234206,1.8678953345057956,0.02150227581663655,0.12649413513452054,0.23396549166942004,3.2629097874833812,4.87861134021823,1.8834350657981884,0.02173717232391198,0.13057136567738836,0.24123637622105495,3.1641751368358224,4.700901599234206,1.8678953345057956,0.02150227581663655,0.12649413513452054,0.23396549166942004,3.262914512164967,4.878620355290373,1.8834350657981884,0.02173720700983396,0.1305715425500195,0.24123671795000998,4.205651353230727,5.428424753534422,3.3659730576633486,0.025563044158712956,0.16771358433024722,0.31148673703158086,4.112018200863122,5.239809668326414,3.3491208440095406,0.02526662004546309,0.16385673805463555,0.3045976166905769
WBDS11,walkT05,2.89236863303886,4.441048032133115,1.6695306833314554,0.021534257251618286,0.11504639566599553,0.21200092819845526,3.036960105808265,4.709332253065317,1.6911406220362981,0.021747884225657925,0.12092084439782347,0.22252215777203735,2.89236863303886,4.441048032133115,1.6695306833314554,0.021534257251618286,0.11504639566599553,0.21200092819845526,3.036960105808265,4.709332253065317,1.6911406220362981,0.021747884225657925,0.12092084439782347,0.22252215777203735,3.8321840961315337,5.302913269401328,2.8436622349888476,0.02672957058441758,0.15162248626407926,0.2804222379540852,3.6922978746286006,5.010313822581604,2.828261240384076,0.026369535707618155,0.14594628119700928,0.2702401819438257
WBDS11,walkT06,3.209240990173743,4.815821739288036,2.05979882105663,0.02122209803798722,0.1260380580507244,0.23152830188488013,3.408327993901161,5.213345364381454,2.0751649221672395,0.021285963378621004,0.13391571394345383,0.24561755406974028,3.209240990173743,4.815821739288036,2.05979882105663,0.02122209803798722,0.1260380580507244,0.23152830188488013,3.4085917356871844,5.213884843055787,2.0751649221672395,0.021286753337797396,0.133926024958074,0.2456364154685222,4.182304796217797,5.996060243437203,2.9697763693741086,0.025789129777500912,0.163630480037274,0.3010148873803376,4.02045970925252,5.655600378914648,2.9549669240691174,0.02542858294536082,0.15724356610069573,0.2895629641999851
WBDS11,walkT07,3.33172549723734,5.383274586869197,1.8955739827554852,0.023415935453228558,0.13047155030971294,0.23811052129772317,3.549694773141831,5.809374331998152,1.9288436145133896,0.022642092105806696,0.13909626610105003,0.2534063591277482,3.33172549723734,5.383274586869197,1.8955739827554852,0.023415935453228558,0.13047155030971294,0.23811052129772317,3.5502409486893014,5.8105028522833155,1.9288436145133896,0.02264377965651016,0.13911732601715307,0.25344451530073714,4.23744788204886,6.458737142809494,2.8248590463522008,0.026714852681096427,0.16527167623378644,0.30195660749663367,3.9830438287196457,5.972521233536533,2.7474130639422256,0.026141367502607583,0.15532384412427944,0.28418063009942496
WBDS11,walkT08,3.9229003879055773,6.315822343014482,2.431978931074101,0.03038064038642174,0.15383164103863556,0.28009750754093904,4.160606279057931,6.794895327930526,2.4799495586588565,0.029618004117130673,0.16337506091341786,0.29671774684644586,3.9229003879055773,6.315822343014482,2.431978931074101,0.03038064038642174,0.15383164103863556,0.28009750754093904,4.161783120888696,6.797479190106942,2.4799495586588565,0.029619847736908796,0.1634215005392238,0.2968006309452611,4.355557532130672,7.002935793076029,2.709679024944753,0.029759160946484155,0.17091199685608363,0.3104375545713399,4.0123244136956435,6.331977526557487,2.611420331362579,0.028612671675864447,0.15743546846233122,0.2864931911197841
WBDS12,walkT01,1.063540248465681,1.2695977723128566,0.8804519384125591,0.005148447543676792,0.033894199654082226,0.06466936023880702,1.2322714529804717,1.4910548296368091,0.998370247890173,0.0059026495981501625,0.038952176211470256,0.07430106566045208,1.063540248465681,1.2695977723128566,0.8804519384125591,0.005148447543676792,0.033894199654082226,0.06466936023880702,1.2322714529804717,1.4910548296368091,0.998370247890173,0.0059026495981501625,0.038952176211470256,0.07430106566045208,1.4840102981879155,1.8580536440817959,1.129962547369794,0.007302713982721323,0.046547283492257556,0.08856884297466731,1.1547983005106386,1.5874483858945534,0.674688970886094,0.005938082115820172,0.03660066704904825,0.06946031079436617
WBDS12,walkT02,1.4325613690906338,1.6611020485485128,1.2813282680816414,0.007025773510538806,0.0446386387419421,0.08523669200421177,1.5047793414764603,1.7952014457815642,1.3069111270957041,0.007443648729222815,0.04677532975695224,0.08926169715851125,1.4325613690906338,1.6611020485485128,1.2813282680816414,0.007025773510538806,0.0446386387419421,0.08523669200421177,1.5047793414764603,1.7952014457815642,1.3069111270957041,0.007443648729222815,0.04677532975695224,0.08926169715851125,1.8185533285242448,2.022279226178413,1.689055364525707,0.009058938970674866,0.05612675071063806,0.10693599045700347,1.6574684980306666,1.6933152267386316,1.6362992506695668,0.00770550208586175,0.05126409447880085,0.09788252338745344
WBDS12,walkT03,1.4004514348470103,1.5836909182383438,1.296717684028232,0.007124470672332487,0.04341900737280873,0.08283395779983037,1.686490959160992,2.06954613339306,1.4519218592131293,0.008196572741421888,0.05201160776254937,0.09919710201476349,1.4004514348470103,1.5836909182383438,1.296717684028232,0.007124470672332487,0.04341900737280873,0.08283395779983037,1.686490959160992,2.06954613339306,1.4519218592131293,0.008196572741421888,0.05201160776254937,0.09919710201476349,1.5758034270282646,1.8706693714725688,1.4011329170009232,0.008071935874544906,0.048711510295564996,0.09283670707182418,0.909633723060447,1.2230394578730068,0.6967335220372921,0.004906363508357927,0.02850408227798283,0.054277473957065815
WBDS12,walkT04,1.65012869536656,2.195509455303856,1.2919761447139912,0.009885154619538752,0.05023513391881261,0.09523169157217472,1.8269480451710338,2.377940466844377,1.4743559639437052,0.01029790156106017,0.055545369477316954,0.10549515061780682,1.65012869536656,2.195509455303856,1.2919761447139912,0.009885154619538752,0.05023513391881261,0.09523169157217472,1.8269480451710338,2.377940466844377,1.4743559639437052,0.01029790156106017,0.055545369477316954,0.10549515061780682,2.0799446720735393,2.8001653874466945,1.6001007366331932,0.011333220954960914,0.06300372953607061,0.11985938413866604,1.447571338045287,2.1648470986620274,0.8908810655225526,0.008627293490708258,0.04385605475127679,0.08315158727848883
WBDS12,walkT05,1.9276894070172228,2.801315713860465,1.326568417640284,0.01191948123647429,0.05884109912128314,0.11121649153597422,1.9198180837482561,2.665274093995599,1.4378079992224992,0.0107368742404559,0.058660171573154056,0.11102436603654305,1.9276894070172228,2.801315713860465,1.326568417640284,0.01191948123647429,0.05884109912128314,0.11121649153597422,1.9198180837482561,2.665274093995599,1.4378079992224992,0.0107368742404559,0.058660171573154056,0.11102436603654305,2.206512797755249,3.2954153024672204,1.425461624947163,0.012074535859974849,0.06705353241915668,0.12691613509455138,1.9135291949693498,3.0006208689889324,1.0640038047881326,0.011189858248100211,0.05819562734631902,0.10991684592216086
WBDS12,walkT06,2.569411523340822,3.8770587886549754,1.6720853065817156,0.016621901404007152,0.0774294381970214,0.14599930516847898,2.4984101206035216,3.6223653932787423,1.7708684084836352,0.014770665913119142,0.07535891289721006,0.14228183555944754,2.569411523340822,3.8770587886549754,1.6720853065817156,0.016621901404007152,0.0774294381970214,0.14599930516847898,2.4984101206035216,3.6223653932787423,1.7708684084836352,0.014770665913119142,0.07535891289721006,0.14228183555944754,2.5176055984084798,3.936060315182893,1.484994911553929,0.014881675314062611,0.07568124381221435,0.1426951623124415,2.3231427722441085,3.7189564772832555,1.2606383648903825,0.014457426224069793,0.06988809352655641,0.13153179107038396
WBDS12,walkT07,3.056415429487703,4.8180347251608495,1.9220065769643973,0.020012331397947714,0.09085465828452562,0.17112881663581178,2.9081960271158045,4.394031886703487,2.01005497379337,0.017392521529125418,0.08657305475389014,0.16331481483727672,3.056415429487703,4.8180347251608495,1.9220065769643973,0.020012331397947714,0.09085465828452562,0.17112881663581178,2.9081356163893304,4.393893695349672,2.01005497379337,0.01739349098617846,0.08657125368454407,0.16331126712615948,2.737135196816941,4.607619698418047,1.377936110197394,0.01696673418327494,0.08116616425756926,0.15302422435059046,2.5590591097625413,4.334155482869337,1.251854139734263,0.016284285631658867,0.0760841728254529,0.14319523958959252
WBDS12,walkT08,3.547919616205455,5.34103635620064,2.565752998836461,0.022960054042379944,0.1059410826867964,0.19898311979955516,3.377147763753408,4.766808170837258,2.672371511440119,0.019452877596222516,0.10115941203271786,0.19016052987150775,3.547919616205455,5.34103635620064,2.565752998836461,0.022960054042379944,0.1059410826867964,0.19898311979955516,3.37678398244454,4.765866275949554,2.672371511440119,0.019454121884093855,0.10114824034374693,0.1901395249247166,3.011813573846299,4.789684762847675,1.9610659948046514,0.01858094197354504,0.0902204125712038,0.1696677249734982,2.795768735205355,4.421378310273862,1.8429458535023324,0.01743779742479272,0.08414060670185934,0.15809860819539762
WBDS13,walkT01,3.13299707959271,3.181094465325315,3.091595311292903,0.016939950609993027,0.11340903727663736,0.20042238134125032,3.1542082034735115,3.2214021653376155,3.09604452016999,0.017056917735033886,0.11417550830229477,0.20177630823529946,3.13299707959271,3.181094465325315,3.091595311292903,0.016939950609993027,0.11340903727663736,0.20042238134125032,3.155831694530969,3.2248640827149013,3.09604452016999,0.01706483291147997,0.1142340190945539,0.20188052438945156,5.386836761028376,4.4782772757029425,6.051772554992294,0.02876395393305804,0.19497202372228503,0.3442010647713361,5.369112896751429,4.445861603545964,6.042931665414817,0.02866733088539514,0.19433906407765963,0.3430818834799183
WBDS13,walkT02,3.3175701788213825,3.8988685746107627,2.8697385264292277,0.019648215723466537,0.11852454913463721,0.20905314398307737,3.3428438085031495,3.948262620014456,2.8738298181703845,0.01982047112861453,0.11941854671610702,0.21063974868444588,3.3175701788213825,3.8988685746107627,2.8697385264292277,0.019648215723466537,0.11852454913463721,0.20905314398307737,3.344485403830902,3.9517559828065716,2.8738298181703845,0.0198287411814056,0.11947698256325313,0.21074294446077094,5.72253195871802,5.2887351871732395,5.991870188956455,0.03187694360698018,0.20442724693812822,0.360347852196409,5.701830045707852,5.2423749821067585,5.986006217950516,0.03176782309022685,0.20370500073999206,0.35906384136861424
WBDS13,walkT03,3.614947749782854,4.6460081137706855,2.9437545115578505,0.023240652281947417,0.1271525159824571,0.2242602934213824,3.6336520106162205,4.672473701048299,2.9570054766081446,0.02347668613982639,0.12780483331189813,0.22539767242160375,3.614947749782854,4.6460081137706855,2.9437545115578505,0.023240652281947417,0.1271525159824571,0.2242602934213824,3.635914469736212,4.677636194387552,2.9570054766081446,0.023494363546657144,0.12788349522305423,0.22553460071032713,5.761158192574646,5.80343334116578,5.739186897171235,0.033964304827235114,0.203161364559474,0.35775756445754187,5.723151477378168,5.732134477129268,5.718503226283269,0.03378725621529494,0.2018575759322832,0.355427610106985
WBDS13,walkT04,3.656523915902044,4.225245282978073,3.322257332294504,0.023418692465059662,0.1269925134933962,0.22316008617068694,3.7396637836543767,4.349070030677611,3.3793185166579844,0.023878095117988666,0.12986908492762156,0.22822819630084723,3.656523915902044,4.225245282978073,3.322257332294504,0.023418692465059662,0.1269925134933962,0.22316008617068694,3.740861597057885,4.352078581569378,3.3793185166579844,0.023884766527597745,0.1299097306400591,0.22829910277346066,6.21896123722316,6.571755357921849,6.027197887787681,0.03678779877401322,0.2160016032530318,0.3798220895450144,6.07975469736622,6.378107275489961,5.918540586071345,0.03610649861209499,0.2111723132212516,0.371317131288656
WBDS13,walkT05,3.8014760181796747,4.732310911222939,3.2810969828165146,0.0256389779976884,0.13265061343529475,0.23257796637419872,3.8427303175958256,4.80219551430882,3.304257403157716,0.025839558941313224,0.13406342532496549,0.23508671793929808,3.8014760181796747,4.732310911222939,3.2810969828165146,0.0256389779976884,0.13265061343529475,0.23257796637419872,3.844907037365344,4.807689848090545,3.304257403157716,0.025854344744055607,0.13413743222980054,0.2352153915408576,6.422195690527821,7.402616008532216,5.912342630420541,0.03992035342919935,0.2241301611749243,0.3934077798875431,6.376106613584674,7.303982886890298,5.89620865101846,0.039786218634860614,0.2225720002153671,0.3906437928121989
WBDS13,walkT06,4.1073617486128775,5.010177738774924,3.583580962105092,0.0281900883517396,0.14274920397596466,0.24977624208268276,4.1726747724598905,5.130888931996577,3.612260540189818,0.02827237191967767,0.14498245821904082,0.25374685377881073,4.10736174856802,5.010177738719154,3.583580962066676,0.02819008835127684,0.14274920397442292,0.249776242079992,4.1744652409833485,5.135319399643878,3.612260540189818,0.02828765607651756,0.14504335379374111,0.2538520868511815,6.629510264178522,8.023016254852939,5.827342373941644,0.0428031175250481,0.2301448709068621,0.40307125390323667,6.5334248858099135,7.798581948447294,5.814805424719669,0.042534259840661,0.22690551268815604,0.39734730100743293
WBDS13,walkT07,4.303814312595535,5.072167870524129,3.898402551261326,0.02916304665464239,0.14981461163320042,0.26132257598018355,4.377308303215475,5.1998661955455985,3.940124265293619,0.02887242747431437,0.15234819054833615,0.2658080058074277,4.303814312568986,5.072167870543477,3.8984025512068654,0.029163046654629165,0.14981461163223173,0.2613225759784713,4.378264545831129,5.202414772913567,3.940124265293619,0.028879338789101244,0.15238094681689474,0.2658636860909168,6.72018283993325,8.505299956148317,5.710986881519466,0.043730528039564655,0.2330893696891759,0.4068251694200197,6.600690432025118,8.240091201770557,5.686722023716772,0.04344837161532579,0.22908669551608515,0.3997733162956048
WBDS13,walkT08,4.564611519982163,5.211546834442976,4.244002648560111,0.030221986469627617,0.1569271329423366,0.27283971313913047,4.71597599178073,5.5261788326300785,4.305228810054262,0.02965434365903096,0.16199254567197136,0.28175939643167514,4.56461151995046,5.211546834460021,4.24400264850144,0.03022198646960977,0.15692713294120908,0.27283971313714933,4.7162214008347565,5.526857249018926,4.305228810054262,0.02965668862432896,0.16200083076751895,0.2817735106908503,7.100459192825956,9.243036070814393,5.897471528510193,0.04547912929436082,0.24259562956018282,0.42220634528183326,6.8871481122778775,8.77940479637877,5.8476714627521655,0.044947216489593066,0.2355930208497896,0.40993695142884873
WBDS14,walkT01,2.4505095633059133,2.627433382010374,2.194819414602861,0.010272940110613847,0.08109748404458882,0.14646688750250283,2.5102097144818916,2.704894534975883,2.2268468980872536,0.010569145102613935,0.08306247136021774,0.150016854170547,2.4505095633059133,2.627433382010374,2.194819414602861,0.010272940110613847,0.08109748404458882,0.14646688750250283,2.5102097144818916,2.704894534975883,2.2268468980872536,0.010569145102613935,0.08306247136021774,0.150016854170547,4.477588035853304,3.8571224218329236,5.1851498495604025,0.018286510625211756,0.14787026454103291,0.2674883242864722,4.413528782472393,3.7826884320007497,5.129818237491734,0.017999957766387527,0.14575804419299399,0.26368066753133385
WBDS14,walkT02,2.4543342212641415,2.6522363208041466,2.2507791224323737,0.011203249057704787,0.0798616604260966,0.14391009577078567,2.505126784026208,2.7371655377404953,2.2633735577526006,0.011437763732109701,0.08150409926133005,0.14686137800153212,2.4543342212641415,2.6522363208041466,2.2507791224323737,0.011203249057704787,0.0798616604260966,0.14391009577078567,2.5052860491661155,2.737465101898613,2.2633735577526006,0.011438281177248284,0.08150941526875473,0.1468708763284029,4.537092965730019,4.063373756247239,4.944325115110889,0.01911186716194343,0.14745694985297916,0.26630809937048067,4.5048780975084,4.012461224721178,4.926324302931995,0.018931727548180195,0.14642289743521872,0.2644550565273345
WBDS14,walkT03,2.3123560114282053,2.7674584850320265,1.907159594605075,0.01129883461740161,0.07371485481748102,0.13288058573521294,2.434459393114466,2.9322541943196136,1.9876750133083572,0.01188792891944036,0.07757460096330104,0.13982793486361889,2.3123560114282053,2.7674584850320265,1.907159594605075,0.01129883461740161,0.07371485481748102,0.13288058573521294,2.434459393114466,2.9322541943196136,1.9876750133083572,0.01188792891944036,0.07757460096330104,0.13982793486361889,4.3178540460693275,4.409730237603315,4.248628619564674,0.01880047412356416,0.13772051746262026,0.24849947719034826,4.176649377395258,4.256107692472773,4.1168991315816434,0.01818579863124787,0.13322894943027522,0.24039998332895182
WBDS14,walkT04,2.757323086082578,3.671532377662882,1.9426802506989795,0.014555906707808906,0.08646464744266885,0.15512545526972454,2.834292214652026,3.7818686170925404,1.9872136140067247,0.014773157592900816,0.08889411559994068,0.15947862636606136,2.757323086082578,3.671532377662882,1.9426802506989795,0.014555906707808906,0.08646464744266885,0.15512545526972454,2.8342967222186064,3.781877180793377,1.9872136140067247,0.014773177512635986,0.08889425293950719,0.15947887438188438,4.907476984522283,5.459457552392513,4.511703074196499,0.022469476553586748,0.1544999124759048,0.2777733569256823,4.820254529116259,5.3330618246644645,4.454538494425803,0.02213376857660607,0.15176869850151659,0.2728805707531079
WBDS14,walkT05,3.0634625219908354,4.364964459884637,2.0009700601875093,0.016642557715851564,0.09570633778125258,0.1703940314737523,3.164363947816741,4.529720480758722,2.0411767396695515,0.016782052351305043,0.09885751484491447,0.17603398245482596,3.0634625219908354,4.364964459884637,2.0009700601875093,0.016642557715851564,0.09570633778125258,0.1703940314737523,3.1644030722805527,4.529796919654111,2.0411767396695515,0.016782261452493778,0.09885874709860251,0.1760361402979854,5.274040803825967,6.226974849483975,4.660013803356069,0.025502024561746276,0.16536633667595316,0.29548652636214023,5.176030445999144,6.048398593759804,4.619687262436096,0.025206555799928344,0.16233062206655638,0.29005636718756267
WBDS14,walkT06,3.6731065743446396,5.532516569064264,2.261559341805521,0.020882147470099026,0.11392457495866189,0.20189941750890317,3.7861942178350154,5.730745936391421,2.297466887751382,0.020897234408953108,0.11736419178644024,0.20816430775581027,3.6731065743446396,5.532516569064264,2.261559341805521,0.020882147470099026,0.11392457495866189,0.20189941750890317,3.7863626009099893,5.731084495734454,2.297466887751382,0.02089760684968137,0.11736945505686552,0.20817383883283122,5.681481357747028,7.08355416928477,4.849763091071485,0.02885680624713125,0.1769135125403132,0.31480460947833905,5.5883596056341895,6.900849291858332,4.817421559939339,0.028599052745975448,0.17408624817329943,0.30971194521454903
WBDS14,walkT07,3.8147649457902366,5.972623713306486,2.207141993930836,0.021410744862190856,0.11655858691138649,0.20434184860494814,4.0276399032391055,6.364482999293404,2.2561393395890668,0.021353283055497742,0.12295108960691654,0.21565667697048838,3.8147649457902366,5.972623713306486,2.207141993930836,0.021410744862190856,0.11655858691138649,0.20434184860494814,4.030139620299439,6.369515508867899,2.2561393395890668,0.021359183515457774,0.12302913349515801,0.21579101908564494,6.257100717039621,8.18381072620802,5.137851393567357,0.031818221873560266,0.19201710746641107,0.33770913661786117,6.146344587947811,7.977061443467495,5.091721084597453,0.03159535639349852,0.18871662839682316,0.3318842258702304
WBDS14,walkT08,4.120351279577864,6.695109247887275,2.326311787864605,0.025071670960071995,0.12726745312895366,0.2214292032910346,4.45375381443149,7.338695094761536,2.3888138847294487,0.02497234240983517,0.13716286777310263,0.23924424069135697,4.120351279577864,6.695109247887275,2.326311787864605,0.025071670960071995,0.12726745312895366,0.2214292032910346,4.45708553877133,7.345584867734455,2.3888138847294487,0.02498395493090887,0.13726457922412683,0.23942184754244047,6.4559322040845215,8.910302649473573,5.100529885697671,0.03428266844360321,0.1995588311270675,0.34901513225479375,6.287048688359444,8.556158707874909,5.053568551394336,0.03392992034831454,0.1945396252434192,0.34008955151326636
WBDS15,walkT01,2.015017117361593,2.2688842757058105,1.8088734101316424,0.011011861453582239,0.07842228567726445,0.1371995558232511,2.0370801537365857,2.304885529587102,1.8184814534494804,0.011062967440261626,0.07928348119159477,0.13867017946096727,2.015017117361593,2.2688842757058105,1.8088734101316424,0.011011861453582239,0.07842228567726445,0.1371995558232511,2.037413385128027,2.305586319977131,1.8184814534494804,0.011064692398381624,0.0792962964142212,0.1386922299171457,3.397718810387591,3.207524183777316,3.5291741140959667,0.016109337799744963,0.13174001328288984,0.23086140714435535,3.364867469001368,3.1362570996682235,3.521303277474486,0.015974989348735667,0.13045495581036579,0.22867215080376332
WBDS15,walkT02,2.6189745639037607,2.9956327169189474,2.3114705913602123,0.01582905399345896,0.10129041430597249,0.17607774367687287,2.801756803082364,3.2417674787124953,2.437908778367234,0.01651587933802217,0.10841287605759556,0.1882813820820745,2.622673278832095,3.0033722983684497,2.3114706196640094,0.015841557441482575,0.10143713688988311,0.17632225203668525,2.8085030870003993,3.2557177290923875,2.437908778367234,0.016542248047912295,0.10867770766616547,0.1887268918553637,3.989345476401843,4.184029807002262,3.843708578186406,0.021265893483992916,0.15413328483878663,0.2681786436580775,3.658093236640589,3.8068463254942833,3.5476126781282935,0.0198301196737242,0.1412759598096331,0.24596580172621588
WBDS15,walkT03,2.7830221215726687,3.178800549835376,2.506448569021696,0.018125012639497527,0.1070661438266698,0.18515028997457036,2.9282348253099233,3.4657949685592646,2.5384070472561038,0.018373546878918047,0.1127031172863296,0.19466459686290308,2.7830221215726687,3.178800549835376,2.5064485690216953,0.018125012639497527,0.10706614382666978,0.18515028997457034,2.93163233252499,3.4732916520379247,2.5384070472561038,0.0183942695157014,0.11283225409344973,0.19488639685876824,3.9694909633888664,4.926211752429172,3.2373171301544903,0.02375865430821253,0.15254715836472335,0.2634544725382859,3.7322143755003236,4.4651006789387475,3.1944718169210877,0.023112184327675974,0.14337523534045185,0.2479130036912967
WBDS15,walkT04,3.095209667267999,3.9099053640288814,2.5399036512953495,0.022106450531425396,0.11733230170271251,0.20188395232906498,3.1795697777756113,4.055171885974581,2.576095698391112,0.02135523917801682,0.12073557816902401,0.2074573172860026,3.095209667267999,3.9099053640288814,2.5399036512953495,0.022106450531425396,0.11733230170271251,0.20188395232906498,3.1818749479109365,4.060274342001309,2.576095698391112,0.021364771544713345,0.12082314902189038,0.20760580420220293,4.229958821054564,5.875807315424818,2.961889776462686,0.02862866732275545,0.1600692425448905,0.2747490981543201,4.0224826059026775,5.467775431211266,2.9427312705103605,0.02839439176218538,0.152103299826584,0.26132613622064643
WBDS15,walkT05,3.70959563007269,5.377287612637118,2.4803517392027814,0.029787066237544756,0.1401895133188153,0.24017498486707528,3.766298108820631,5.466306769361963,2.510819403683551,0.02803573060908929,0.14266311376301785,0.24408376542913598,3.709595630028667,5.377287612582281,2.4803517391635745,0.029787066236876818,0.14018951331719098,0.24017498486426997,3.7657867468404613,5.465252704160885,2.510819403683551,0.02803671291844814,0.14264388268115313,0.24405076459868352,5.087907157921054,7.664556695157659,3.0640380121713626,0.037331159174321456,0.1931131889466392,0.32926633574098235,4.824847911891281,7.141127092227433,3.0598292307713204,0.03712000070080294,0.18314698063028384,0.3123963659968
WBDS15,walkT06,3.9851458794229906,5.8577703666279435,2.628283115183663,0.030675178148369977,0.1502990457921334,0.2546536957163004,4.121572589902321,6.11645688442996,2.654100826667504,0.028764441911782904,0.15573703462726093,0.26360524479477454,3.9851458793842602,5.857770366580015,2.628283115148353,0.030675178147220296,0.15029904579075146,0.25465369571394103,4.117797143509014,6.108685738131692,2.654100826667504,0.028754862789512448,0.1555924043676931,0.26336626495365645,5.247698761874295,8.494713533625845,2.411340620512232,0.037937057295127766,0.19766772767188318,0.33362193106131444,4.943954588720794,7.916372816217663,2.415062822803683,0.037741720698373775,0.18621892138620066,0.3142782391542976
WBDS15,walkT07,4.9483574171538915,6.9944302172773805,3.6006410640437503,0.038507865193641244,0.1872127762311795,0.3151620819641379,5.211462063128184,7.5061338775327675,3.6605359247475002,0.03720128541934219,0.19736709278491052,0.3319137254266507,4.948357417127122,6.994430217282731,3.600641063984712,0.03850786519361627,0.18721277623013077,0.31516208196235096,5.211353697393374,7.5058990697246655,3.6605359247475002,0.0372167888815165,0.19736100998199335,0.33190587190167675,5.928400908866068,9.448248717566436,3.1026463612279365,0.04033313373426478,0.2239645472539461,0.37548090793838673,5.506442094890639,8.641526999105652,3.0671207195792354,0.03947056995617322,0.20806555282246694,0.34894844863110874
WBDS15,walkT08,5.729799851784494,7.861309784836483,4.508712685266648,0.04094619240773413,0.2163064348280934,0.3616542044822178,6.119668339463405,8.667226907072067,4.603614320503649,0.04106624655826351,0.23079657037676504,0.385700313694208,5.731308945403896,7.865042257948415,4.508649286081979,0.04094104556944327,0.2163622085970849,0.3617484985327353,6.121275691978676,8.670991256266252,4.603614320503649,0.041105644248281156,0.23084850347262864,0.3857924704887377,6.133184902302052,9.834239623037766,3.4802799364250228,0.03676265736867434,0.22986643772724485,0.38383045435038393,5.716041783695211,9.035006298428804,3.3977532504898966,0.03553533953585979,0.21439979043118632,0.35822448306705973
WBDS16,walkT01,2.8186356089965914,3.056909376756099,2.5345773313777498,0.01482578762245638,0.10781386071843288,0.19923826885154688,2.8574390373314515,3.1118559631432436,2.5525288491109803,0.015036108180046893,0.10928108253740416,0.20193877392370588,2.8186356089965914,3.056909376756099,2.5345773313777498,0.01482578762245638,0.10781386071843288,0.19923826885154688,2.8574390373314515,3.1118559631432436,2.5525288491109803,0.015036108180046893,0.10928108253740416,0.20193877392370588,4.379256223754101,3.727408463271657,4.991747434124041,0.022561251847039415,0.16714060542428802,0.30847639056008064,4.344407560814667,3.6914802676704928,4.957100535937842,0.022365322789660136,0.16581811694503024,0.30604520106859817
WBDS16,walkT02,3.0834032018778417,3.6826252068783254,2.498482099533836,0.017882302728799128,0.11451504388506961,0.21084157412467747,3.1113968914048398,3.7293610002503454,2.505298348287974,0.017985811002694266,0.11553060817408993,0.21273288299768256,3.0834032018778417,3.6826252068783254,2.498482099533836,0.017882302728799128,0.11451504388506961,0.21084157412467747,3.1115184380477254,3.729588327490692,2.505298348287974,0.0179867339048174,0.11553517371856348,0.21274101029629774,4.768312013600614,4.357396494286731,5.075094349295761,0.02562698994325589,0.17712813216806755,0.3260630021934137,4.746372652296641,4.312998544786493,5.068503861456159,0.0255238129095523,0.17634093219394098,0.32459565773419014
WBDS16,walkT03,3.0455823122097057,3.801819206205044,2.3805645633656094,0.018638512977400917,0.11218225801716769,0.20566529163203973,3.105744020221869,3.893299649146587,2.409252513337835,0.01886030544787291,0.11431400006677758,0.20964179269868077,3.0455823122097057,3.801819206205044,2.3805645633656094,0.018638512977400917,0.11218225801716769,0.20566529163203973,3.1060192023013085,3.893834164862162,2.409252513337835,0.018861387912655108,0.11432377122090354,0.2096602075803886,4.447179289830751,4.482549143886719,4.422364456367924,0.02469879524443422,0.16315910848108545,0.2993485383836901,4.366376852833506,4.362393790103223,4.36915031493209,0.02432861137741429,0.1602695526203908,0.2940087736039241
WBDS16,walkT04,3.1710411393578912,4.129423120166299,2.4366157687876018,0.020600694459407133,0.11646407181263814,0.21302680310561,3.207718507140824,4.181712022443615,2.4602763779107253,0.020541062146601213,0.11771201394211979,0.21540912767945125,3.1710411393578912,4.129423120166299,2.4366157687876018,0.020600694459407133,0.11646407181263814,0.21302680310561,3.2078045437122764,4.18189013874999,2.4602763779107253,0.02054160847356837,0.11771516362684048,0.21541469745887423,4.580131809283241,5.054338589147622,4.276485712754712,0.02694569279900357,0.16747129245235076,0.30653426095917397,4.5029407141405144,4.918378489618262,4.23941111036298,0.026672372123746936,0.16477403406729996,0.30151684216394675
WBDS16,walkT05,3.2585833824342965,4.359494080394527,2.400140986633741,0.022456579278781388,0.11872027143755039,0.21575434960613657,3.3361294981018608,4.494992185611132,2.423502185126208,0.022295537978927613,0.1213843731504961,0.22074090026833412,3.2585833824342965,4.359494080394527,2.400140986633741,0.022456579278781388,0.11872027143755039,0.21575434960613657,3.3361393308319967,4.495012082905119,2.423502185126208,0.02229562086704993,0.12138472304877065,0.2207415404258695,5.166192562353933,5.872173507810751,4.709126629802418,0.031459884278703214,0.18718925551220453,0.34122190648354084,5.044078458423465,5.613097142536534,4.682985431048376,0.031060690883664872,0.18295616769604103,0.33338368527452794
WBDS16,walkT06,3.33529575359809,4.672936204394092,2.3321711983775617,0.022489610820600792,0.1202004194916482,0.21809086967142663,3.435779188893732,4.842075373717878,2.371997526792016,0.022170109400331803,0.1236098810344103,0.22452297085467376,3.33529575359809,4.672936204394092,2.3321711983775617,0.022489610820600792,0.1202004194916482,0.21809086967142663,3.4359051738225403,4.842333206093748,2.371997526792016,0.022172298023347504,0.12361431970216044,0.22453086334132322,5.232751701470666,6.4681232051393565,4.439609159315511,0.031515724165523305,0.18754583117193638,0.3412788297601352,5.102348863163118,6.190745808989287,4.417086440895247,0.03115358636785943,0.18307253657267286,0.33299009872669083
WBDS16,walkT07,3.441228348539959,4.926376556302292,2.3669177890896496,0.02380187300889549,0.12340428894781455,0.22291764835154068,3.5561128551852135,5.116276387617279,2.4191434970482137,0.023286435846129192,0.12718130913399164,0.2301702427491244,3.441228348539959,4.926376556302292,2.3669177890896496,0.02380187300889549,0.12340428894781455,0.22291764835154068,3.5561128551852135,5.116276387617279,2.4191434970482137,0.023286435846129192,0.12718130913399164,0.2301702427491244,4.957009658645482,6.460798237953748,3.9938427924896165,0.03080266852927563,0.17638901691350375,0.3198298399557507,4.842570339975218,6.225050121021853,3.970877172927203,0.03058331786696648,0.1725222771408597,0.3126561297856681
WBDS16,walkT08,3.9861431320975598,5.9459638589914325,2.5231062556087887,0.028821470245019496,0.14249539941247596,0.2562463015184044,4.138079117000875,6.195126429102117,2.593127535913986,0.02793317890913661,0.1474264789339263,0.26585176578080183,3.9861431320975598,5.9459638589914325,2.5231062556087887,0.028821470245019496,0.14249539941247596,0.2562463015184044,4.138374882386784,6.195727781132107,2.593127535913986,0.027940149244919433,0.1474365550051205,0.265870126458651,5.395707446802221,7.188016403055636,4.251965857229722,0.03475789738429873,0.19199778533452483,0.34709766118527624,5.234015885588548,6.870721890952757,4.207375064710806,0.034470421251962376,0.18654412374619467,0.3369757507500196
WBDS17,walkT01,1.9120801175640012,2.0855520550352256,1.7627039508945817,0.009521247383438139,0.07974900611024544,0.1466964824246334,1.9010732291899117,2.039346557297495,1.7840394553818626,0.00944988626203249,0.07928684896836301,0.14586165322183892,1.9120801175640012,2.0855520550352256,1.7627039508945817,0.009521247383438139,0.07974900611024544,0.1466964824246334,1.9022616494522435,2.0418532195488526,1.7840394553818626,0.009455261548267884,0.07933569860937455,0.14595185245732806,1.5619944981477671,1.6910833092145867,1.451697086527023,0.00794907069013696,0.06524433277078598,0.12007538624260267,1.5232942237003881,1.6415935012968128,1.4226960332356742,0.00765978880726115,0.06362575109811205,0.11713071606833199
WBDS17,walkT02,2.3598527271862735,2.5698479091524264,2.2105456169883446,0.012031813170702793,0.09508560185095072,0.17460359573218923,2.3605854915000184,2.5195629702096065,2.2496553174006966,0.012137032276239242,0.0951537850427439,0.17463497296705313,2.3598527271862735,2.5698479091524264,2.2105456169883446,0.012031813170702793,0.09508560185095072,0.17460359573218923,2.3600522716931374,2.5183053507999578,2.2496553174006966,0.012135214114195937,0.095132606552049,0.17459507416854142,1.3985572048932728,1.6726278934979764,1.183687140545885,0.007574563581888893,0.05640543710277894,0.10347742402668086,1.2241483699063513,1.5423499050384855,0.9582586193661026,0.0065764307661971165,0.049340163450707304,0.09057141643632091
WBDS17,walkT03,5.304947392496519,4.36035160010567,5.70898952001432,0.056116051348659345,0.21702059305939142,0.38941407687298085,5.386319317321717,4.609894489986162,5.726734914793462,0.0562891667135803,0.22022690632814068,0.3953714200221516,5.313958568562113,4.380597047098095,5.713898354758257,0.056136941528763334,0.21737497331010475,0.39006388772574746,5.410064737275438,4.681194836365536,5.731833686711269,0.056317248260759206,0.22118539870451528,0.39712716081712907,6.275896999721936,4.998105174955703,6.812389149817702,0.06491970527764276,0.2572742988508873,0.46129403392733137,6.246592954119542,4.9581653243204356,6.786504735892542,0.06469936821348156,0.25609910696256344,0.45914087302881695
WBDS17,walkT04,2.638757191153834,2.670730193769498,2.6218182337351195,0.014999449211673347,0.10632330709352791,0.1934929227111965,2.610649352173442,2.537797456894115,2.648087945307507,0.014238999373773051,0.10513463554666246,0.19150296488229854,2.638757191153834,2.670730193769498,2.6218182337351195,0.014999449211673347,0.10632330709352791,0.1934929227111965,2.610558581897473,2.5375261812002385,2.648087945307507,0.01423818501488153,0.10513053183152578,0.19149642284421298,2.1557199631042065,3.2693785346539745,1.2148179832161694,0.011751780090772107,0.08587316540835513,0.15736818609158926,2.046984781321038,3.0786271898286497,1.1893419464757975,0.011517149384098565,0.08169128172164107,0.14952343609743876
WBDS17,walkT05,2.577018041885122,2.9488986248726237,2.3517463798144806,0.014868227242144648,0.10174482938201079,0.18413567550597057,2.619932826785211,3.0197130601810507,2.376104435313427,0.014344120533279362,0.10336111334174675,0.18716420886377078,2.577018041885122,2.9488986248726237,2.3517463798144806,0.014868227242144648,0.10174482938201079,0.18413567550597057,2.620016194267034,3.019919257213093,2.376104435313427,0.014345438379918751,0.10336365591160931,0.1871696444301457,2.505297198713195,4.003416551252277,1.00405103658957,0.013564557667978835,0.09736457351585483,0.17750292348607496,2.2852289894823006,3.6188516645411553,0.983885658216956,0.012972987738954172,0.08902241361690282,0.16204604761867322
WBDS17,walkT06,2.598428517272143,2.6833522676777366,2.5588153592462484,0.014879180452666917,0.10302514303732115,0.18656883221023213,2.6811792376802424,2.8567995168479388,2.5972587257320425,0.014589041040652529,0.10619313687900414,0.1923350160773095,2.598428517272143,2.6833522676777366,2.5588153592462484,0.014879180452666917,0.10302514303732115,0.18656883221023213,2.6830246588227444,2.8623307584534876,2.5972587257320425,0.014634266383728403,0.10626304293088372,0.19245959686898312,2.533349400340529,4.175497485316602,1.1832680674653695,0.015365537460281908,0.09882106104470544,0.1794066929583639,2.3283238780579665,3.788778600106813,1.1628200771690909,0.014791276429488165,0.09112867369875337,0.1651107703825631
WBDS17,walkT07,11.507898936539284,9.414223876992953,12.320801356951467,0.0610906827753486,0.44900304642380173,0.8091319177835073,11.617414353879012,9.694314811894756,12.37286971452544,0.0633005714475183,0.45369583157351073,0.8169886044701583,11.421984385433303,9.114333352225039,12.30520688416929,0.06061287956158899,0.44573907140733854,0.8032240833729815,11.41338941996595,8.868760409134527,12.37286971452544,0.06270216162066689,0.44596733336234606,0.8029364427551483,4.302571647029642,5.796025794627192,3.4413481904357273,0.029528550636438073,0.17169005992161335,0.30728846449586744,4.097605728195803,5.299585634349571,3.434466788438529,0.02667616578552019,0.16295430467217517,0.2923429533939992
WBDS17,walkT08,3.1220688464184017,3.6955718051546125,2.845784597099278,0.01712737128905914,0.1218186882191364,0.21800630184771166,3.513109536075401,4.687197475185521,2.877820788164136,0.019268678123009326,0.1364856835255504,0.24416984360149782,3.121922232906889,3.695154039273336,2.845784691930452,0.017124084952678177,0.1218130007751353,0.21799672592555389,3.51380679759568,4.688959205186826,2.877820788164136,0.01928595069976327,0.13651214071700668,0.24421614241022954,3.3734126413248413,5.903391251233475,1.2175978520517998,0.02036717384681717,0.12959012079664056,0.23155678967261165,2.794767439923982,4.829838217259993,1.125769089873548,0.01650139837757324,0.10759126561112045,0.19233539269646005
WBDS18,walkT01,1.5898695651617252,2.186359293618266,1.0023733062150963,0.00790104182283191,0.053491984077569006,0.09855292336488389,1.8052884398141045,2.517392200499299,1.0852908083646784,0.008987358716053802,0.06079313468729748,0.11192126504622425,1.5898695651617252,2.186359293618266,1.0023733062150963,0.00790104182283191,0.053491984077569006,0.09855292336488389,1.805326159170365,2.517459257266737,1.0852908083646784,0.008987817198153726,0.06079438374201688,0.11192360653496544,2.134774865468585,2.8929947598035457,1.4070589291861282,0.010546825110870519,0.07194877558260063,0.1324351024351893,1.8256762035355798,2.5192505028494874,1.1382469179458827,0.009080358717738704,0.06143621655954981,0.11315507680762589
WBDS18,walkT02,1.5779888268205462,2.172467801584043,1.0531993511886304,0.00817613912657745,0.053649174963510377,0.0986554751324073,1.7584854799205611,2.461463091225654,1.1202833684694975,0.009102946265337017,0.05975071478174327,0.10984774632744602,1.5779888268205462,2.172467801584043,1.0531993511886304,0.00817613912657745,0.053649174963510377,0.0986554751324073,1.7584854799205611,2.461463091225654,1.1202833684694975,0.009102946265337017,0.05975071478174327,0.10984774632744602,1.932671395981209,2.1087349453229702,1.8150878183559316,0.009706272155871047,0.06572267951862924,0.12114239203172633,1.749233684244131,1.8952387850283015,1.6523529216220862,0.008784575266111221,0.05943753659148313,0.1096254302438566
WBDS18,walkT03,1.5228172964752227,1.8940105400999587,1.269433481150894,0.007865974919972648,0.05079902930667467,0.09334254162321007,1.8381898102647771,2.324418893894743,1.4999609117838797,0.009395699099585274,0.061209858817954724,0.11244800209607246,1.5228172964752227,1.8940105400999587,1.269433481150894,0.007865974919972648,0.05079902930667467,0.09334254162321007,1.8389738261459256,2.326150083424107,1.4999609117838797,0.0094079794281859,0.06123424744702978,0.1124941114009261,2.243899926213114,2.3855741758369535,2.160835925782655,0.011079197171705475,0.07476293190066839,0.13754933249436285,1.5599409381343186,1.6796209569551237,1.489004661728839,0.007804274272201484,0.05194532950997694,0.09564998633496866
WBDS18,walkT04,1.6419313432079732,1.975435331677875,1.4716573581573058,0.008990418052051688,0.0550178149182803,0.10132182392562053,1.7865193051424526,2.2398317676439623,1.5458192687584542,0.00903491668079057,0.05992674652407973,0.11006271654116408,1.6419313432079732,1.975435331677875,1.4716573581573058,0.008990418052051688,0.0550178149182803,0.10132182392562053,1.7877779083974819,2.243118755965198,1.5458192687584542,0.009055357461233392,0.05996578420702375,0.11013605593887243,2.2336923347556192,2.8166674562537666,1.922373110229243,0.011083260819260761,0.07473621510112742,0.1371489224463065,1.8563785563517377,2.203004815204847,1.6816024717421587,0.009884129660693583,0.06205219312526268,0.11423063472061276
WBDS18,walkT05,1.7758277727289702,2.0112064595123407,1.66499663432929,0.010250577815892727,0.059503915678500864,0.10931285602364466,1.8052694864495165,2.020430628499149,1.7049468778629164,0.009509223789649317,0.06063147176589008,0.11118710886808156,1.7758277727289702,2.0112064595123407,1.66499663432929,0.010250577815892727,0.059503915678500864,0.10931285602364466,1.806830975735788,2.025083699360847,1.7049468778629164,0.009537296157720594,0.06067964066828991,0.11127730816695725,2.356882073602511,2.5351633374162863,2.2763497762121054,0.012505354842355577,0.07878055737445204,0.14479629122369977,2.2181569904497533,2.246636715952595,2.205860581707858,0.012319227084827508,0.07409982380637604,0.13643708030039414
WBDS18,walkT06,1.9880154141524855,2.4383004142300115,1.797647087249668,0.012134740259552577,0.06641335024137957,0.12172116575285805,2.0426187992003015,2.5049258384238327,1.847191247715629,0.011119144329793914,0.06843894051080919,0.12512158759007463,1.9880154141524855,2.4383004142300115,1.797647087249668,0.012134740259552577,0.06641335024137957,0.12172116575285805,2.050468098211828,2.528959260225253,1.847191247715629,0.011261871202940777,0.06867700952506992,0.12556853891212177,2.6720685705621143,3.2050412665813197,2.4509902623699094,0.014608568281171826,0.08901702790547476,0.16326399683285292,2.5046985752529785,2.7474366308420937,2.4109202934369214,0.014519352701212148,0.08336314639656685,0.15330265003639665
WBDS18,walkT07,2.626671058419373,3.1378037293635237,2.4514440750348037,0.01595739678490028,0.08647763954483252,0.15836559354807642,2.614341710053024,2.93464822194502,2.5095837472954687,0.014294487375215813,0.08611396606602266,0.15769724703751314,2.626671058419373,3.1378037293635237,2.4514440750348037,0.01595739678490028,0.08647763954483252,0.15836559354807642,2.6204718059793795,2.958125637913517,2.5095837472954687,0.01443257951245328,0.08629906583643995,0.15803937492250678,3.2651649645923007,3.8506719200947823,3.0664390807671045,0.018963604406962674,0.10725978889958915,0.19658094958342578,3.113563028252324,3.249006951314788,3.0714846311200636,0.017623035488321455,0.1025230251701232,0.18798152066546225
WBDS18,walkT08,3.4386882329282176,4.37037354663088,3.1296704247733222,0.0235668574421439,0.11312652544055025,0.205764940284284,3.621918695708613,4.816293824437806,3.2103941698046983,0.022368636007489895,0.11914508929402459,0.21640392147013507,3.4386036126210167,4.370053100199859,3.129676346066954,0.023565747236753594,0.1131237568463038,0.2057600653483779,3.633937947080507,4.857622842565093,3.2103941698046983,0.022574516627615056,0.11951385867730834,0.21708597458451828,2.9721967567165404,5.16192442974131,1.9659368542825013,0.016398178485159634,0.09766058818807707,0.1769826368820324,2.3907478896060055,3.616281358022605,1.9136039435095937,0.013838374256439476,0.07888905677481642,0.1433786753106641
WBDS19,walkT01,2.4760663115028967,3.0335223381661005,1.1851190967197769,0.01433361067553921,0.09878402303466678,0.18220486772004868,2.7459918531134027,3.389906222786974,1.2084816797601974,0.01627186742942241,0.10934492577795796,0.20174899550624564,2.4761846246377868,3.03368166397588,1.1851190967197769,0.014334196038311374,0.09878874394630585,0.1822133080298695,2.7476638094418577,3.392140642248751,1.2084816797601974,0.01627971868925778,0.1094116472776145,0.2018685730440739,3.056853237712735,3.3479337683444204,2.544687180563502,0.01781618013634868,0.12143387227678115,0.22576679206664163,2.953205282601869,3.2094321225862537,2.508286914028395,0.01681170009757291,0.11739805188888335,0.21828467349721428
WBDS19,walkT02,2.5353636438147404,3.0114221551307594,2.136788467470252,0.01350874117252733,0.09461104560234271,0.17585104301772084,2.58463633408436,3.0862192413236826,2.1620384381473023,0.013737632458078367,0.09644096802902416,0.17923108483586858,2.5353636438147404,3.0114221551307594,2.136788467470252,0.01350874117252733,0.09461104560234271,0.17585104301772084,2.58463633408436,3.0862192413236826,2.1620384381473023,0.013737632458078367,0.09644096802902416,0.17923108483586858,3.5579695868109185,3.610282563018449,3.520609999129483,0.01834188667658428,0.13252426415756857,0.24716245546074808,3.4878387136949613,3.512183639827427,3.4705674703549274,0.01790628704382722,0.12994288570267717,0.24235447992155615
WBDS19,walkT03,2.6853785844506413,3.1904659392004313,2.30343388042737,0.015556639054055207,0.09958947821437701,0.1853556416322505,2.9552757381927166,3.440168182512665,2.5966571610185896,0.016810347058256594,0.10958679256556361,0.20406970511742636,2.6853785844506413,3.1904659392004313,2.30343388042737,0.015556639054055207,0.09958947821437701,0.1853556416322505,2.9554074846811544,3.4404576309260237,2.5966571610185896,0.016810896272242554,0.109591833136404,0.20407872603027766,4.265858114436141,4.406351899784697,4.1731632456337815,0.023315675671925072,0.15821274019110332,0.2950143946539812,3.636945795537856,3.935994277387931,3.431233893314809,0.01992567346194332,0.13511671832400454,0.2513545003991954
WBDS19,walkT04,2.922167355372101,3.901096874611536,2.160435558030058,0.01748511216140082,0.10820679536520894,0.20038476943132688,2.9859528771417208,3.9944640239167257,2.198971855107709,0.01738740756432665,0.11073505795340505,0.2047573905440529,2.922167355372101,3.901096874611536,2.160435558030058,0.01748511216140082,0.10820679536520894,0.20038476943132688,2.9859232940456475,3.994403757186492,2.198971855107709,0.017387234601291955,0.11073403016526893,0.2047553915851551,4.3373473926621475,5.440084069497043,3.5444520403522444,0.02469310118776834,0.16085055450869792,0.297882890809665,4.258798287514906,5.325143292677978,3.4948178227033067,0.024392360598122696,0.1578950303074815,0.29251488171948836
WBDS19,walkT05,3.047964958671284,3.9637840361527865,2.388048278043569,0.018447199125073983,0.11123166066660381,0.205712411038956,3.0884082020935257,4.020092561437908,2.416287861011155,0.01790820851744071,0.11296938446886458,0.20843782261483013,3.047964958671284,3.9637840361527865,2.388048278043569,0.018447199125073983,0.11123166066660381,0.205712411038956,3.088109089191281,4.019451410625869,2.416287861011155,0.017906152205076385,0.11295894040887024,0.20841786622683578,4.284684600686236,5.984597660695768,2.9336619219801574,0.025334906972455558,0.1564272177411271,0.2886646768146889,4.183848347313158,5.806291510017193,2.906866929821333,0.025052686895583952,0.1526540339412133,0.28194828726523424
WBDS19,walkT06,3.257673414540991,4.761477494963613,2.122318332496685,0.02024696177537426,0.1188259351190547,0.21858977311112035,3.330630344363358,4.881994049071849,2.1539936074028545,0.019472405829248304,0.12196341781794456,0.22348703723855795,3.257673414540991,4.761477494963613,2.122318332496685,0.02024696177537426,0.1188259351190547,0.21858977311112035,3.332218804253569,4.885216942238974,2.1539936074028545,0.019494472986091763,0.12201896723797034,0.2235921046141466,4.9694582325895365,7.223645101413705,3.2823218191016807,0.030036817938360157,0.18136860915889907,0.33342877109660257,4.843636142477273,6.984958846877154,3.2605726451942014,0.02976670619046946,0.17657574582384075,0.3250772833123714
WBDS19,walkT07,3.2045213255188236,4.756536262441619,2.146144634615458,0.01994676499495507,0.11578198153858928,0.2115829271497325,3.315256241668276,4.9607866519953845,2.179247690378156,0.01918934573786665,0.12023092607226049,0.2188371812827686,3.2045213255188236,4.756536262441619,2.146144634615458,0.01994676499495507,0.11578198153858928,0.2115829271497325,3.3204067346168302,4.971735009126029,2.179247690378156,0.01930888494532596,0.12039685121060208,0.21916804102247683,4.747300059734286,7.419061610178583,2.7637745782751413,0.029694832235967212,0.17114397643983087,0.3124883616477207,4.5866565758539375,7.1304873844755905,2.715904509604987,0.02943991563174148,0.16512490389130316,0.30199134604196154
WBDS19,walkT08,3.307880261382279,5.339877361666362,1.8606281752935883,0.021413070695057098,0.11897927604072538,0.21653144757507656,3.4614265188806734,5.622335820024598,1.9041348688242787,0.02037044301518615,0.12513727111103218,0.22652436268790538,3.307880261382279,5.339877361666362,1.8606281752935883,0.021413070695057098,0.11897927604072538,0.21653144757507656,3.4654225778324776,5.630574201085207,1.9041348688242787,0.02048992579811241,0.12525724060140042,0.22677645239876681,4.544431839159652,7.586681255007404,2.2230125131710903,0.029171622588256094,0.16325578854224576,0.29635377425125364,4.388601273625855,7.345219002695983,2.1194258159746706,0.02863067172667879,0.15749530207953782,0.28620036022518275
WBDS21,walkT01,1.562610962292195,1.7193007025267528,1.4652816973256253,0.009343873585226757,0.059784193858590996,0.1095815763578948,1.5557555441398767,1.6820110926471254,1.4785491447597816,0.009200778823882627,0.05952183506185834,0.10912352977688866,1.562610962292195,1.7193007025267528,1.4652816973256253,0.009343873585226757,0.059784193858590996,0.1095815763578948,1.5557555441398767,1.6820110926471254,1.4785491447597816,0.009200778823882627,0.05952183506185834,0.10912352977688866,1.1475220962550343,1.357253222747681,1.0078444191909912,0.007249981019270273,0.0448121158558422,0.0820342135942129,1.0852166641222383,1.2645990977535932,0.9675393171558268,0.006834852233255163,0.04259941781026369,0.07797802932779468
WBDS21,walkT02,1.8553460679410145,2.2271621568179807,1.643563727044814,0.012034291385975624,0.07035732228305455,0.12810691761359977,1.9928393529660455,2.4497038303164773,1.7264437472017324,0.01272082995171295,0.07523810213058797,0.13700922389041528,1.8553460679410145,2.2271621568179807,1.643563727044814,0.012034291385975624,0.07035732228305455,0.12810691761359977,1.9928393529660455,2.4497038303164773,1.7264437472017324,0.01272082995171295,0.07523810213058797,0.13700922389041528,1.4798256443131121,1.9805987250650452,1.1592876236513803,0.009761776368114096,0.057001741055919056,0.10375083254964507,1.1147190792152406,1.7142612380061244,0.6439132304881974,0.008197352862895595,0.04444296738271368,0.08058507543112521
WBDS21,walkT03,2.1275598651959076,2.7028348147763572,1.8573540051168744,0.01479370697818482,0.07914334496468055,0.14421126718908964,1.977858910888321,2.1743226402027127,1.8962682465808596,0.013198656767938752,0.07400942768748743,0.13497342186747438,2.1275598651959076,2.7028348147763572,1.8573540051168744,0.01479370697818482,0.07914334496468055,0.14421126718908964,1.9779328059185213,2.1745633221439435,1.8962682465808596,0.013198911146847367,0.07401196824059253,0.1349780458732169,1.7523316548051768,2.8089447851991003,1.0968944209738525,0.01324471392814859,0.06600428841027083,0.12007568116627289,1.7451133105664896,2.934153741669875,0.9431400751378117,0.01346025319517043,0.06572675674179343,0.11946041658422504
WBDS21,walkT04,2.5733264921664065,3.384694123242723,2.1804722362459215,0.018055356682171415,0.09419298248851957,0.17114454080261834,2.4456295635074046,2.9758569150082232,2.2069360760236343,0.016057741659979256,0.08993416731426998,0.16340514184265928,2.5733264921664065,3.384694123242723,2.1804722362459215,0.018055356682171415,0.09419298248851957,0.17114454080261834,2.445822041361162,2.976424521672794,2.2069360760236343,0.01605818220448808,0.08994100525750334,0.16341741488921563,2.1855254725075293,3.923384974060338,0.8216643400663447,0.01646929444654157,0.0804692710093449,0.14564120888687934,2.107510683105205,3.8129525185196083,0.7354439048813456,0.016568078819841292,0.07766744172800756,0.14054710034429485
WBDS21,walkT05,2.7729416349963327,3.9065326195913666,2.2046140674854366,0.02045491765758448,0.1006457498098185,0.18260557537295,2.758804878542249,3.844893469635906,2.220678364004703,0.018569859666501914,0.10049899940273806,0.18215246689254375,2.7729416349963327,3.9065326195913666,2.2046140674854366,0.02045491765758448,0.1006457498098185,0.18260557537295,2.758804878542249,3.844893469635906,2.220678364004703,0.018569859666501914,0.10049899940273806,0.18215246689254375,2.727232703070696,4.918590034881031,1.0854017039722723,0.01998001018359675,0.09909247010221887,0.17894267539208203,2.544738084642074,4.551977809539045,1.0741120374800226,0.019832393879095432,0.0924831489767934,0.16705946247435757
WBDS21,walkT06,3.1984991686664253,4.074116698888318,2.844693009115702,0.023679624273232072,0.11413144034459222,0.2067836308143842,3.117543837729261,3.772736511853004,2.8641424488066614,0.020452388727666408,0.11171502502429426,0.2023365362769717,3.1984991686664253,4.074116698888318,2.844693009115702,0.023679624273232072,0.11413144034459222,0.2067836308143842,3.118381926538274,3.7754910396704227,2.8641424488066614,0.020470174696917445,0.11174261164491094,0.20238668291686085,2.967623458433703,5.470212799994902,1.3102558038668868,0.022864734845509296,0.10584194626648116,0.19050274343982754,2.69438902270875,4.9218264611484726,1.2504851541531217,0.02279513385377844,0.09608310406188462,0.17293355641272562
WBDS21,walkT07,3.7121409889311536,4.520199542278508,3.3952068116264837,0.027407403194339704,0.13177557521695982,0.23880204279611428,3.6845983748952773,4.373927788569016,3.4198314784721835,0.024221053692259752,0.13126880711281072,0.23772455290896102,3.7121409889311536,4.520199542278508,3.3952068116264837,0.027407403194339704,0.13177557521695982,0.23880204279611428,3.6873013563775388,4.382923195587856,3.4198314784721835,0.02423325841745761,0.13136322502122183,0.23789176246072022,3.3699633879909983,5.8838292596077135,1.8653269307769471,0.025475410338563736,0.1197959302001276,0.2151880693370927,2.987923428213193,5.066648603844408,1.805025652302495,0.02451855846047446,0.10636063792553166,0.19109968452920836
WBDS21,walkT08,4.084846944203673,4.397656982394366,3.989499087707709,0.0290687952937871,0.1446024835181587,0.26252862012282385,4.1848622985658315,4.698408890017259,4.023610734137422,0.02812004823745758,0.14830488149075371,0.2689212208278251,4.084846944203673,4.397656982394366,3.989499087707709,0.0290687952937871,0.1446024835181587,0.26252862012282385,4.191915668118017,4.726284926678801,4.023610734137422,0.028247315929596364,0.14853565740809502,0.26934209795567915,3.442803674144369,5.819026244680706,2.3382385776343786,0.025455313383385778,0.12273056992341157,0.2202490808970144,2.8735490600303195,4.458139684672082,2.2105364366710143,0.023166242370140394,0.10306411967759342,0.18509173427379574
WBDS22,walkT01,2.8117374765497374,3.4462978656310295,1.9922908186780486,0.015047660397044827,0.1055536090604219,0.19783403549927195,2.8850093750681784,3.540229806272994,2.037120502105305,0.015488989180184818,0.10816846667136809,0.2027008370351486,2.8117374765497374,3.4462978656310295,1.9922908186780486,0.015047660397044827,0.1055536090604219,0.19783403549927195,2.8850093750681784,3.540229806272994,2.037120502105305,0.015488989180184818,0.10816846667136809,0.2027008370351486,4.08933662882576,3.739208769958403,4.409068256778676,0.020124315792068987,0.15154931920858708,0.28478157921029207,3.936932709674312,3.5111841958065044,4.317748203635136,0.019353122999889266,0.14604476403614045,0.27452135938726335
WBDS22,walkT02,2.9913614289322963,3.585601038851004,2.5216742203582436,0.015052876729481402,0.10610193025515398,0.1987767024004844,3.1093489546211273,3.785363716061294,2.565150414367974,0.015709472094261084,0.1101932077442158,0.20639069171397903,2.9913614289322963,3.585601038851004,2.5216742203582436,0.015052876729481402,0.10610193025515398,0.1987767024004844,3.109377400809517,3.7854223493523724,2.565150414367974,0.01570961861354461,0.11019420473417225,0.20639254154386943,3.8469419859316756,3.8874907782105668,3.819839703410547,0.017832369263899795,0.1359745539683907,0.25524086280781805,3.6846479160627728,3.5930562141931977,3.744097337409736,0.01712011743384268,0.13027853744417942,0.24461981956956919
WBDS22,walkT03,3.1490271476670335,3.8078781206810732,2.737392656715622,0.016674502275542288,0.11147265676962974,0.20849452590482737,3.2136025334124136,3.916897442038852,2.7705948552268116,0.016874515344653913,0.11373330142397627,0.21268010490850434,3.1490271476670335,3.8078781206810732,2.737392656715622,0.016674502275542288,0.11147265676962974,0.20849452590482737,3.2136025334124136,3.916897442038852,2.7705948552268116,0.016874515344653913,0.11373330142397627,0.21268010490850434,3.878675914243963,4.306866752958838,3.6319772204551244,0.019231288810186424,0.13712438692284765,0.25660168946788436,3.7330248294789583,4.057250465548046,3.5496806545465556,0.01863014924444251,0.13201421579025804,0.24711243852682876
WBDS22,walkT04,2.979474946480693,3.5549151530792624,2.6580249151967053,0.017377339534288404,0.10388794327130092,0.19271227794318288,3.0952184888906804,3.801446227842278,2.6894280472619383,0.017564533616803973,0.10801776190342763,0.20008316079303465,2.979474946480693,3.5549151530792624,2.6580249151967053,0.017377339534288404,0.10388794327130092,0.19271227794318288,3.095225608802266,3.801464053804665,2.6894280472619383,0.017564577856202225,0.1080179958502836,0.20008359814748328,4.149336570662338,4.990568470032215,3.6757921995558243,0.0222634795679466,0.14422206989664962,0.26837031540386297,3.9348928569440162,4.512447121086392,3.6238218241515945,0.021515214425187335,0.1366324124500857,0.2547358218518811
WBDS22,walkT05,3.1346099706101884,4.360520682185009,2.4451999594233222,0.01951944557430303,0.10852052978896316,0.19994673470260785,3.2098537851066826,4.497994238339164,2.4791929974299802,0.019154179296201983,0.1113749527490203,0.20479106827677993,3.1346099706101884,4.360520682185009,2.4451999594233222,0.01951944557430303,0.10852052978896316,0.19994673470260785,3.2098537851066826,4.497994238339164,2.4791929974299802,0.019154179296201983,0.1113749527490203,0.20479106827677993,4.317080917532612,6.071940550076967,3.3173071452362732,0.025086927142938125,0.1489438973689602,0.27540438981068704,4.215229449295969,5.865462342347765,3.2868808787237427,0.02490441328260844,0.14529706293935793,0.2689657279149588
WBDS22,walkT06,3.471449834096123,5.473978302520709,2.2491336169882867,0.022179125471107976,0.11831597494241053,0.21658330613716656,3.697472667564178,5.932933468186995,2.295188596076982,0.022365742445413266,0.12641803414564207,0.2305904243047294,3.471449834096123,5.473978302520709,2.2491336169882867,0.022179125471107976,0.11831597494241053,0.21658330613716656,3.697477448062735,5.932944079907679,2.295188596076982,0.022365756188571544,0.12641820195410533,0.2305907247237417,4.584115878360954,7.260360252329837,2.939526167610822,0.0272532875351969,0.15642743693081662,0.2863448807984862,4.412856298219545,6.9239524356309525,2.891564851186111,0.02652105846033343,0.150503246656999,0.2758180677343516
WBDS22,walkT07,3.7197287195413464,5.968853741052248,2.4420088704007825,0.025059231290534816,0.12601431968442323,0.23028539862326314,3.948536299507053,6.440142577942057,2.4977857502139815,0.024265461067371725,0.13469109172550317,0.2444920405420727,3.7197287195413464,5.968853741052248,2.4420088704007825,0.025059231290534816,0.12601431968442323,0.23028539862326314,3.9486823635595485,6.440479996301967,2.4977857502139815,0.024265861627004514,0.13469619382053213,0.2445011039513043,4.794734230232107,8.010198083606662,2.8484179477355616,0.029131545934969565,0.16329430046741059,0.29677064914932566,4.511739130577624,7.431385920421658,2.7852200550527884,0.028295620865699016,0.15334749234159994,0.27945331525281436
WBDS22,walkT08,4.663173992122065,7.613839419803012,3.0536975267520967,0.031474033773895696,0.15712392238683684,0.2850018079134743,5.011669119142507,8.330823010991082,3.1516868110518197,0.03077952128636476,0.1702559161085425,0.3062967936134062,4.663428075292745,7.614457335379841,3.0536903214836646,0.031475076655979956,0.15713298704860124,0.2850169898543892,5.011667167112119,8.330818411627908,3.1516868110518197,0.03077946280675795,0.17025587338008483,0.3062966752811095,5.711054138864982,10.200517146903755,2.8503230390850747,0.03597158381115818,0.1936945740594491,0.34773949519284614,5.3260605476238,9.44998166033624,2.734015594106311,0.03375503973944492,0.18049188090173363,0.324490817988141
WBDS23,walkT01,4.094448552916996,4.17945570126331,4.018210095534947,0.01677322536922382,0.13948144020018086,0.25606861064433684,4.171532485015918,4.3312469294712335,4.025852072414092,0.01701814252484743,0.14206847141764334,0.26079410034552425,4.094448552916996,4.17945570126331,4.018210095534947,0.01677322536922382,0.13948144020018086,0.25606861064433684,4.171532485015918,4.3312469294712335,4.025852072414092,0.01701814252484743,0.14206847141764334,0.26079410034552425,5.704054097642949,5.405636873612968,5.954126885779772,0.02263447988543323,0.19417942635795205,0.3567797722266071,5.637174308667721,5.272047286160383,5.9397376944382065,0.02238193335480774,0.1919374549493975,0.35268671199606516
WBDS23,walkT02,3.8969720309668423,4.210421871768798,3.676824760903933,0.01707477280741962,0.1288962881964229,0.23628182052148952,4.348102538007257,4.834195656909597,3.9971832182573923,0.01909612546858283,0.14364029166311196,0.26330734743438694,3.8969720309668423,4.210421871768798,3.676824760903933,0.01707477280741962,0.1288962881964229,0.23628182052148952,4.348102538007257,4.834195656909597,3.9971832182573923,0.01909612546858283,0.14364029166311196,0.26330734743438694,6.436035207188431,6.529484544122022,6.373977716208964,0.026936041708617207,0.21275025471119807,0.39042460273891916,5.568241103543358,5.5708896798176015,5.5665026576218235,0.022959913039933968,0.18429536301172586,0.3381877686788384
WBDS23,walkT03,3.5393767115150503,4.545870785399617,2.847554141284875,0.019392526696498193,0.11476260775160488,0.209982163857052,3.7897836886985408,5.028420452240513,2.903748057448531,0.020113258195471283,0.12279291588926045,0.22469307504313288,3.5393767115150503,4.545870785399617,2.847554141284875,0.019392526696498193,0.11476260775160488,0.209982163857052,3.7897836886985408,5.028420452240513,2.903748057448531,0.020113258195471283,0.12279291588926045,0.22469307504313288,5.419104881877483,6.493893025439762,4.734388290583631,0.026634947765088055,0.17612063300007677,0.3227318665548603,5.091371206410341,5.867705982211361,4.615457675066292,0.025407452177116818,0.16566867024511522,0.3035066450598594
WBDS23,walkT04,3.712122153499535,5.48699530820945,2.5053659241495425,0.02159502079906804,0.11948130313134786,0.21759339380104453,3.9390151504479727,5.910142899473067,2.5679566750843263,0.02172700325009537,0.1267839697424813,0.23091522975751838,3.712122153499535,5.48699530820945,2.5053659241495425,0.02159502079906804,0.11948130313134786,0.21759339380104453,3.9390151504479727,5.910142899473067,2.5679566750843263,0.02172700325009537,0.1267839697424813,0.23091522975751838,5.493055951214764,7.5208805809436585,4.248114389817847,0.02865867670474228,0.17736650475345314,0.32345442246749656,5.208078330014769,7.017271079644737,4.118254685958434,0.027713836382853338,0.1682882392626572,0.3068506321168429
WBDS23,walkT05,4.229250207359189,6.696458378926106,2.638521553028574,0.027699567812891658,0.1334516682367693,0.24173103585170294,4.55160248578263,7.3570903968126276,2.6789478301336165,0.027728903895347205,0.14368224624067175,0.2603379504101651,4.229250207359189,6.696458378926106,2.638521553028574,0.027699567812891658,0.1334516682367693,0.24173103585170294,4.55160248578263,7.3570903968126276,2.6789478301336165,0.027728903895347205,0.14368224624067175,0.2603379504101651,5.7877665268700165,8.476399302371059,4.237364360231584,0.03145952936426635,0.18346170593776984,0.3333169934487672,5.356715091194207,7.507691247831123,4.180890505567946,0.030179944645979232,0.1700129227549875,0.3087821080396468
WBDS23,walkT06,4.483763272899089,7.384900821169402,2.8380700375709917,0.031188492764449353,0.1409642809909587,0.25379238105549845,4.97183341229348,8.444669265667029,2.9007028895110643,0.031142731392270757,0.15630993152367828,0.28169293177196,4.483763272899089,7.384900821169402,2.8380700375709917,0.031188492764449353,0.1409642809909587,0.25379238105549845,4.975961337252646,8.454043206029231,2.9007028895110643,0.031165408471531725,0.15643894962357513,0.28192660175076933,6.439354551563525,10.044335349272595,4.546474377934898,0.03527752841663687,0.20292960202446209,0.36690511795973496,5.772919914378099,8.354706735778151,4.534596396388441,0.03339765550364712,0.18222714225990766,0.32930443938808013
WBDS23,walkT07,5.16368501639881,8.184767332442735,3.6236954444607634,0.03582572385367925,0.1630920380781007,0.2911258457930189,6.0056200158583755,10.113943455227343,3.7208232043839917,0.037600604802636585,0.1891537413804651,0.33862959408334414,5.16368501639881,8.184767332442735,3.6236954444607634,0.03582572385367925,0.1630920380781007,0.2911258457930189,6.032919078634596,10.178400794660462,3.7208232043839917,0.03767341474514987,0.19000108623061907,0.3401697123522203,7.699358956017275,12.231230480412755,5.382419545958177,0.03831101744864192,0.24232096896692867,0.43661249023786997,6.614486977625332,9.432777673806346,5.345556660313622,0.03563350173950098,0.20883537581714337,0.37573023909293596
WBDS23,walkT08,5.1780775084940505,7.432600333448051,4.273505505913471,0.03879183018605917,0.16559177024408805,0.29224998728328866,6.4450443272268645,10.57759005789325,4.514894961700267,0.04442389501569971,0.2044916671932924,0.36296886450598564,5.1780775084940505,7.432600333448051,4.273505505913471,0.03879183018605917,0.16559177024408805,0.29224998728328866,6.492570914585512,10.702570877427346,4.514894961700267,0.04490780166629004,0.20594285251079436,0.36560299402621227,8.08847926514298,12.072170979237212,6.424325153294127,0.039144505662658965,0.25513899182666167,0.4578053757737064,6.085595035981418,6.97277992641958,5.792290511253627,0.03355365536257111,0.19343288006251277,0.3460562257624338
WBDS24,walkT01,2.7123009873775756,2.5613307595725274,2.8415871995777113,0.008818571378067712,0.08209760392244148,0.1491948630059031,2.742703489867946,2.6125864059654136,2.854971965317483,0.008902732208321874,0.08301231104862873,0.1508473504355089,2.7123009873775756,2.5613307595725274,2.8415871995777113,0.008818571378067712,0.08209760392244148,0.1491948630059031,2.742832102583804,2.6128711228705934,2.854971965317483,0.008903180496862409,0.08301607316781624,0.15085424589445748,4.657415068184674,3.1666683107798117,5.6754545629459106,0.01430157542730955,0.14046845796008642,0.2562565757401818,4.6243437601012936,3.11469306012102,5.649904878976393,0.014184170530362793,0.13946569720926913,0.2544544891877871
WBDS24,walkT02,2.967179295233624,2.9908253316354414,2.949878307405916,0.01103273491313033,0.08995960853337649,0.1620416916768232,3.0080442045903055,3.06867077445209,2.9632126686972415,0.011230911459407024,0.09119788401548996,0.16422779090268957,2.967179295233624,2.9908253316354414,2.949878307405916,0.01103273491313033,0.08995960853337649,0.1620416916768232,3.008122869457906,3.068854002089365,2.9632126686972415,0.011231126871350194,0.0912002740519775,0.1642320786078295,4.744738056852531,3.554176921237889,5.449034636512573,0.015551561192628084,0.14340667963919934,0.25951985564731445,4.715453442305949,3.491215862286926,5.434699610794101,0.015440545035714895,0.14251693785397604,0.2579507076446096
WBDS24,walkT03,3.1349762760009994,3.04677631994118,3.1974139807474025,0.013107271220059778,0.09407418775717391,0.16875147932570148,3.23816110466906,3.244885595986238,3.233276015847503,0.013613572669558456,0.09714443669892335,0.17419959979310037,3.1349762760009994,3.04677631994118,3.1974139807474025,0.013107271220059778,0.09407418775717391,0.16875147932570148,3.2383395136786204,3.245309136108523,3.233276015847503,0.013614657542357779,0.09714960315161608,0.1742088814163017,4.625044391530848,3.705918733707464,5.190736178927433,0.01605998437821012,0.13861773796121754,0.24977982649324867,4.521922100922588,3.533498535086147,5.12070651469837,0.01570663998953602,0.1355329985558078,0.244290886404847
WBDS24,walkT04,3.422409966920996,3.407551301953838,3.4323961417235602,0.015173554247048403,0.10152979180237856,0.1817427783929514,3.6400832273631583,3.6961645789025797,3.6017619891251424,0.016014698145919173,0.10797617583440473,0.19327374020363638,3.422409966920996,3.407551301953838,3.4323961417235602,0.015173554247048403,0.10152979180237856,0.1817427783929514,3.640068768299734,3.696129228365552,3.6017619891251424,0.01601465922050507,0.10797576573647338,0.1932730060228996,4.77660174356739,4.414354292558141,5.0061641010199835,0.01725006670637352,0.1418985556326205,0.2548202147475385,4.299933620263788,3.882902114032354,4.559740855974317,0.015783755085729448,0.12772742737731915,0.22946289516276566
WBDS24,walkT05,3.095289268284289,3.131690257666897,3.0735038162604003,0.014688092411112465,0.09090758701670577,0.1613742246330371,3.1451823366661875,3.1914149854612752,3.1174475844689593,0.014564339672658206,0.09238192299146163,0.163997831589688,3.095289268284289,3.131690257666897,3.0735038162604003,0.014688092411112465,0.09090758701670577,0.1613742246330371,3.1451893897683036,3.191433660104935,3.1174475844689593,0.014564361065627928,0.09238212459616219,0.16399819093197118,4.369378992500408,4.402042577068362,4.349897171550175,0.017396080710704573,0.12838177346657456,0.22864274464789947,4.258152649328986,4.218365375301482,4.281567650366181,0.01720631995002153,0.12512902488511063,0.22288935952155764
WBDS24,walkT06,3.1789804912836415,3.3263434160342586,3.099543053381972,0.014421434872488648,0.09207589905003913,0.16374853939732165,3.2448133434887727,3.4375454763891,3.139866251377626,0.014138633831270113,0.09403192656274989,0.16714174859325934,3.1789804912836415,3.3263434160342586,3.099543053381972,0.014421434872488648,0.09207589905003913,0.16374853939732165,3.245012129539421,3.4380937532022458,3.139866251377626,0.01413973777779664,0.09403775171682037,0.16715164259782012,4.417022138964949,5.227607173002132,3.9297266675877247,0.017917559565535483,0.1278423863032739,0.22753119716103765,4.2621263495549595,4.896647245281191,3.891301689604299,0.017705053981379452,0.12337422792188925,0.21970724688024665
WBDS24,walkT07,3.133721532502556,3.892106860998569,2.679608594856075,0.015639147153896284,0.08939931495900928,0.15805206530673188,3.192983132998234,3.9586773098727424,2.7353345031041876,0.014778285843715658,0.09127112050958079,0.1612224402559948,3.133721532502556,3.892106860998569,2.679608594856075,0.015639147153896284,0.08939931495900928,0.15805206530673188,3.193240135493127,3.9593029693639017,2.7353345031041876,0.01477883022083281,0.09127858882557756,0.16123522673566784,4.807330331262436,6.311315131796661,3.8503693919617707,0.02095547320643078,0.13724772549570893,0.2423667986572318,4.611080919780322,5.973752776649971,3.7571054791801823,0.020700976946183402,0.1315836099293107,0.23246277629397738
WBDS24,walkT08,3.5755102709356335,4.860687026104708,2.8213457893418377,0.018048553180909692,0.10265052216602288,0.18001649034575012,3.63015371729411,4.944373194104391,2.8572402840304436,0.016574927616066906,0.10440296145969771,0.18299482461896519,3.5755102709356335,4.860687026104708,2.8213457893418377,0.018048553180909692,0.10265052216602288,0.18001649034575012,3.6298273117320354,4.943594943648198,2.8572402840304436,0.016575744255298987,0.10439317501348762,0.18297857519358676,5.262797923094726,7.41135480220093,3.947178288354679,0.024576683056757854,0.15089790769899533,0.2638681329737346,5.082565147168831,7.078428102678143,3.8771757160029794,0.02444193481709692,0.1456926176453186,0.2547995886855122
WBDS25,walkT01,2.788974479888222,2.519413553588291,3.004320025226851,0.015220410135105946,0.10170814523848855,0.1785678377264904,2.8759529158074537,2.6892957025438324,3.029319694036135,0.01585709741553095,0.10488137827744382,0.18409202071721933,2.788974479888222,2.519413553588291,3.004320025226851,0.015220410135105946,0.10170814523848855,0.1785678377264904,2.876306633388839,2.690107766447796,3.029319694036135,0.015862390959599286,0.10489450727071957,0.1841147658391289,4.635145398389085,3.7844137380832983,5.265875922151899,0.025258477966897588,0.16849956756531828,0.29594450519487625,4.554403578008635,3.6583367846869606,5.211399127914038,0.024780594304789783,0.16555604827124618,0.2908174151617931
WBDS25,walkT02,3.0293185555526665,2.613837246756471,3.2832948526432504,0.01682266791527808,0.11025962137334804,0.1934497654863537,3.1020161728100066,2.8042309741300824,3.290162046098738,0.017252482248245167,0.1128873542082899,0.1979913851162862,3.0293185555526665,2.613837246756471,3.2832948526432504,0.01682266791527808,0.11025962137334804,0.1934497654863537,3.102428076139673,2.8053528094420512,3.290162046098738,0.017255475465747003,0.11290234646755061,0.19801741169384757,5.2545685666560304,4.661657688403935,5.624130912118173,0.029598019524432296,0.19053294840942014,0.3343999123787301,5.2085758817374135,4.558788554991939,5.609736204223658,0.029334936357758704,0.18886728767246078,0.3315332099833942
WBDS25,walkT03,3.0300400635447695,2.3973741881081887,3.334133568183201,0.017070315100680387,0.10914733917541751,0.19122593881735017,3.1844172031711815,2.8041908213447555,3.3799226493674515,0.01795011264463173,0.1146511721242128,0.2007382459301611,3.0300400635447695,2.3973741881081887,3.334133568183201,0.017070315100680387,0.10914733917541751,0.19122593881735017,3.1853235427154267,2.8070451365117046,3.3799226493674515,0.0179584876887535,0.11468350822873084,0.2007946593790754,5.608805112841332,4.89430499016343,5.973970304442192,0.03239505616177632,0.20141859113766147,0.3528680917648092,5.4578650149028505,4.624728612424992,5.875606122593786,0.03151785603012872,0.1960362461360181,0.34351185113629706
WBDS25,walkT04,3.100674624869982,2.3914919530460264,3.4361369631396603,0.017437467284460325,0.11130594688381673,0.1945070778846166,3.26691830921996,2.9186073296155164,3.4475686811702397,0.01834737072152184,0.11716814812767243,0.20455963303792374,3.100674624869982,2.3914919530460264,3.4361369631396603,0.017437467284460325,0.11130594688381673,0.1945070778846166,3.2687430412733685,2.9242737980987865,3.4475686811702397,0.01835698968814165,0.11723409588719182,0.20467203428050915,5.878152537697663,5.388985927261361,6.13642019704923,0.033890214596964785,0.21029810557661002,0.3676888910477741,5.7287539493364115,4.957489850414624,6.120360738073387,0.03311866576853026,0.20504823524460425,0.3587107977806491
WBDS25,walkT05,2.714754085232086,2.2953501631780253,2.9155352182210454,0.01563513028909635,0.09728211630414006,0.16935665038824743,2.8410489012168254,2.683588218198048,2.9222531712317155,0.016133126313673453,0.10169135571235227,0.1768582698197109,2.714754085232086,2.2953501631780253,2.9155352182210454,0.01563513028909635,0.09728211630414006,0.16935665038824743,2.8422897279245793,2.687341786984415,2.9222531712317155,0.01614435888530178,0.10173506842033561,0.17693322580031207,5.207977519171553,5.042169781059621,5.295032869546302,0.03055393193453201,0.18536789027117864,0.32328806642512553,5.100026137144681,4.699744417038318,5.302888276363406,0.03006680359418363,0.18160838377545555,0.3169248226951707
WBDS25,walkT06,2.54501847929761,2.2635723214399177,2.66520173297863,0.014891282299616415,0.08976243439584933,0.15583699373692964,2.6880427463249963,2.7082818051915174,2.6786266601761413,0.01523934008305491,0.09466231632030249,0.16410035944919546,2.54501847929761,2.2635723214399177,2.66520173297863,0.014891282299616415,0.08976243439584933,0.15583699373692964,2.6890774594694347,2.71152706985933,2.6786266601761413,0.015261065015770467,0.09469653606404942,0.16416172382100466,4.683347843092504,4.907965922490907,4.575690460115119,0.028134633402933464,0.16422722533501585,0.28546513480580504,4.53341449246719,4.435102262705025,4.578187915703296,0.027519946022836816,0.15912014795737434,0.27684350012467884
WBDS25,walkT07,5.608060391311063,5.189607091027874,5.8073117346372545,0.036630486022869856,0.20021862158433093,0.3475705130890567,5.701963534231755,5.459116419052385,5.820380172332552,0.036241617029370204,0.2034266067524607,0.35280296022915325,5.608060391311063,5.189607091027874,5.8073117346372545,0.036630486022869856,0.20021862158433093,0.3475705130890567,5.723947379475181,5.527396679321298,5.820380172332552,0.03641257812365842,0.20417666730928996,0.3540744468351697,10.141204859842656,10.00203706949906,10.21054436578801,0.06255334515071824,0.35669138228237335,0.6189251245305597,10.01492978314153,9.60382427505061,10.215622386661915,0.06208298711718463,0.3524470604106417,0.6117900783896357
WBDS25,walkT08,5.967219310001195,6.1278366183635145,5.887828097661925,0.041009631139468254,0.21410171063659586,0.36972110221566484,6.1219168384023135,6.52360164136576,5.917511765178013,0.040840354363053735,0.21927276332501203,0.3782548788042195,5.967219310001195,6.1278366183635145,5.887828097661925,0.041009631139468254,0.21410171063659586,0.36972110221566484,6.15676514194332,6.623327504169327,5.917511765178013,0.041139026789563854,0.22045309259962498,0.3802495673511585,10.533987600881966,11.000353519634425,10.300452554991004,0.06685337156809691,0.37166225230764255,0.6412927187467591,10.333059317494842,10.479671707276971,10.261275345904632,0.06599066917959134,0.3649455564516201,0.6299848662924187
WBDS26,walkT01,5.917377525754933,4.661102584774987,6.690794279194702,0.03462617341271627,0.19631284969697535,0.33067794430342334,5.982214149064116,4.858423358553131,6.687755449399394,0.03505819591887076,0.19846271810741367,0.33427400886548597,5.917377525754933,4.661102584774987,6.690794279194702,0.03462617341271627,0.19631284969697535,0.33067794430342334,5.990562128443154,4.882667202059198,6.687755449399394,0.035123592002366706,0.19873925275822676,0.3347355645600773,11.682896814049595,8.87884783843818,13.371469850281093,0.06779276952592894,0.387130479428122,0.6520845742084663,11.672174091315933,8.853819033994737,13.367411288789286,0.0677325116191026,0.3867774414653392,0.651499573122152
WBDS26,walkT02,3.7572905841389685,3.556553881746665,3.874618943129814,0.021718503324938923,0.1223678283210463,0.205997845748169,3.8642851840025347,3.793374034583217,3.906902575317194,0.022246056847621674,0.1258140095535887,0.21172923059775367,3.7572905841389685,3.556553881746665,3.874618943129814,0.021718503324938923,0.1223678283210463,0.205997845748169,3.8650966873563193,3.795555717685701,3.906902575317194,0.02225138095819189,0.12584024598394583,0.2117731285523422,7.30686069009416,6.0166329479293035,7.992166452100323,0.041244757516012615,0.23794049629728486,0.4009385426527028,7.230072304759739,5.896950189648749,7.933931798784141,0.04081378358032772,0.2354603192331568,0.39679729236910144
WBDS26,walkT03,2.651567483657815,3.34004667751395,2.188147185590074,0.017123491288857418,0.08566007148688225,0.14838540177958998,2.7234960455788135,3.4667711593334314,2.2171656202998666,0.01713967168519852,0.08791421122958565,0.15235367820252296,2.651567483657815,3.34004667751395,2.188147185590074,0.017123491288857418,0.08566007148688225,0.14838540177958998,2.72366251744138,3.4671424683278373,2.2171656202998666,0.017140320455173025,0.08791948607356653,0.1523630287880653,4.681526017913578,4.762382241866826,4.636972765441028,0.027410239139100012,0.15131398587407965,0.26293350477999655,4.597929815844182,4.6319510712169825,4.579326355700097,0.027004422277161478,0.14865809327458515,0.2583178543621776
WBDS26,walkT04,2.8247268832653094,3.7612310917078107,2.2231291500453256,0.01837643918688331,0.0906896759696486,0.15651270345074234,2.918891461197763,3.9414128538789153,2.2508005275896297,0.018230127465118463,0.09355115336446718,0.16160035586941085,2.8247268832653094,3.7612310917078107,2.2231291500453256,0.01837643918688331,0.0906896759696486,0.15651270345074234,2.9189305071289247,3.9415004993694076,2.2508005275896297,0.018230281320698455,0.09355239671437639,0.16160251758863975,4.984006947201845,5.447645813440624,4.739093490300406,0.029748928419667347,0.16003081564386515,0.2769954985524944,4.902047797950272,5.310349264558847,4.687968965018045,0.029461532412676943,0.15749869980118286,0.27258226701640453
WBDS26,walkT05,3.060645144243042,4.130765944350167,2.393673857994716,0.02104757489948341,0.09737034467832689,0.16718825679748459,3.2027221453188144,4.427129352784745,2.416876155618768,0.020766044187243402,0.10161326991279014,0.17472050270516187,3.060645144243042,4.130765944350167,2.393673857994716,0.02104757489948341,0.09737034467832689,0.16718825679748459,3.203473854807333,4.428823430618401,2.416876155618768,0.020768887088856467,0.10163678905766049,0.17476110814506196,5.1005741972062,6.16411247220157,4.5113758986620605,0.03150078223140988,0.16183543316469814,0.2787932798171627,4.9695183991502185,5.895628320229782,4.4653654340788576,0.03107371159783809,0.1578741512665582,0.27189311418024703
WBDS26,walkT06,3.450085380492848,4.793648923777494,2.6939759275994435,0.02536756686564005,0.11009271061241048,0.18777408941872253,3.5980828572665544,5.108466705274565,2.7259158638638277,0.02443343726622242,0.11428801898573805,0.19555539487608592,3.450085380492848,4.793648923777494,2.6939759275994435,0.02536756686564005,0.11009271061241048,0.18777408941872253,3.6049349836467566,5.124789012937096,2.7259158638638277,0.02445816253514788,0.11449901175950335,0.19592073799613213,5.15838210585319,6.626626551694861,4.399024739925606,0.03206426855185403,0.16321643718184106,0.2806902732964534,4.944598582127152,6.010153441033605,4.421890079741328,0.031387266131677215,0.15684359987602658,0.2695524312833596
WBDS26,walkT07,4.216139007674791,5.7515173941904125,3.4512990563444546,0.030397239858438684,0.13250063592960154,0.225994623765163,4.49502170125422,6.381538421235662,3.513210644651238,0.029596807032910465,0.14042061836864594,0.24028639509263092,4.216329777845137,5.752025016220681,3.4512972417489314,0.030398001245120515,0.13250623664408903,0.22600435654258344,4.504436514693884,6.405456625276209,3.513210644651238,0.029649050907134177,0.14070298222507918,0.24077330227721655,5.779047213149928,7.8815241422502975,4.731999434785697,0.034136717168017326,0.17929986459537248,0.30851519923638543,5.437629969204567,6.775017276184001,4.827959025139154,0.033000611983440294,0.16924899193554346,0.2910374108044964
WBDS26,walkT08,5.997918572216891,6.730043806885658,5.7117606938965935,0.037088370913812216,0.18716611288047605,0.3143873062101873,6.670052005462269,8.796093160068791,5.715392266675918,0.040590746507040205,0.20727071943933542,0.3475637470667478,6.003398787190259,6.748865032678558,5.711602763428378,0.0371163883131306,0.18733051250721153,0.31465207985313864,6.705858828134759,8.898434566865546,5.715392266675918,0.04103644189491647,0.2083459422756367,0.349348378247371,8.57616413875994,10.524163059275114,7.7570105078823115,0.05230773875327036,0.26687279322864715,0.4473122887579029,8.112900604208797,8.833659790963571,7.83753760780695,0.05049155940434669,0.2531775944795177,0.4244504852453463
WBDS28,walkT01,3.378058064350439,3.3813921302859553,3.375675173166295,0.017089174451899815,0.12397761677624483,0.22710991780259446,3.429116075591816,3.5017908148789227,3.3762613420328416,0.017259549133212777,0.12581254023993438,0.23046830405919783,3.378058064350439,3.3813921302859553,3.375675173166295,0.017089174451899815,0.12397761677624483,0.22710991780259446,3.4294099790853174,3.502481607322734,3.3762613420328416,0.01726080286775353,0.1258231949773394,0.230487819805212,5.798204048981711,5.541432850972955,5.974816016243808,0.028600674502701897,0.2117861841321404,0.3879962837529479,5.770030033145627,5.481697452138579,5.967409563295848,0.02847961752252946,0.21077246389791945,0.38614678903016036
WBDS28,walkT02,3.4592658731515176,3.705617133989439,3.3068104548035007,0.017939841257642423,0.12326333186584215,0.22527379333937075,3.6254511860188376,4.0253142887570315,3.3698727216318645,0.018629996365554995,0.12906996878785554,0.235847403333996,3.4592658731515176,3.705617133989439,3.3068104548035007,0.017939841257642423,0.12326333186584215,0.22527379333937075,3.628629451598316,4.033070963727624,3.3698727216318645,0.018644700068142565,0.12918208317997115,0.2360508554210148,6.359805041861534,6.4524686148035055,6.305021277123126,0.031729136667628756,0.22561457629700665,0.4123636383678666,6.190608607964089,6.2342624081058435,6.164953887488327,0.030920211601547357,0.21966703937857174,0.40147675871902866
WBDS28,walkT03,4.526139736789972,4.537455905999849,4.519937708177015,0.02387030042002688,0.15947654658892088,0.28949485153796634,4.651047064489703,4.868455137384103,4.527708119038842,0.024192588301120744,0.16376621929468108,0.297159149710862,4.526139736789972,4.537455905999849,4.519937708177015,0.02387030042002688,0.15947654658892088,0.28949485153796634,4.6610224606238155,4.8953615219951825,4.527708119038842,0.024265793965916167,0.1641116136798893,0.297777865427094,8.336707131208312,8.952829026341686,7.979580073497355,0.043067552339804346,0.2924786893543477,0.5303410153853586,8.245819016806204,8.740953454480788,7.961958726336392,0.042753815361303384,0.28937306493001524,0.5247647751759857
WBDS28,walkT04,3.965203529067729,4.9291767991245194,3.383565060450162,0.022667130530105873,0.13941225756262512,0.2536955828086372,4.100905929571817,5.2377326046565775,3.394831538190145,0.02268200159005531,0.14393839254835275,0.262062990246239,3.965203529067729,4.9291767991245194,3.383565060450162,0.022667130530105873,0.13941225756262512,0.2536955828086372,4.109820757598025,5.258694477402648,3.394831538190145,0.022752022892730896,0.14424529270024405,0.2626167717732823,7.145770770475169,8.494653582071466,6.367464706035383,0.03818377482440965,0.25001727592498213,0.4547535615556945,7.040533677991416,8.262453103506008,6.344066971068327,0.037917655666178766,0.24650985894611846,0.4482576726985544
WBDS28,walkT05,4.783013076369432,5.6543750561321104,4.291700117404943,0.026833163563219357,0.16731593446458187,0.30305990871933347,5.000953575648874,6.183088686562105,4.304436062764757,0.027189148970370433,0.17449067410142002,0.31599877873361987,4.783013076369432,5.6543750561321104,4.291700117404943,0.026833163563219357,0.16731593446458187,0.30305990871933347,5.019125745000439,6.227688376489241,4.304436062764757,0.02735304394117338,0.1751086434574405,0.3171073218576892,8.830805923354122,10.042985303435085,8.171133607125622,0.04753513572619515,0.3078415796457933,0.5571309400717988,8.691332526071308,9.715606168163486,8.142270813015307,0.04713850402692123,0.30324142858680314,0.5488177035656323
WBDS28,walkT06,5.471352697907621,7.278130671890591,4.362574371108909,0.03172670130201488,0.19017874486531272,0.34136487687821515,5.801593334427683,8.003817766466593,4.389495941893888,0.03196032907652439,0.20102423897035113,0.36071133180327847,5.471352697907621,7.278130671890591,4.362574371108909,0.03172670130201488,0.19017874486531272,0.34136487687821515,5.816829128739236,8.038164326238634,4.389495941893888,0.03206109103005116,0.20153907950292493,0.3616320338811397,9.411051953448903,10.903029061617893,8.61520775808618,0.050628454483112734,0.32670526303559516,0.5877651313983331,9.174078453144972,10.357997890134437,8.556750620933702,0.04988582763228738,0.3188539435870343,0.573794947463773
WBDS28,walkT07,5.678813363749529,7.378451145098497,4.784671563209621,0.034310596065352535,0.19649320890127225,0.35257325751652135,6.087631780546084,8.334134425967722,4.837444486666037,0.03438334883863531,0.20949341832507193,0.37605135890981145,5.679955720597026,7.381433633341929,4.7846598400396765,0.03431447957694097,0.19653023438135644,0.3526394583231793,6.099881463047311,8.364282532127007,4.837444486666037,0.03446528815224323,0.2098990718995985,0.37677878988103064,9.406363555857423,10.776986942551389,8.764550115107454,0.051095936972190094,0.32382320963591243,0.5829820029321706,9.135269595691943,10.107380967882449,8.692938579162657,0.050271618701625595,0.315017757525342,0.5671982422774773
WBDS29,walkT01,1.7036436623656683,1.673495335372473,1.7280611080905208,0.008407390774326114,0.06468391325699709,0.11948170220232975,1.7073671857792896,1.6699553059227554,1.737552862239868,0.008407831612968437,0.06480513825315204,0.11973040989949973,1.7036436623656683,1.673495335372473,1.7280611080905208,0.008407390774326114,0.06468391325699709,0.11948170220232975,1.7073671857792896,1.6699553059227554,1.737552862239868,0.008407831612968437,0.06480513825315204,0.11973040989949973,2.5573002588677403,2.4855053962329237,2.614908885097317,0.012186360340421525,0.09576205374788938,0.17724089617632713,2.527902255892947,2.4415664778258974,2.5968039333059205,0.01198097261238354,0.09468779524771619,0.17525090327200596
WBDS29,walkT02,2.2108883675715876,2.1125706381556744,2.2718249996610025,0.009861115275588335,0.08063418404056677,0.14857370313877852,2.273217827693751,2.1701877925205766,2.3370311940668373,0.01009511409358789,0.08287473826128053,0.15273305152026112,2.2108883675715876,2.1125706381556744,2.2718249996610025,0.009861115275588335,0.08063418404056677,0.14857370313877852,2.273272613132388,2.1703344759622287,2.3370311940668373,0.01009593312247995,0.08287663087719642,0.1527366427544195,2.9577917395260642,3.1508552250420094,2.826773833896457,0.01328607608506642,0.10744866069354676,0.19833527248604396,2.76008868060766,2.9649288147425494,2.6200146965811775,0.012402950575175915,0.1003378434484425,0.18513981001492694
WBDS29,walkT03,2.2486119949447967,2.6741995946741817,1.990220895582943,0.011306678125582245,0.08106655266692166,0.14906609045782382,2.2757662617347347,2.686994183044038,2.027856652589005,0.010997241679052649,0.0821533051238125,0.15095189061254918,2.2486119949447967,2.6741995946741817,1.990220895582943,0.011306678125582245,0.08106655266692166,0.14906609045782382,2.2757662617347347,2.686994183044038,2.027856652589005,0.010997241679052649,0.0821533051238125,0.15095189061254918,2.5763707954290505,3.3709633572587556,2.041363699722654,0.012498644275367283,0.09283941442725908,0.17067409427893374,2.4733656205678254,3.259712209670209,1.9392610076655683,0.012018242825050809,0.08914302994511202,0.16385723153378473
WBDS29,walkT04,3.1198279826769655,4.756862738773577,1.9095617607393163,0.0182252695011684,0.11211761359924383,0.20481527495187732,3.1877540867760867,4.865622523088153,1.9450197589459477,0.017430825224927216,0.11498944847229849,0.20949703202793934,3.1198279826769655,4.756862738773577,1.9095617607393163,0.0182252695011684,0.11211761359924383,0.20481527495187732,3.188329775241271,4.866798640803896,1.9450197589459477,0.01744191071470625,0.11500799505955213,0.20953338208264644,3.548506519437557,5.253807042376013,2.3464959723289827,0.019406852433061665,0.1277205546666816,0.23299966214293796,3.444417755863046,5.075615000752802,2.3029184504665254,0.019180253573172656,0.12382169050300341,0.22609068957253187
WBDS29,walkT05,2.994611296882761,3.951027698701502,2.3617876773205917,0.017875682191384436,0.10775018237803419,0.19654199764018257,3.067772038372883,4.081141294520051,2.3905252628089455,0.016987881256308582,0.11078893449121895,0.2015807154244355,2.99461129688276,3.9510276987014996,2.361787677320592,0.01787568219138444,0.10775018237803415,0.19654199764018251,3.0678384530006717,4.081289055246897,2.3905252628089455,0.016989343062327432,0.1107911222001083,0.2015849174982474,3.4138919737718525,4.761182153041515,2.4565201845924536,0.01891038130488215,0.12322633856316093,0.22409812252458694,3.3104569051333748,4.595489983223575,2.4031499947270554,0.01873314259979111,0.11937158555834074,0.2172395670021708
WBDS29,walkT06,3.713667790712569,4.922722793163648,2.8714594953500923,0.023400336263101104,0.13399079071079942,0.24382124007020559,3.874428351677418,5.230696867635958,2.9072676536347655,0.022898561287718847,0.14023339091689013,0.25452128808872687,3.713667790712569,4.922722793163648,2.8714594953500923,0.023400336263101104,0.13399079071079942,0.24382124007020559,3.8745535164952902,5.230964127998461,2.9072676536347655,0.02290145494955842,0.14023748883384313,0.2545292459133739,3.822028788196469,5.475253758413588,2.538520347844827,0.023125413029761392,0.13825108689803675,0.25076198303476577,3.6283158582011112,5.1427878436490415,2.4716975728824297,0.02249549582804333,0.1310875477722884,0.23803174793337004
WBDS29,walkT07,3.865970158296159,5.0166923605036065,3.1919763951902183,0.02516699239677462,0.1382007429700776,0.24984766382517254,3.8920641024181584,5.002556918938116,3.2482728295753773,0.023246889044316963,0.1395991814671525,0.2518164804134588,3.865970158296159,5.0166923605036065,3.1919763951902183,0.02516699239677462,0.1382007429700776,0.24984766382517254,3.8921192932252184,5.002692121730361,3.2482728295753773,0.02324725366622496,0.13960118138792388,0.2518200448443903,3.430604835091283,5.041004517016387,2.3280533310420375,0.020881940243406893,0.12311142008548401,0.2215981383856282,3.20261807857701,4.654661554040907,2.224192618265351,0.020231430608751363,0.114811136446307,0.20692710343926748
WBDS31,walkT01,2.348795588899807,2.669044809922982,2.0990545439832666,0.010349527426132467,0.0741155790565326,0.13871070705116087,2.4625329468790484,2.8345585979788406,2.168375886400374,0.010825498897929399,0.07752463673474157,0.14509364705116515,2.348795588899807,2.669044809922982,2.0990545439832666,0.010349527426132467,0.0741155790565326,0.13871070705116087,2.4625329468790484,2.8345585979788406,2.168375886400374,0.010825498897929399,0.07752463673474157,0.14509364705116515,3.818068118456033,3.379787061373465,4.093692609335999,0.015309490513521647,0.11829670660723784,0.2223255132054101,3.6517471027949444,3.181620136646184,3.944100941234252,0.014646551393339155,0.113237697981109,0.2128400224252663
WBDS31,walkT02,2.020653345276177,2.261618171536046,1.879171605808669,0.008445878159193086,0.059776775968462925,0.11154968652947878,2.0961723140499395,2.4151037831499296,1.9038396061309553,0.008724084847553737,0.06191488373267308,0.11552509535598833,2.020653345276177,2.261618171536046,1.879171605808669,0.008445878159193086,0.059776775968462925,0.11154968652947878,2.0961723140499395,2.4151037831499296,1.9038396061309553,0.008724084847553737,0.06191488373267308,0.11552509535598833,2.955574328537279,2.716188777561832,3.075941266495746,0.011306452125950928,0.08650549993034334,0.16244767455874884,2.8498582956529153,2.4475437005816563,3.0432345252868567,0.010888172440133568,0.08346744587825146,0.15684967555004192
WBDS31,walkT03,2.8771373669966476,3.4815578310610777,2.530732594780366,0.013136852758050557,0.08579718883690056,0.1596660785557944,3.118829987864646,3.9095859514003344,2.6491769975575084,0.014298516549285609,0.09289041804325732,0.17286989452584625,2.8771373669966476,3.4815578310610777,2.530732594780366,0.013136852758050557,0.08579718883690056,0.1596660785557944,3.118829987864646,3.9095859514003344,2.6491769975575084,0.014298516549285609,0.09289041804325732,0.17286989452584625,4.464401391622284,4.628864624681047,4.382001824938337,0.018510438037734778,0.13242649517063526,0.247802294064423,4.161967780348701,4.238109856246694,4.124345109458106,0.01732261420061948,0.12349254353897282,0.2311155275659726
WBDS31,walkT04,2.7562787345028608,3.6432253639966685,2.232661234256469,0.013813641182885585,0.08108770704683814,0.1502719639819679,2.936082829015292,3.972613981650898,2.307555138470143,0.014359688290044526,0.08631523032464132,0.16001525767606692,2.7562787345028608,3.6432253639966685,2.232661234256469,0.013813641182885585,0.08108770704683814,0.1502719639819679,2.936082829015292,3.972613981650898,2.307555138470143,0.014359688290044526,0.08631523032464132,0.16001525767606692,3.933840419526418,4.6434108986062785,3.5600619645887717,0.01733386552673462,0.11541003738270829,0.21506061328004425,3.68415732412924,4.2023969802432966,3.41935396655164,0.016481312067281643,0.10812902182362376,0.20152841224573922
WBDS31,walkT05,3.0697045245213976,4.434956680934304,2.24896823014848,0.01635629339626343,0.09035767547528094,0.1673335352074717,3.2491012434125173,4.751427204419799,2.3314726700893873,0.01632854548826536,0.09553276321791668,0.17712130765214426,3.0697045245213976,4.434956680934304,2.24896823014848,0.01635629339626343,0.09035767547528094,0.1673335352074717,3.2491012434125173,4.751427204419799,2.3314726700893873,0.01632854548826536,0.09553276321791668,0.17712130765214426,4.084090165769843,4.966555095149955,3.643756975445937,0.018503155546812717,0.12008375798982872,0.22368490600983323,3.733186535685035,4.328509025161683,3.4484670591651705,0.01756177317968171,0.1098948722463266,0.20462489999432693
WBDS31,walkT06,3.444038248070965,5.721349314908381,1.8045237093193036,0.020559889028309276,0.09987297334714544,0.18387999970373564,3.590949272541418,5.953801128361325,1.896588114602378,0.019787805118434417,0.10407336101224236,0.19192981830154526,3.444038248070965,5.721349314908381,1.8045237093193036,0.020559889028309276,0.09987297334714544,0.18387999970373564,3.590949272541418,5.953801128361325,1.896588114602378,0.019787805118434417,0.10407336101224236,0.19192981830154526,3.9027785693134236,5.55825003369405,2.9621794227822362,0.019364448498380434,0.11331117317359589,0.20989320568795158,3.6128093863718957,5.021780041444516,2.8349171441922585,0.018947687053548986,0.10500150434218904,0.19436923409434123
WBDS31,walkT07,4.029739276620439,6.787487549910553,2.0945476905301996,0.025610598406782023,0.11726640339430643,0.21526608688622592,4.2238912596532385,7.128748849146355,2.1770316149111717,0.02461600521543836,0.12278819896213536,0.22580470663860833,4.029739276620439,6.787487549910553,2.0945476905301996,0.025610598406782023,0.11726640339430643,0.21526608688622592,4.2238912596532385,7.128748849146355,2.1770316149111717,0.02461600521543836,0.12278819896213536,0.22580470663860833,4.181082663994961,6.448081314170809,2.812152953217171,0.0222206389849816,0.12166502274227739,0.22434088053899107,3.8641546922325922,5.821072187552146,2.720616838872374,0.021981909193324694,0.11261748605561955,0.20741726335583657
WBDS31,walkT08,5.119029510653697,8.522227994888919,3.047645690762791,0.033552435184195595,0.150524179004548,0.2755148661743253,5.420035881239723,9.120247744019133,3.126009187427633,0.03257587925395459,0.15895606526417802,0.2915692552240129,5.119029510653697,8.522227994888919,3.047645690762791,0.033552435184195595,0.150524179004548,0.2755148661743253,5.420105332538182,9.120402286806959,3.126009187427633,0.03257605381646345,0.1589580280646837,0.2915728870001199,5.398030982321794,8.007261505820171,4.048870778735726,0.029347582879193777,0.15851584229143073,0.2915550302683833,4.989207952017392,7.067664891793652,3.969980223004036,0.028839140526484425,0.14700000969792607,0.27006076624059794
WBDS33,walkT01,1.6531501855671935,2.2871997480166932,1.1823418559064702,0.011880053725939426,0.060936406499995883,0.10969764729919293,1.9131668786261975,2.6790740932151222,1.334475194485276,0.013337014636306658,0.06907736946639213,0.12444107295330155,1.6531501855671935,2.2871997480166932,1.1823418559064702,0.011880053725939426,0.060936406499995883,0.10969764729919293,1.9132396138923176,2.6792232404750425,1.334475194485276,0.013337820087997911,0.06907971866744164,0.12444523551657478,2.6253452875699375,3.38057190917943,2.1139490611681544,0.016949953441712802,0.09194692762697003,0.1660733225995117,2.1955527744597663,2.8977972634262263,1.70565256557585,0.014558385497906888,0.07800907930672121,0.140724471225227
WBDS33,walkT02,1.5311451402402139,1.5773597767089769,1.5111720051087156,0.010677860852414706,0.0566807080377535,0.10212861556479182,1.5803571580708826,1.6367332221184205,1.5558965952688002,0.010740755948711387,0.05815356409979795,0.10480926771469451,1.5311451402402139,1.5773597767089769,1.5111720051087156,0.010677860852414706,0.0566807080377535,0.10212861556479182,1.5803571580708826,1.6367332221184205,1.5558965952688002,0.010740755948711387,0.05815356409979795,0.10480926771469451,1.3076966025835,1.70076282311771,1.099948515382058,0.00995597920471781,0.05008678635509468,0.09006150263571397,1.050276503057299,1.3923889076918723,0.8658006923668229,0.008909087784001981,0.04286409870197806,0.07685565202581969
WBDS33,walkT03,1.4996607645075324,1.7572241153772605,1.3847682929545195,0.010844747948128598,0.053918421328633497,0.09714837298024238,1.5578687744616557,1.7324880262439903,1.483229110069237,0.010504186354482978,0.05585614774052549,0.10061141909977529,1.4996607645075324,1.7572241153772605,1.3847682929545195,0.010844747948128598,0.053918421328633497,0.09714837298024238,1.5578687744616557,1.7324880262439903,1.483229110069237,0.010504186354482978,0.05585614774052549,0.10061141909977529,1.582496641385081,2.023730296015436,1.369553892886197,0.010250021554298551,0.056690198343649745,0.10208569977022909,1.1365079902162905,1.5321693676274857,0.9351511494729438,0.008498367220720768,0.042430695081996976,0.0762272626615966
WBDS33,walkT04,1.7049555509868273,2.039386337711118,1.5598459408353706,0.012670486957141298,0.060806599814866864,0.10955010126065272,1.6020819327206728,1.6385436945875484,1.588069082534573,0.011357715771988009,0.05762408779763993,0.1038114432829409,1.7049555509868273,2.039386337711118,1.5598459408353706,0.012670486957141298,0.060806599814866864,0.10955010126065272,1.6020819327206728,1.6385436945875484,1.588069082534573,0.011357715771988009,0.05762408779763993,0.1038114432829409,1.4933643149720008,1.840549073201713,1.3387403245005673,0.010898518084271447,0.054143274898292286,0.09770020957061662,1.3907601102966327,1.7034040997791255,1.252288918058652,0.010460352996135937,0.05092541331445892,0.09187506671122622
WBDS33,walkT05,1.926503243889796,2.5660662778664154,1.6671678888869215,0.0150117932696138,0.06772082089778464,0.12162589536890094,1.7967803245065213,2.043126007657353,1.709267923987564,0.013093075168649548,0.06377810463177791,0.11452970152893321,1.926503243889796,2.5660662778664154,1.6671678888869215,0.0150117932696138,0.06772082089778464,0.12162589536890094,1.7976183533745624,2.046133630502847,1.709267923987564,0.013103204563071631,0.06380324295099844,0.11457572750223449,1.88736384964245,2.6908978278622757,1.5391248091458878,0.013782671705147421,0.0664968270445905,0.11964905804824959,1.7364037135191848,2.4641406690965377,1.4225248263314716,0.013436660954637776,0.06180340492417548,0.11121906862704008
WBDS33,walkT06,2.3169600944448048,3.108435323877885,1.9876673774989158,0.018680959343866148,0.08162344914673264,0.14620669178077383,2.123462186933438,2.4186692452113854,2.016548338276826,0.01549403762027867,0.07554518380248734,0.13531685934086468,2.3169600944448048,3.108435323877885,1.9876673774989158,0.018680959343866148,0.08162344914673264,0.14620669178077383,2.123241226370371,2.417887497556812,2.016548338276826,0.015494766053361905,0.07553779928306448,0.13530421417361704,2.148335055426853,3.1555575785048675,1.6887478320167382,0.016367084555021744,0.07601170096377025,0.1368787795532395,2.0491131475337823,2.9152771243099425,1.6671626585708843,0.016307750304569667,0.07291943251452782,0.13131463793105697
WBDS33,walkT07,2.6555276030521417,3.38349642189524,2.3993815917356804,0.020849400917249964,0.09213825413457732,0.1648183623851333,2.512918795895003,2.783648475556982,2.427433010414981,0.018047521080999968,0.08778458343514121,0.15705013030204173,2.6555276030521417,3.38349642189524,2.3993815917356804,0.020849400917249964,0.09213825413457732,0.1648183623851333,2.5201798015104075,2.81235253221524,2.427433010414981,0.01813848755992294,0.08800406877360228,0.15744606950785195,2.4287596939620437,3.8537146012123076,1.8061613773321672,0.01900995006148287,0.08458827822263255,0.1521167570673724,2.2299858358476823,3.2821779269496423,1.8068307682288678,0.018276395460487888,0.07856614703036685,0.14129709322180964
WBDS33,walkT08,3.1278872841493826,3.5640124227198644,2.986193299971156,0.024331135926790527,0.10958432980572756,0.19497947886724726,3.227404998759443,3.7701307326725777,3.0477568976387626,0.02321976808337347,0.11272230030694093,0.20070811143691003,3.1274011506609254,3.562221804683039,2.986167215845344,0.024325001033948312,0.1095692752291756,0.19495268337269142,3.2356547882766655,3.8008981060108176,3.0477568976387626,0.023325619232065508,0.11297675944274943,0.20116368331683127,3.574978027045306,4.853001370345606,3.0956681568702265,0.027557312090036527,0.12320763247535396,0.22184777953636706,3.1649129376477765,3.677785555397081,2.9958195630317084,0.02323126108644502,0.11045748693930058,0.19874045659722364
WBDS34,walkT01,2.9611255972580843,3.516892086399637,2.3527614478183905,0.01638340941130092,0.10234790436107194,0.17931761691560633,3.0532674275153022,3.658288440617516,2.382495978964275,0.017077810017841324,0.10558648135118573,0.18492831278888575,2.9611255972580843,3.516892086399637,2.3527614478183905,0.01638340941130092,0.10234790436107194,0.17931761691560633,3.053337503477779,3.6584120615092033,2.382495978964275,0.017078913683913084,0.10558904047961068,0.18493259121259992,4.538217093196964,5.190430788488101,3.8597824809842605,0.02453834496699688,0.15689025080068641,0.2758017258481959,4.461308728766267,5.106707802083289,3.789248122616231,0.024011370302126293,0.15420160685332887,0.2711088636585314
WBDS34,walkT02,2.848624307953785,3.0891500104862573,2.692796026373857,0.014519478210652867,0.09534464361383209,0.16797533859915234,2.9058509049296553,3.2193887719902876,2.698666500622155,0.015027485656208327,0.09728815229073287,0.17132461529661916,2.848624307953785,3.0891500104862573,2.692796026373857,0.014519478210652867,0.09534464361383209,0.16797533859915234,2.9066186441962203,3.221227582174102,2.698666500622155,0.015030638365486884,0.0973138479526666,0.17136962143623244,3.9663708371922306,4.596957270449811,3.530892412038619,0.02054942310008063,0.13301464988432612,0.23468396605406908,3.921061814509517,4.500434121766255,3.524865548814878,0.020095099750619558,0.13146346836939274,0.23199956453857978
WBDS34,walkT03,2.5920387540800633,2.88178725704382,2.4354628841001644,0.014118918956612159,0.08795471479473814,0.15473760291361424,2.6982207839063608,3.1187380624870857,2.462990596432951,0.014800393606930097,0.09154315221953117,0.16104172708051115,2.5920387540800633,2.88178725704382,2.4354628841001644,0.014118918956612159,0.08795471479473814,0.15473760291361424,2.6995537300452104,3.122213721422609,2.462990596432951,0.014804948094022266,0.09158682640484014,0.16112067179150186,3.8671895044678513,4.383876984806124,3.5831853007220915,0.020252399969142364,0.13128899536168304,0.23197271905123112,3.7420588616668353,4.148727059892003,3.522830711305745,0.019408736315831704,0.12705164312722764,0.22449574682778872
WBDS34,walkT04,2.858182279748056,2.9616339530336417,2.8111390551995084,0.014970126682811334,0.0956818872832041,0.1690061211734982,2.989514392223407,3.2415348180161985,2.870812833952595,0.015740470887070354,0.10007950130903738,0.17676601459920552,2.858182279748056,2.9616339530336417,2.8111390551995084,0.014970126682811334,0.0956818872832041,0.1690061211734982,2.9902782225657014,3.2438289943021634,2.870812833952595,0.01574537335877852,0.10010494257412833,0.1768107977177091,4.303420184417916,4.722480178650422,4.104133419332299,0.021071725363412168,0.1444396890295492,0.25605069300889105,4.081769336813594,4.36889174010921,3.9479124266141725,0.01969739226826188,0.13701290641593133,0.24291336206022235
WBDS34,walkT05,3.0908710012381957,2.8790518348908654,3.1959598231047557,0.01676744273792416,0.10514869498371175,0.18541334534625864,3.1515174837294655,3.0308641160416427,3.212752660430428,0.01715840841087289,0.1072108340977999,0.18902786628365267,3.0908710012381957,2.8790518348908654,3.1959598231047557,0.01676744273792416,0.10514869498371175,0.18541334534625864,3.1519548195410327,3.03218905392699,3.212752660430428,0.01716027321913988,0.1072253684973524,0.1890535971076021,4.34367463190959,4.316986857476276,4.357552962194063,0.021813826705489793,0.1481859498243589,0.2625741456224473,4.2437933535145245,4.0980548401034,4.317980249890791,0.020898031703961022,0.14483258250004252,0.25667994746568007
WBDS34,walkT06,3.3413451332207056,2.577805349875799,3.641476182958591,0.018017259141566,0.11154408505214686,0.19642779813078393,3.382269938729128,2.7039194246963802,3.654343734653353,0.017962323392861364,0.11288225468900027,0.19879940919671915,3.3413451332207056,2.577805349875799,3.641476182958591,0.018017259141566,0.11154408505214686,0.19642779813078393,3.383349043998647,2.708177480967151,3.654343734653353,0.01796579785917664,0.11291717833745689,0.19886092473134473,4.174100667484999,4.128379873987771,4.195132966061559,0.020511887111526902,0.1395066832790897,0.24681874941174242,4.071796163145974,3.909551312635192,4.144876736598953,0.019810308584907774,0.1361823287775627,0.2409594994832229
WBDS34,walkT07,3.7623258085368168,2.7262861345903575,4.11790266955512,0.020234563307777596,0.12522125049404065,0.22028804392947382,3.80667472969124,2.8695169179195004,4.135050264876059,0.02017435957803518,0.12665694386374313,0.2228049905451744,3.7623258085368168,2.7262861345903575,4.11790266955512,0.020234563307777596,0.12522125049404065,0.22028804392947382,3.806923074508447,2.870636589836991,4.135050264876059,0.02017521324919843,0.12666490380888296,0.22281884122125495,4.319335434018903,3.8502534955394143,4.500442493292034,0.021258380459085433,0.14411657254475574,0.2549280024356268,4.212812947911052,3.4899628154777482,4.479799457670992,0.020387774034220336,0.14072944550274868,0.24898868439635086
WBDS34,walkT08,3.498441578872955,2.988356539184715,3.6887348521455046,0.02019305865224947,0.11675979992211467,0.2045922286013971,3.4342055305818975,2.617576491861468,3.7197480280748056,0.018530708789509888,0.11461979758203501,0.20093134812978786,3.5027256111967935,3.005355512214276,3.6887723422430496,0.020205400610025515,0.11689537733166909,0.20482568917065858,3.4362365768122176,2.6266747712635587,3.7197480280748056,0.018537229539576976,0.11468386776766631,0.20104163736515002,2.7728339408074945,3.238736895496906,2.555566133083884,0.014782509254307517,0.09235453175213945,0.16223171066255931,2.6013478113448385,2.670169782610886,2.5723630728356026,0.013667023779092442,0.08698544360316669,0.1529310472977306
WBDS35,walkT01,2.1306655414262416,1.8794065729365752,2.32042863780767,0.011890375521790682,0.07850348459488732,0.14108286162804948,2.271703984377689,2.1430492922426216,2.374190680953399,0.012507116261818229,0.08303751899838367,0.1493096690056278,2.1306655414262416,1.8794065729365752,2.32042863780767,0.011890375521790682,0.07850348459488732,0.14108286162804948,2.272331834087692,2.144508447449885,2.374190680953399,0.012509912400260668,0.08305825917654355,0.14934493385111053,4.1003219264369175,3.3639023820895204,4.628246357586391,0.019107409093009217,0.14423329503938528,0.26114408090813873,3.8865935173430466,2.9994421288424418,4.497422571956347,0.018035119650246362,0.13707927537893017,0.24817396816965934
WBDS35,walkT02,1.3538345670146967,1.502713921457713,1.2423214956180495,0.00857229033232864,0.050446981659716124,0.09003934165715809,1.5014362324665858,1.7661476273432837,1.290540348571166,0.008911766445812987,0.05523699212320803,0.09844341400674196,1.3538345670146967,1.502713921457713,1.2423214956180495,0.00857229033232864,0.050446981659716124,0.09003934165715809,1.501786867058929,1.7668835202480606,1.290540348571166,0.008912725680660708,0.05524878749821241,0.09846396768132795,2.784925904897132,2.5612977097529632,2.9274016932196423,0.013117612554574613,0.09867243931986515,0.17638170415990834,2.6500041571000694,2.3175177748405393,2.8542692490342927,0.012565417509710656,0.09413119751322986,0.1683462075224413
WBDS35,walkT03,1.9571465246495687,2.443763750144189,1.5842610870597622,0.012328020084795327,0.06987627066914806,0.1251501034949154,2.1835471116333753,2.8558331773384866,1.636707037303238,0.012658796299455956,0.07777615605482746,0.13854900277821436,1.9571465246495687,2.443763750144189,1.5842610870597622,0.012328020084795327,0.06987627066914806,0.1251501034949154,2.184075097968251,2.856891486321091,1.636707037303238,0.012660293890896918,0.07779503090816485,0.13858109541544578,3.7969627159841246,4.019230830802976,3.653172389661662,0.01849117365943323,0.13397562373594085,0.23892761108639618,3.523743640754905,3.465869919273706,3.5589610002511747,0.017595574498555203,0.12445285312247116,0.22255960013406184
WBDS35,walkT04,2.148847189194902,3.0616931220074024,1.4692089982339727,0.014725900678349134,0.07464197815314626,0.13414951223319277,2.3374401895513417,3.416187376630396,1.501628656377304,0.01432940218779985,0.08153554160921508,0.14527608688904595,2.148847189194902,3.0616931220074024,1.4692089982339727,0.014725900678349134,0.07464197815314626,0.13414951223319277,2.3381842706713116,3.417681202560406,1.501628656377304,0.014331362374208133,0.081562541649279,0.14532104909171775,3.8962961655287986,4.868312083325647,3.2828044794095765,0.019953927785925866,0.13598715794282282,0.24149472787140433,3.550308642049157,4.081270662671422,3.2418902105832754,0.019079271235219953,0.12397568620818812,0.22103755004522097
WBDS35,walkT05,2.318254454036007,3.3591251254580925,1.5437068685300253,0.014890308645195237,0.07944350065173295,0.1421051097668408,2.4959860481227953,3.6838161111436754,1.585638699885098,0.014203397550394093,0.08607486340258007,0.1524028418772265,2.318254454036007,3.3591251254580925,1.5437068685300253,0.014890308645195237,0.07944350065173295,0.1421051097668408,2.4970186848237272,3.685897851624841,1.585638699885098,0.014209906924999764,0.08611068282622651,0.1524643862391701,3.9004849941823565,5.374893352865927,2.8794649942943806,0.020208295162344937,0.13452321599652686,0.2369055578313746,3.595014193774433,4.719258257710553,2.862281628238643,0.019363488269203113,0.12395365032193816,0.21903046604781481
WBDS35,walkT06,3.1342831991658944,4.808119750059863,1.9417584563433532,0.021598096665106144,0.10559781936918758,0.18933963232731071,3.4343681224861804,5.382916571410787,1.9929571049150523,0.02069399531836057,0.11661101261084886,0.20690112511714062,3.1342831991658944,4.808119750059863,1.9417584563433532,0.021598096665106144,0.10559781936918758,0.18933963232731071,3.435024897755061,5.384255840296203,1.9929571049150523,0.020700724283745715,0.11663287735354301,0.20694016985537705,5.202084801930612,7.387841898516243,3.8120386898914282,0.028268461049386552,0.17750324073733095,0.31382322042479616,4.640884189911242,6.127565455313278,3.7746907935886522,0.026993469213135043,0.15806895568517682,0.28098653459272177
WBDS35,walkT07,3.5485728913946186,5.377769379806891,2.3573649761156346,0.023337531246769128,0.12027784718268013,0.21306977453423076,4.122849027751579,6.5559598527015845,2.408900730479744,0.0230452869616109,0.14070992899415577,0.24657579845121222,3.5485728913946186,5.377769379806891,2.3573649761156346,0.023337531246769128,0.12027784718268013,0.21306977453423076,4.125216164318787,6.560902981588685,2.408900730479744,0.023068989644106107,0.14078803989569114,0.24671421808139757,6.113765304157103,8.82191727320202,4.4665873865532335,0.032593285377298116,0.20875357536837158,0.3656278981952539,5.285196697344154,6.982969695942118,4.354190897531928,0.030414895721085414,0.18012714250139322,0.3173836868667368
WBDS35,walkT08,4.4290562629559265,6.435818485926854,3.2815375041164048,0.03141167840882999,0.14829995217035927,0.2658577065878207,4.870605137675588,7.383217007682073,3.3508429428444617,0.03068279838573126,0.1640546974133183,0.290764546153196,4.4290562629559265,6.435818485926854,3.2815375041164048,0.03141167840882999,0.14829995217035927,0.2658577065878207,4.882741323461399,7.410934037769318,3.3508429428444617,0.030819573528743333,0.16444282113642975,0.29145972625799255,7.6638319923706275,9.821306064543215,6.5898030305565305,0.03992430110518784,0.2594004044246504,0.4565811897462703,7.036616024926065,8.276059635200802,6.466215408300892,0.03834970393837465,0.23802504047224002,0.4211910244361978
WBDS36,walkT01,2.945891260395035,2.6312623830212356,3.188098771745242,0.012559190441423127,0.11529385033018529,0.21442790062612863,2.96861864850257,2.681252139933662,3.1917633145957356,0.012632081623305393,0.11617843383269712,0.21605667948438906,2.945891260395035,2.6312623830212356,3.188098771745242,0.012559190441423127,0.11529385033018529,0.21442790062612863,2.969069290417317,2.6823402314743094,3.1917633145957356,0.01263430300749242,0.1161958831050777,0.21608873277643406,5.354598302202577,4.377057411231445,6.060220341509308,0.023155986080187183,0.20918266182009435,0.38849852658497036,5.332837066979648,4.324863581849071,6.056511840767593,0.0230522306951923,0.20832647766327958,0.3869402561548639
WBDS38,walkT01,1.510004565109527,1.5409642745587826,1.4803579777394746,0.007921277977154476,0.058166142961377926,0.11153693683132593,1.5224775986673544,1.5512743700676876,1.4949454363160135,0.007921043465729742,0.058630849117014196,0.11242232802382984,1.510004565109527,1.5409642745587826,1.4803579777394746,0.007921277977154476,0.058166142961377926,0.11153693683132593,1.5224775986673544,1.5512743700676876,1.4949454363160135,0.007921043465729742,0.058630849117014196,0.11242232802382984,1.2638454558729622,1.6067148599079373,0.8206978701559564,0.007179554755177291,0.048748373860143315,0.0932240144143971,1.219465512376825,1.5448025428149568,0.8018902037473222,0.006841838722517082,0.047071384674132105,0.09001458722249299
WBDS38,walkT02,2.01412989350115,2.2304413869482715,1.8124303592120188,0.011406518349447236,0.07743041233838087,0.1480547923017813,2.1469839412686054,2.3820318388279564,1.9273477802856211,0.011863409992307328,0.0824680643163693,0.15764348021640176,2.01412989350115,2.2304413869482715,1.8124303592120188,0.011406518349447236,0.07743041233838087,0.1480547923017813,2.1469839412686054,2.3820318388279564,1.9273477802856211,0.011863409992307328,0.0824680643163693,0.15764348021640176,2.071364547439103,2.394608406657601,1.754147257976129,0.011286264478738603,0.0795898918020929,0.15191762919473997,1.6369120983012302,2.026404932314739,1.216574584304402,0.009041185264685244,0.06317767867651791,0.12039786697771786
WBDS38,walkT03,2.1887112056116904,2.5263070951975317,1.9182479705288462,0.012969989217690325,0.08287897338995293,0.1584437124678605,2.280728304495659,2.687583393504264,1.9470862816013235,0.012916840998919165,0.0863657098761567,0.16496155576418092,2.1887112056116904,2.5263070951975317,1.9182479705288462,0.012969989217690325,0.08287897338995293,0.1584437124678605,2.28072488668298,2.687576336740459,1.9470862816013235,0.01291682447449646,0.08636558474579047,0.16496131627658955,2.066636383910517,2.7011246093415995,1.469692533952314,0.011464880362237183,0.0782297818399938,0.14902584822808893,1.9365962490853847,2.5283684478636053,1.3807881341839519,0.010936118137333969,0.07335208634427577,0.13973747703249356
WBDS38,walkT04,2.3962135904493067,3.0941999752984257,1.8328413740640381,0.015535726392209244,0.08941694006805803,0.17083290398988854,2.486782959820234,3.2516126478266423,1.858891158978233,0.014971314356238425,0.09296390767327511,0.1772817015825596,2.3962135904493067,3.0941999752984257,1.8328413740640381,0.015535726392209244,0.08941694006805803,0.17083290398988854,2.486782959820234,3.2516126478266423,1.858891158978233,0.014971314356238425,0.09296390767327511,0.1772817015825596,2.5373969827272136,3.5563885211520847,1.6055762796996826,0.014792274023347932,0.09472595953961249,0.18015292695022778,2.35785850987731,3.265461354803969,1.544816482754032,0.01429773776092396,0.08804177275526262,0.1675451202357315
WBDS38,walkT05,2.6788806508453575,3.7982575154202713,1.8297831075783404,0.017606080074399295,0.09892544938031948,0.18767085125154945,2.8787365513915146,4.189394948222662,1.8427279812700041,0.017302237383152147,0.10636629099238028,0.20144855940137077,2.6788806508453575,3.7982575154202713,1.8297831075783404,0.017606080074399295,0.09892544938031948,0.18767085125154945,2.8789849791171203,4.1898889464368985,1.8427279812700041,0.017303598408534192,0.106375380575018,0.20146563825899663,3.1339099479714663,4.791389560693881,1.6986405609817852,0.01849938716517606,0.11543965584228763,0.2181734609555906,2.874953445635801,4.301383963378212,1.6912454120543072,0.017737876792162006,0.10600309148616528,0.2004066818236906
WBDS38,walkT06,3.276401201097708,4.377499458977738,2.567925389908633,0.021071281962132902,0.11903314997655529,0.22415053097622553,3.4439705475115856,4.731467666371538,2.58641367863316,0.020001822623017293,0.12508848163947908,0.2354064972774441,3.276401201097708,4.377499458977738,2.567925389908633,0.021071281962132902,0.11903314997655529,0.22415053097622553,3.446774867253585,4.7376620677650125,2.58641367863316,0.020014939311765918,0.12519016351371226,0.23559349047083178,3.418369540145672,4.911689615204625,2.3608678731764354,0.020282314195928797,0.12388933526900621,0.23270506908138755,3.228969659537513,4.48436415754097,2.3809260912225847,0.0195225606422679,0.11728137171127567,0.22018334428298805
WBDS38,walkT07,4.1402266954067795,6.152393883469881,2.8062913886261844,0.02952029300434953,0.1502454712800231,0.27444877377188004,4.314733805643468,6.433702160186331,2.9028869225916387,0.027187198366105798,0.15658906207047105,0.28532065704210696,4.140503847089559,6.153053970511137,2.806235733290904,0.029517157355338927,0.15025513155216777,0.2744655747636906,4.317099439096365,6.436719464010901,2.904984236628267,0.027196571081243376,0.15666960906008623,0.2854747575662861,4.1155692894430596,7.0790351708433175,1.4473934678913494,0.025862778102644,0.14829622317090152,0.2682325132266212,3.748347317142133,6.381073598184284,1.4554758617422565,0.024972264677364714,0.13531650525717356,0.24500112958398132
WBDS41,walkT01,5.95924599821423,6.982852190384427,5.938926508388728,0.05193781010019826,0.24518247870661966,0.43928252396511513,6.0400233063074,7.079616676268004,6.019383056216149,0.05217911740652366,0.24685000465438486,0.4422483556949794,5.959057108134321,6.974572866101857,5.9389110648881145,0.05193751055727639,0.24517884135233503,0.43927569166989416,6.039957827276364,6.99046296370451,6.021217432011475,0.052185354922058,0.24685094438224103,0.44224545821095873,12.267300059289834,7.000676787195936,12.34255150389574,0.0667316424161954,0.3945369438745701,0.7135172527370345,12.079293901392658,4.801999757047017,12.171742602700398,0.06610500319738997,0.3896963928993096,0.7047369388834615
