subject,trial,speed,mass,n,dx_align,tau,r_align,lab_ok,fy_rmse_pctBW,newton_check_pctBW,newton_check_lab_pctBW,SoleID_stance,SoleID_ds,SoleID_ankle,SoleID_ankle_r,SoleID_knee,SoleID_knee_r,SoleID_hip,SoleID_hip_r,SoleID_lab_kin_stance,SoleID_lab_kin_ds,SoleID_lab_kin_ankle,SoleID_lab_kin_ankle_r,SoleID_lab_kin_knee,SoleID_lab_kin_knee_r,SoleID_lab_kin_hip,SoleID_lab_kin_hip_r,Newton_prop_stance,Newton_prop_ds,Newton_prop_ankle,Newton_prop_ankle_r,Newton_prop_knee,Newton_prop_knee_r,Newton_prop_hip,Newton_prop_hip_r,NoShear_stance,NoShear_ds,NoShear_ankle,NoShear_ankle_r,NoShear_knee,NoShear_knee_r,NoShear_hip,NoShear_hip_r,layer,h_vpp,w_prior,w_torque,fc_smooth
Subj04,walk_09,0.25,75.2,6353,0.0,0.560000000000004,0.9176544641963016,True,6.654086841046407,0.8377048296365638,1.3563069083739985,1.6115040109305114,1.636648333758459,0.2042993755680895,0.9215819940622905,0.16534175884911553,0.8294866267458072,0.34772727997185193,-0.333918336146669,1.3432239974119498,1.499477754111101,0.2188189784329453,0.9078734755795312,0.2127072301419526,0.7078807104300245,0.2357214618718751,0.5882975386963318,1.44437965103643,1.6510076875495208,0.20570417969347118,0.9369944731929363,0.19589588005061612,0.7048649485098376,0.38545306283098313,0.3991572183617269,2.089479410264581,2.309903015020907,0.2094485597007592,0.9338804694457219,0.21793151721680798,0.48527397556891316,0.4206138103277119,0.3860344955985931,wang,0.3,1.0,0.0,12.0
Subj04,walk_09,0.25,75.2,6353,0.0,0.560000000000004,0.9176544641963016,True,6.654086841046407,0.8377048296365638,1.3563069083739985,1.7674006418097765,1.7296010014525975,0.2020257317911211,0.9223829541104945,0.15487341663109597,0.8454107040574625,0.32852752110116346,-0.27652600726162097,1.3423882328487748,1.527501112711954,0.21897699742152085,0.9073840016669779,0.21207159237384451,0.7024744972771569,0.23303096059385664,0.6596578582157399,1.44437965103643,1.6510076875495208,0.20570417969347118,0.9369944731929363,0.19589588005061612,0.7048649485098376,0.38545306283098313,0.3991572183617269,2.089479410264581,2.309903015020907,0.2094485597007592,0.9338804694457219,0.21793151721680798,0.48527397556891316,0.4206138103277119,0.3860344955985931,wang,0.3,2.0,0.0,12.0
Subj04,walk_09,0.25,75.2,6353,0.0,0.560000000000004,0.9176544641963016,True,6.654086841046407,0.8377048296365638,1.3563069083739985,1.4431042821683822,1.4395497123577132,0.20431645882022628,0.9227125533372115,0.16472220780529612,0.834938339515247,0.3456484125926107,-0.19029685352968564,1.177253274903324,1.2966994980340982,0.21849577146753726,0.9091728555910287,0.2107346935378986,0.7147537606203557,0.22941944410809745,0.6642978618373286,1.44437965103643,1.6510076875495208,0.20570417969347118,0.9369944731929363,0.19589588005061612,0.7048649485098376,0.38545306283098313,0.3991572183617269,2.089479410264581,2.309903015020907,0.2094485597007592,0.9338804694457219,0.21793151721680798,0.48527397556891316,0.4206138103277119,0.3860344955985931,wang,0.4,1.0,0.0,12.0
Subj04,walk_09,0.25,75.2,6353,0.0,0.560000000000004,0.9176544641963016,True,6.654086841046407,0.8377048296365638,1.3563069083739985,1.493717724924374,1.5824593753415268,0.2064476606940013,0.9206080455731769,0.17510303399822238,0.8114926748292044,0.3656639060509845,-0.36617672488446434,1.3745293604493964,1.4992513717543197,0.21864009906441442,0.9083152238436496,0.21327644855615907,0.7120373776089057,0.2384724669722389,0.5245668502022226,1.44437965103643,1.6510076875495208,0.20570417969347118,0.9369944731929363,0.19589588005061612,0.7048649485098376,0.38545306283098313,0.3991572183617269,2.089479410264581,2.309903015020907,0.2094485597007592,0.9338804694457219,0.21793151721680798,0.48527397556891316,0.4206138103277119,0.3860344955985931,wang,0.3,0.5,0.0,12.0
Subj04,walk_09,0.25,75.2,6353,0.0,0.560000000000004,0.9176544641963016,True,6.654086841046407,0.8377048296365638,1.3563069083739985,1.6919836155654786,1.820758480980833,0.20666632120728354,0.919153588161588,0.17710126466107642,0.8027693256872254,0.37023271322023793,-0.5072899277676431,1.569663835805833,1.7421148186648385,0.21906288199122442,0.9067571190133564,0.21607316321354836,0.7027005843745081,0.24688160568848744,0.3888395244533832,1.44437965103643,1.6510076875495208,0.20570417969347118,0.9369944731929363,0.19589588005061612,0.7048649485098376,0.38545306283098313,0.3991572183617269,2.089479410264581,2.309903015020907,0.2094485597007592,0.9338804694457219,0.21793151721680798,0.48527397556891316,0.4206138103277119,0.3860344955985931,wang,0.2,0.5,0.0,12.0
Subj04,walk_09,0.25,75.2,6353,0.0,0.560000000000004,0.9176544641963016,True,6.654086841046407,0.8377048296365638,1.3563069083739985,1.5964270080507583,1.5390373938381035,0.20222139225958005,0.9234037352851296,0.15482818084871303,0.8503590407839265,0.3274697884800701,-0.11963227696998649,1.177368262628071,1.3304934976113763,0.21867537998576383,0.9086449580545465,0.21019620328175037,0.7089370261629807,0.22682111548215175,0.7219804358679679,1.44437965103643,1.6510076875495208,0.20570417969347118,0.9369944731929363,0.19589588005061612,0.7048649485098376,0.38545306283098313,0.3991572183617269,2.089479410264581,2.309903015020907,0.2094485597007592,0.9338804694457219,0.21793151721680798,0.48527397556891316,0.4206138103277119,0.3860344955985931,wang,0.4,2.0,0.0,12.0
Subj04,walk_09,0.25,75.2,6353,0.0,0.560000000000004,0.9176544641963016,True,6.654086841046407,0.8377048296365638,1.3563069083739985,1.8137750816477536,1.8724413713877222,0.20432010628311775,0.9202638322969608,0.16678179121357012,0.8215282090259691,0.35127705485064076,-0.4956666045967183,1.5437272313144288,1.7422043077575933,0.2192153100816221,0.9063544388123412,0.2154103919459161,0.6988881706660339,0.2441134011436023,0.44646244849016126,1.44437965103643,1.6510076875495208,0.20570417969347118,0.9369944731929363,0.19589588005061612,0.7048649485098376,0.38545306283098313,0.3991572183617269,2.089479410264581,2.309903015020907,0.2094485597007592,0.9338804694457219,0.21793151721680798,0.48527397556891316,0.4206138103277119,0.3860344955985931,wang,0.2,1.0,0.0,12.0
Subj04,walk_09,0.25,75.2,6353,0.0,0.560000000000004,0.9176544641963016,True,6.654086841046407,0.8377048296365638,1.3563069083739985,1.328429506551315,1.3823243324479848,0.2062914512037203,0.9218551177090423,0.1739250822724068,0.8176616489460613,0.36258491922249386,-0.23787286083088208,1.2139713385273132,1.2963332030008938,0.21829403297903327,0.9096473958172124,0.21121602102669762,0.7192132526105909,0.2321294411051708,0.6064394325533538,1.44437965103643,1.6510076875495208,0.20570417969347118,0.9369944731929363,0.19589588005061612,0.7048649485098376,0.38545306283098313,0.3991572183617269,2.089479410264581,2.309903015020907,0.2094485597007592,0.9338804694457219,0.21793151721680798,0.48527397556891316,0.4206138103277119,0.3860344955985931,wang,0.4,0.5,0.0,12.0
Subj04,walk_09,0.25,75.2,6353,0.0,0.560000000000004,0.9176544641963016,True,6.654086841046407,0.8377048296365638,1.3563069083739985,1.9735283197033677,1.9596337030356858,0.20184302405315213,0.9211925289364519,0.15576501400168943,0.8379595142200001,0.33107563007419905,-0.46084916778120366,1.5425916186908835,1.765093449093714,0.21934838521467456,0.9059103946328761,0.21467295801511296,0.6939311793658299,0.24135690037797047,0.5200484858682455,1.44437965103643,1.6510076875495208,0.20570417969347118,0.9369944731929363,0.19589588005061612,0.7048649485098376,0.38545306283098313,0.3991572183617269,2.089479410264581,2.309903015020907,0.2094485597007592,0.9338804694457219,0.21793151721680798,0.48527397556891316,0.4206138103277119,0.3860344955985931,wang,0.2,2.0,0.0,12.0
Subj04,walk_09,0.25,75.2,6353,0.0,0.560000000000004,0.9176544641963016,True,6.654086841046407,0.8377048296365638,1.3563069083739985,1.4572698087223643,1.534395571126301,0.20657273685203703,0.9204293587590425,0.17511885268154845,0.8107726890726668,0.36586565805911864,-0.3708803142524448,1.3689525728494985,1.4940523567475696,0.21853479735004847,0.9088006574006992,0.21300498719316124,0.7166440419672852,0.23767240374006893,0.5505787688492175,1.44437965103643,1.6510076875495208,0.20570417969347118,0.9369944731929363,0.19589588005061612,0.7048649485098376,0.38545306283098313,0.3991572183617269,2.089479410264581,2.309903015020907,0.2094485597007592,0.9338804694457219,0.21793151721680798,0.48527397556891316,0.4206138103277119,0.3860344955985931,wang,0.3,0.5,2.0,5.0
Subj04,walk_09,0.25,75.2,6353,0.0,0.560000000000004,0.9176544641963016,True,6.654086841046407,0.8377048296365638,1.3563069083739985,1.299056885463306,1.3433079926714988,0.20640588336146867,0.9216937661042528,0.17399275869079106,0.8171167726449446,0.36286576960270495,-0.24245465425140394,1.2152347429937282,1.3004660306537372,0.21818623947488947,0.9101179767618529,0.21094280019399525,0.7241337147594377,0.23139775872984195,0.6295961560438583,1.44437965103643,1.6510076875495208,0.20570417969347118,0.9369944731929363,0.19589588005061612,0.7048649485098376,0.38545306283098313,0.3991572183617269,2.089479410264581,2.309903015020907,0.2094485597007592,0.9338804694457219,0.21793151721680798,0.48527397556891316,0.4206138103277119,0.3860344955985931,wang,0.4,0.5,2.0,5.0
Subj04,walk_09,0.25,75.2,6353,0.0,0.560000000000004,0.9176544641963016,True,6.654086841046407,0.8377048296365638,1.3563069083739985,1.4817565009481137,1.5687775672792426,0.20650886577779573,0.9204901849294121,0.17514518401883714,0.8109075340770748,0.3658550393039832,-0.3693561478716193,1.3767468015943245,1.5018949336272172,0.21860018338062748,0.9084943863014682,0.21317632747470142,0.7138694434661688,0.23825764362923693,0.5333879093536987,1.44437965103643,1.6510076875495208,0.20570417969347118,0.9369944731929363,0.19589588005061612,0.7048649485098376,0.38545306283098313,0.3991572183617269,2.089479410264581,2.309903015020907,0.2094485597007592,0.9338804694457219,0.21793151721680798,0.48527397556891316,0.4206138103277119,0.3860344955985931,wang,0.3,0.5,2.0,8.0
Subj04,walk_09,0.25,75.2,6353,0.0,0.560000000000004,0.9176544641963016,True,6.654086841046407,0.8377048296365638,1.3563069083739985,1.3184145948298935,1.371190732413035,0.2063468580178284,0.9217479198519978,0.17397473229998842,0.8171735853458888,0.36278695896855834,-0.24115171447905204,1.2181999742272422,1.301607802048515,0.2182522907680924,0.9098236770275904,0.2111076200212506,0.7211919380923115,0.23192005934403426,0.6146391417635249,1.44437965103643,1.6510076875495208,0.20570417969347118,0.9369944731929363,0.19589588005061612,0.7048649485098376,0.38545306283098313,0.3991572183617269,2.089479410264581,2.309903015020907,0.2094485597007592,0.9338804694457219,0.21793151721680798,0.48527397556891316,0.4206138103277119,0.3860344955985931,wang,0.4,0.5,2.0,8.0
Subj04,walk_18,0.5,75.2,5984,0.0,0.564000000000004,0.9724591011616532,True,7.0556264220208895,1.606039927783886,2.7384304488751936,1.7336771528246253,1.7905113509566757,0.19067521973028934,0.9543155609784278,0.18315424619355947,0.835363175402934,0.37058853902457684,0.08629648040705053,1.5140306070061815,1.7117112281598503,0.21327996685173345,0.9441793792769902,0.21139917137078668,0.784918647246329,0.24382218601094635,0.6004977703872335,2.6831397606762644,3.3536664831168483,0.19196812845648784,0.9652222325557227,0.2255919021357042,0.610351028452761,0.44106115981700944,0.4832748868765566,3.9329302000046407,4.488131809754172,0.19418869500887934,0.9734331697549935,0.2532092756463043,0.17994877261826023,0.47546925816585267,0.6158192233546478,wang,0.3,1.0,0.0,12.0
Subj04,walk_18,0.5,75.2,5984,0.0,0.564000000000004,0.9724591011616532,True,7.0556264220208895,1.606039927783886,2.7384304488751936,1.8666906739008915,1.8612290624671115,0.1884533259273913,0.9552377656539724,0.17220064024483434,0.8503390927759817,0.3494248511470942,0.1851725949632368,1.388646571253357,1.6768459300490761,0.21376253017989877,0.9441874063364265,0.2092451637414226,0.7782365602625637,0.23306967418222577,0.7037499175923597,2.6831397606762644,3.3536664831168483,0.19196812845648784,0.9652222325557227,0.2255919021357042,0.610351028452761,0.44106115981700944,0.4832748868765566,3.9329302000046407,4.488131809754172,0.19418869500887934,0.9734331697549935,0.2532092756463043,0.17994877261826023,0.47546925816585267,0.6158192233546478,wang,0.3,2.0,0.0,12.0
Subj04,walk_18,0.5,75.2,5984,0.0,0.564000000000004,0.9724591011616532,True,7.0556264220208895,1.606039927783886,2.7384304488751936,1.5573717404674168,1.5343548646549796,0.19034153900851536,0.9557096179041946,0.18088202575130796,0.8367934472524939,0.36594929818040794,0.19719253402420828,1.3371267508603257,1.4558162132537906,0.2127447822584259,0.9456054286928435,0.20798809552296896,0.7871304998230901,0.23576007115436917,0.6528266246206829,2.6831397606762644,3.3536664831168483,0.19196812845648784,0.9652222325557227,0.2255919021357042,0.610351028452761,0.44106115981700944,0.4832748868765566,3.9329302000046407,4.488131809754172,0.19418869500887934,0.9734331697549935,0.2532092756463043,0.17994877261826023,0.47546925816585267,0.6158192233546478,wang,0.4,1.0,0.0,12.0
Subj04,walk_18,0.5,75.2,5984,0.0,0.564000000000004,0.9724591011616532,True,7.0556264220208895,1.606039927783886,2.7384304488751936,1.6556086819908424,1.7793622195393721,0.1927635930050608,0.9533135802784973,0.1933581926507498,0.8192179249014282,0.3902366090291395,0.014412605201527014,1.726014790456331,1.83666243583569,0.21278342282358637,0.9441610646935784,0.213995161992832,0.7898751285585348,0.2556532819111331,0.5167588790347288,2.6831397606762644,3.3536664831168483,0.19196812845648784,0.9652222325557227,0.2255919021357042,0.610351028452761,0.44106115981700944,0.4832748868765566,3.9329302000046407,4.488131809754172,0.19418869500887934,0.9734331697549935,0.2532092756463043,0.17994877261826023,0.47546925816585267,0.6158192233546478,wang,0.3,0.5,0.0,12.0
Subj04,walk_18,0.5,75.2,5984,0.0,0.564000000000004,0.9724591011616532,True,7.0556264220208895,1.606039927783886,2.7384304488751936,1.8881430672900514,2.1147503926621516,0.1934093105527372,0.9516280481180168,0.19753749350008434,0.814655562015776,0.3982403768399539,-0.13133686631612307,1.9409394999250882,2.154458120623011,0.21343627032601808,0.942511589246314,0.21857282152414767,0.7857817899946735,0.2663137905833397,0.43087803407628833,2.6831397606762644,3.3536664831168483,0.19196812845648784,0.9652222325557227,0.2255919021357042,0.610351028452761,0.44106115981700944,0.4832748868765566,3.9329302000046407,4.488131809754172,0.19418869500887934,0.9734331697549935,0.2532092756463043,0.17994877261826023,0.47546925816585267,0.6158192233546478,wang,0.2,0.5,0.0,12.0
Subj04,walk_18,0.5,75.2,5984,0.0,0.564000000000004,0.9724591011616532,True,7.0556264220208895,1.606039927783886,2.7384304488751936,1.6970408163510984,1.6252577009380453,0.18828416818012642,0.9566010876536297,0.17046292891514234,0.851827690050897,0.34572837600255174,0.29156608065787026,1.203090032989109,1.4201700584089485,0.21321335179339504,0.9456409506035522,0.20573877939533394,0.7810412107115657,0.22454546672795508,0.7425227088984311,2.6831397606762644,3.3536664831168483,0.19196812845648784,0.9652222325557227,0.2255919021357042,0.610351028452761,0.44106115981700944,0.4832748868765566,3.9329302000046407,4.488131809754172,0.19418869500887934,0.9734331697549935,0.2532092756463043,0.17994877261826023,0.47546925816585267,0.6158192233546478,wang,0.4,2.0,0.0,12.0
Subj04,walk_18,0.5,75.2,5984,0.0,0.564000000000004,0.9724591011616532,True,7.0556264220208895,1.606039927783886,2.7384304488751936,1.9675275495881748,2.1206385153122826,0.1911428047073104,0.9526723985764043,0.18692843245326726,0.8309608831066554,0.37784258719562297,-0.07373032486201103,1.7553997530299892,2.048480611906973,0.21394450550970612,0.9424923777689711,0.2161586128516804,0.7802038960735462,0.2552939163668936,0.5153829949418229,2.6831397606762644,3.3536664831168483,0.19196812845648784,0.9652222325557227,0.2255919021357042,0.610351028452761,0.44106115981700944,0.4832748868765566,3.9329302000046407,4.488131809754172,0.19418869500887934,0.9734331697549935,0.2532092756463043,0.17994877261826023,0.47546925816585267,0.6158192233546478,wang,0.2,1.0,0.0,12.0
Subj04,walk_18,0.5,75.2,5984,0.0,0.564000000000004,0.9724591011616532,True,7.0556264220208895,1.606039927783886,2.7384304488751936,1.4794909525524365,1.5164732842913444,0.19227189021933913,0.9547396859315901,0.19062716041237895,0.8208931117889315,0.38477131764765915,0.12252480776227151,1.571943669403519,1.5999403952207403,0.2122584909004122,0.9455517403021229,0.2107191903068843,0.7916243918382325,0.2482024962033707,0.5741499867976059,2.6831397606762644,3.3536664831168483,0.19196812845648784,0.9652222325557227,0.2255919021357042,0.610351028452761,0.44106115981700944,0.4832748868765566,3.9329302000046407,4.488131809754172,0.19418869500887934,0.9734331697549935,0.2532092756463043,0.17994877261826023,0.47546925816585267,0.6158192233546478,wang,0.4,0.5,0.0,12.0
Subj04,walk_18,0.5,75.2,5984,0.0,0.564000000000004,0.9724591011616532,True,7.0556264220208895,1.606039927783886,2.7384304488751936,2.0952660958745977,2.173482348249377,0.18873614233510275,0.9536350037273622,0.17552050426116683,0.8457531854241664,0.3558562435370042,0.014803337228899675,1.6423096759156746,2.0153098207649824,0.21444309156880087,0.9424722213756083,0.21414676265254076,0.7727609178202212,0.24520750035702668,0.631246579339688,2.6831397606762644,3.3536664831168483,0.19196812845648784,0.9652222325557227,0.2255919021357042,0.610351028452761,0.44106115981700944,0.4832748868765566,3.9329302000046407,4.488131809754172,0.19418869500887934,0.9734331697549935,0.2532092756463043,0.17994877261826023,0.47546925816585267,0.6158192233546478,wang,0.2,2.0,0.0,12.0
Subj04,walk_18,0.5,75.2,5984,0.0,0.564000000000004,0.9724591011616532,True,7.0556264220208895,1.606039927783886,2.7384304488751936,1.580977862352628,1.682111823432737,0.19275897157991836,0.9531381928921482,0.191753116235532,0.8206884002903181,0.388499207137892,0.010919859774052385,1.7359537347600498,1.8901573783852144,0.2125767609668885,0.9448444112585174,0.21291126816880782,0.7987581505461558,0.25243134247913973,0.5429484138193383,2.6831397606762644,3.3536664831168483,0.19196812845648784,0.9652222325557227,0.2255919021357042,0.610351028452761,0.44106115981700944,0.4832748868765566,3.9329302000046407,4.488131809754172,0.19418869500887934,0.9734331697549935,0.2532092756463043,0.17994877261826023,0.47546925816585267,0.6158192233546478,wang,0.3,0.5,2.0,5.0
Subj04,walk_18,0.5,75.2,5984,0.0,0.564000000000004,0.9724591011616532,True,7.0556264220208895,1.606039927783886,2.7384304488751936,1.422266540909135,1.4502240205793595,0.19226751839945996,0.9545434988694299,0.18914615857797942,0.8226161731585128,0.38318020789156093,0.11789638824772605,1.5942815730807998,1.6831194344645335,0.21205688447372717,0.9461655061041198,0.20963912487917444,0.8009123210744181,0.24495080626187926,0.5974420697274975,2.6831397606762644,3.3536664831168483,0.19196812845648784,0.9652222325557227,0.2255919021357042,0.610351028452761,0.44106115981700944,0.4832748868765566,3.9329302000046407,4.488131809754172,0.19418869500887934,0.9734331697549935,0.2532092756463043,0.17994877261826023,0.47546925816585267,0.6158192233546478,wang,0.4,0.5,2.0,5.0
Subj04,walk_18,0.5,75.2,5984,0.0,0.564000000000004,0.9724591011616532,True,7.0556264220208895,1.606039927783886,2.7384304488751936,1.6291603987403374,1.7469000568417847,0.1927747414375055,0.9531760013705631,0.19288663159939048,0.8191870395125201,0.38986569365691554,0.009269190874747573,1.74383713893193,1.8731500606337415,0.21269015169361447,0.9444230157341897,0.21372378349336782,0.7931396327189777,0.2550653163596794,0.52277632351185,2.6831397606762644,3.3536664831168483,0.19196812845648784,0.9652222325557227,0.2255919021357042,0.610351028452761,0.44106115981700944,0.4832748868765566,3.9329302000046407,4.488131809754172,0.19418869500887934,0.9734331697549935,0.2532092756463043,0.17994877261826023,0.47546925816585267,0.6158192233546478,wang,0.3,0.5,2.0,8.0
Subj04,walk_18,0.5,75.2,5984,0.0,0.564000000000004,0.9724591011616532,True,7.0556264220208895,1.606039927783886,2.7384304488751936,1.4570212217478045,1.4913244681214148,0.19227742598049352,0.954603631238701,0.19016650028112211,0.8209979755046675,0.38441329878706165,0.11750276411934683,1.5934442697600175,1.6455829478831645,0.2121650385706326,0.9457927347959474,0.21042809862558962,0.7950647722008783,0.24757967839275136,0.5795841654424468,2.6831397606762644,3.3536664831168483,0.19196812845648784,0.9652222325557227,0.2255919021357042,0.610351028452761,0.44106115981700944,0.4832748868765566,3.9329302000046407,4.488131809754172,0.19418869500887934,0.9734331697549935,0.2532092756463043,0.17994877261826023,0.47546925816585267,0.6158192233546478,wang,0.4,0.5,2.0,8.0
Subj04,walk_27,0.75,75.2,6171,0.0,0.564000000000004,0.9713446973767259,True,8.156870339552942,2.172929620471973,3.6391339338824666,2.2695765681042666,2.6591483299666185,0.17113278627090284,0.9761016520224179,0.20608428788100308,0.8852796549848934,0.38982056704396545,0.43366148914507036,2.1320454863220055,2.756117271418731,0.19742095539258822,0.9705080678932652,0.21667155755787673,0.8695449030256917,0.27325620690553576,0.657330776553293,3.7584655955831696,5.019161845002485,0.17375587890938893,0.9821657213968761,0.2744132849353159,0.6693623596172401,0.5050316892114098,0.6539385064665426,5.701399900022432,6.864722967127253,0.17941125234831995,0.9882737478235285,0.3216115959099694,0.35845175101366716,0.5653981199063605,0.7969818746146304,wang,0.3,1.0,0.0,12.0
Subj04,walk_27,0.75,75.2,6171,0.0,0.564000000000004,0.9713446973767259,True,8.156870339552942,2.172929620471973,3.6391339338824666,2.3634059820166793,2.7174462670559887,0.16895186492186012,0.9765049619441705,0.19408763895416362,0.8952291677692442,0.3664444465015927,0.5162461111067813,1.992069327030149,2.671455714520431,0.1980306295634148,0.9707288956563688,0.21166833919432593,0.8725833001975283,0.25490876310466354,0.7404365328993449,3.7584655955831696,5.019161845002485,0.17375587890938893,0.9821657213968761,0.2744132849353159,0.6693623596172401,0.5050316892114098,0.6539385064665426,5.701399900022432,6.864722967127253,0.17941125234831995,0.9882737478235285,0.3216115959099694,0.35845175101366716,0.5653981199063605,0.7969818746146304,wang,0.3,2.0,0.0,12.0
Subj04,walk_27,0.75,75.2,6171,0.0,0.564000000000004,0.9713446973767259,True,8.156870339552942,2.172929620471973,3.6391339338824666,2.0481156267371206,2.300839682016959,0.17034754317288323,0.9773207137191883,0.20286869865335627,0.8880683428556175,0.38189185145558907,0.5149831675773427,1.8979702304792092,2.4211337045848027,0.1967643954216921,0.9716501764578315,0.2125962090090683,0.8728126857320462,0.26393729155906387,0.7037908989945082,3.7584655955831696,5.019161845002485,0.17375587890938893,0.9821657213968761,0.2744132849353159,0.6693623596172401,0.5050316892114098,0.6539385064665426,5.701399900022432,6.864722967127253,0.17941125234831995,0.9882737478235285,0.3216115959099694,0.35845175101366716,0.5653981199063605,0.7969818746146304,wang,0.4,1.0,0.0,12.0
Subj04,walk_27,0.75,75.2,6171,0.0,0.564000000000004,0.9713446973767259,True,8.156870339552942,2.172929620471973,3.6391339338824666,2.229539628054477,2.656646009030194,0.1731702003566994,0.975629269346573,0.21692025186492306,0.8746841799128061,0.41092028419687276,0.36474920390222754,2.3595304414197713,2.9350912795116466,0.1968607336117728,0.9702777031641387,0.2221403899955246,0.8663611183511852,0.2917957206944842,0.5842406306850212,3.7584655955831696,5.019161845002485,0.17375587890938893,0.9821657213968761,0.2744132849353159,0.6693623596172401,0.5050316892114098,0.6539385064665426,5.701399900022432,6.864722967127253,0.17941125234831995,0.9882737478235285,0.3216115959099694,0.35845175101366716,0.5653981199063605,0.7969818746146304,wang,0.3,0.5,0.0,12.0
Subj04,walk_27,0.75,75.2,6171,0.0,0.564000000000004,0.9713446973767259,True,8.156870339552942,2.172929620471973,3.6391339338824666,2.5414720872877585,3.1452272380157273,0.17443592002871428,0.9741432237243579,0.2229480932521307,0.8672148009902589,0.4238667810518591,0.233633145382159,2.665244849065568,3.378943141549904,0.19772060909666153,0.9689113174699964,0.22817280138470072,0.8597851520930195,0.30532128549218784,0.504362150097945,3.7584655955831696,5.019161845002485,0.17375587890938893,0.9821657213968761,0.2744132849353159,0.6693623596172401,0.5050316892114098,0.6539385064665426,5.701399900022432,6.864722967127253,0.17941125234831995,0.9882737478235285,0.3216115959099694,0.35845175101366716,0.5653981199063605,0.7969818746146304,wang,0.2,0.5,0.0,12.0
Subj04,walk_27,0.75,75.2,6171,0.0,0.564000000000004,0.9713446973767259,True,8.156870339552942,2.172929620471973,3.6391339338824666,2.1608280946413596,2.3951594065173567,0.1683330662170382,0.9777233245380359,0.19154815600763045,0.8974414354785227,0.35948991053436435,0.5863705404139109,1.7580041736665522,2.3412189836122517,0.19736340541501066,0.9718913017243346,0.20747524700582146,0.876235900723813,0.24496219509989436,0.776183428496646,3.7584655955831696,5.019161845002485,0.17375587890938893,0.9821657213968761,0.2744132849353159,0.6693623596172401,0.5050316892114098,0.6539385064665426,5.701399900022432,6.864722967127253,0.17941125234831995,0.9882737478235285,0.3216115959099694,0.35845175101366716,0.5653981199063605,0.7969818746146304,wang,0.4,2.0,0.0,12.0
Subj04,walk_27,0.75,75.2,6171,0.0,0.564000000000004,0.9713446973767259,True,8.156870339552942,2.172929620471973,3.6391339338824666,2.5761800282008727,3.132476360614032,0.17223354880948058,0.9746211779527504,0.21171511934206635,0.8780926120702467,0.40224379762208545,0.30334113175533767,2.4614513236880087,3.2175170182399206,0.198288450460677,0.9691150109484682,0.22298363135250487,0.8622798182217383,0.2879328585491306,0.5829558226387295,3.7584655955831696,5.019161845002485,0.17375587890938893,0.9821657213968761,0.2744132849353159,0.6693623596172401,0.5050316892114098,0.6539385064665426,5.701399900022432,6.864722967127253,0.17941125234831995,0.9882737478235285,0.3216115959099694,0.35845175101366716,0.5653981199063605,0.7969818746146304,wang,0.2,1.0,0.0,12.0
Subj04,walk_27,0.75,75.2,6171,0.0,0.564000000000004,0.9713446973767259,True,8.156870339552942,2.172929620471973,3.6391339338824666,2.0005393478308706,2.280394399781205,0.17223408044482086,0.9768480844032659,0.213213912963173,0.8779373638841385,0.40228161825948966,0.4515117575574035,2.143735920867332,2.6156385990694573,0.19621243115351308,0.9713929261285843,0.2182564895471615,0.8692896297331723,0.2832652037419408,0.6368443698675915,3.7584655955831696,5.019161845002485,0.17375587890938893,0.9821657213968761,0.2744132849353159,0.6693623596172401,0.5050316892114098,0.6539385064665426,5.701399900022432,6.864722967127253,0.17941125234831995,0.9882737478235285,0.3216115959099694,0.35845175101366716,0.5653981199063605,0.7969818746146304,wang,0.4,0.5,0.0,12.0
Subj04,walk_27,0.75,75.2,6171,0.0,0.564000000000004,0.9713446973767259,True,8.156870339552942,2.172929620471973,3.6391339338824666,2.6534719021480835,3.1582511114958436,0.1698715917195705,0.9750307860163729,0.19916155535116786,0.8883549391351838,0.37813774535440575,0.39546512262518774,2.327611523113908,3.1302249367099146,0.19890834062422258,0.9693173391492875,0.21818551220437032,0.8644915487742438,0.2706105434502617,0.6791326788772502,3.7584655955831696,5.019161845002485,0.17375587890938893,0.9821657213968761,0.2744132849353159,0.6693623596172401,0.5050316892114098,0.6539385064665426,5.701399900022432,6.864722967127253,0.17941125234831995,0.9882737478235285,0.3216115959099694,0.35845175101366716,0.5653981199063605,0.7969818746146304,wang,0.2,2.0,0.0,12.0
Subj04,walk_27,0.75,75.2,6171,0.0,0.564000000000004,0.9713446973767259,True,8.156870339552942,2.172929620471973,3.6391339338824666,2.025908539174502,2.3717573276495236,0.1731435763608286,0.9756114276958644,0.2126874602287417,0.8801539125617561,0.4067140195315139,0.3955555599527272,2.3325993973654584,2.8839636714438535,0.19684324568134084,0.9705876118571934,0.22022900934411457,0.8719560647194874,0.2870495448815173,0.6065845471447523,3.7584655955831696,5.019161845002485,0.17375587890938893,0.9821657213968761,0.2744132849353159,0.6693623596172401,0.5050316892114098,0.6539385064665426,5.701399900022432,6.864722967127253,0.17941125234831995,0.9882737478235285,0.3216115959099694,0.35845175101366716,0.5653981199063605,0.7969818746146304,wang,0.3,0.5,2.0,5.0
Subj04,walk_27,0.75,75.2,6171,0.0,0.564000000000004,0.9713446973767259,True,8.156870339552942,2.172929620471973,3.6391339338824666,1.8473258942181816,2.0862218252323266,0.1722531558372357,0.9768013078496143,0.2097860671705428,0.8819689293018427,0.39916046459986576,0.47147574166478623,2.1531023392329764,2.630836731392,0.19618600514953335,0.9716528327733692,0.2166167907963894,0.8743577010265323,0.278999902979875,0.6537581746310064,3.7584655955831696,5.019161845002485,0.17375587890938893,0.9821657213968761,0.2744132849353159,0.6693623596172401,0.5050316892114098,0.6539385064665426,5.701399900022432,6.864722967127253,0.17941125234831995,0.9882737478235285,0.3216115959099694,0.35845175101366716,0.5653981199063605,0.7969818746146304,wang,0.4,0.5,2.0,5.0
Subj04,walk_27,0.75,75.2,6171,0.0,0.564000000000004,0.9713446973767259,True,8.156870339552942,2.172929620471973,3.6391339338824666,2.1629247143940113,2.56882866988694,0.17316778559674187,0.9755739841277773,0.2157810437603541,0.8758366018743662,0.40980084395396144,0.3697271590865152,2.3779665334665614,2.9577267568526677,0.19678631835424118,0.9704134104834519,0.22180388809599247,0.8680359392190746,0.29117196711316956,0.5874406632458435,3.7584655955831696,5.019161845002485,0.17375587890938893,0.9821657213968761,0.2744132849353159,0.6693623596172401,0.5050316892114098,0.6539385064665426,5.701399900022432,6.864722967127253,0.17941125234831995,0.9882737478235285,0.3216115959099694,0.35845175101366716,0.5653981199063605,0.7969818746146304,wang,0.3,0.5,2.0,8.0
Subj04,walk_27,0.75,75.2,6171,0.0,0.564000000000004,0.9713446973767259,True,8.156870339552942,2.172929620471973,3.6391339338824666,1.9442970748868522,2.2107591837352327,0.17223024437682868,0.976793850060884,0.21222032180071737,0.8788733449966379,0.4013519114263447,0.45445633538169816,2.1722903215405243,2.6559134063599816,0.19613221685473656,0.9715145741606752,0.21794450431169476,0.8709057022388436,0.2827012307895346,0.6390414104389917,3.7584655955831696,5.019161845002485,0.17375587890938893,0.9821657213968761,0.2744132849353159,0.6693623596172401,0.5050316892114098,0.6539385064665426,5.701399900022432,6.864722967127253,0.17941125234831995,0.9882737478235285,0.3216115959099694,0.35845175101366716,0.5653981199063605,0.7969818746146304,wang,0.4,0.5,2.0,8.0
Subj04,walk_36,1.0,75.2,6868,0.0,0.5720000000000036,0.9527362317549217,True,8.222655273993404,3.2220460428403253,3.6878064136743705,3.224675597235591,3.8026165740505222,0.19081409789000947,0.9610451151245601,0.27401861676364786,0.8302272256122207,0.4402581529677138,0.6403005661317482,2.747685691837343,3.6387972330921867,0.2146262622014869,0.9545403093460393,0.26476961921637393,0.8321860230031044,0.3277937644195663,0.761586226415475,5.241015807754634,6.928901143798941,0.1931475118433792,0.9709167457516296,0.3945925891438802,0.6378702151897282,0.6406908796550145,0.7522353240870073,7.48376714275994,9.31122366209567,0.19735578365460965,0.9841560029858691,0.44998205203341074,0.24872885272551434,0.7310620365391088,0.8663722780122473,wang,0.3,1.0,0.0,12.0
Subj04,walk_36,1.0,75.2,6868,0.0,0.5720000000000036,0.9527362317549217,True,8.222655273993404,3.2220460428403253,3.6878064136743705,3.3035766428395292,3.8910748262131367,0.18865866125646083,0.9612966747761553,0.26105956417669063,0.8337827601427581,0.4161242732766827,0.6918164227684355,2.65862375736629,3.6433455653396063,0.21524672915007867,0.9545688669454686,0.26039359589839356,0.8300064940367999,0.3140785207335913,0.8058703056647367,5.241015807754634,6.928901143798941,0.1931475118433792,0.9709167457516296,0.3945925891438802,0.6378702151897282,0.6406908796550145,0.7522353240870073,7.48376714275994,9.31122366209567,0.19735578365460965,0.9841560029858691,0.44998205203341074,0.24872885272551434,0.7310620365391088,0.8663722780122473,wang,0.3,2.0,0.0,12.0
Subj04,walk_36,1.0,75.2,6868,0.0,0.5720000000000036,0.9527362317549217,True,8.222655273993404,3.2220460428403253,3.6878064136743705,2.940697568041907,3.3404360463100775,0.18918932216180448,0.9630669850135397,0.2732739238735113,0.8311668448615424,0.43193949792610936,0.6935160541396297,2.449550489174774,3.201260213983505,0.21354915403969524,0.956579120383245,0.262337341126082,0.8359861301551496,0.3187231836253243,0.7925704778904565,5.241015807754634,6.928901143798941,0.1931475118433792,0.9709167457516296,0.3945925891438802,0.6378702151897282,0.6406908796550145,0.7522353240870073,7.48376714275994,9.31122366209567,0.19735578365460965,0.9841560029858691,0.44998205203341074,0.24872885272551434,0.7310620365391088,0.8663722780122473,wang,0.4,1.0,0.0,12.0
Subj04,walk_36,1.0,75.2,6868,0.0,0.5720000000000036,0.9527362317549217,True,8.222655273993404,3.2220460428403253,3.6878064136743705,3.1918380339194647,3.7632310826347295,0.19276922393871646,0.9606653421193861,0.2852082750089752,0.8259658768288622,0.46143378982932565,0.594986919378291,2.9162310919726306,3.72206740699326,0.2140878710872215,0.9544854077352625,0.26944755498001577,0.8330140038021385,0.3422979398634081,0.7172135379189212,5.241015807754634,6.928901143798941,0.1931475118433792,0.9709167457516296,0.3945925891438802,0.6378702151897282,0.6406908796550145,0.7522353240870073,7.48376714275994,9.31122366209567,0.19735578365460965,0.9841560029858691,0.44998205203341074,0.24872885272551434,0.7310620365391088,0.8663722780122473,wang,0.3,0.5,0.0,12.0
Subj04,walk_36,1.0,75.2,6868,0.0,0.5720000000000036,0.9527362317549217,True,8.222655273993404,3.2220460428403253,3.6878064136743705,3.582369823619714,4.396402787079264,0.19508651656688342,0.9582290227875363,0.2890752422791713,0.8177466627635064,0.4764349439011588,0.5026038274328567,3.328123700445923,4.333078341269797,0.21552562872317885,0.9520295459885887,0.27432622021857317,0.8228746092353637,0.3576231739430173,0.6602355233190332,5.241015807754634,6.928901143798941,0.1931475118433792,0.9709167457516296,0.3945925891438802,0.6378702151897282,0.6406908796550145,0.7522353240870073,7.48376714275994,9.31122366209567,0.19735578365460965,0.9841560029858691,0.44998205203341074,0.24872885272551434,0.7310620365391088,0.8663722780122473,wang,0.2,0.5,0.0,12.0
Subj04,walk_36,1.0,75.2,6868,0.0,0.5720000000000036,0.9527362317549217,True,8.222655273993404,3.2220460428403253,3.6878064136743705,3.032911147291528,3.4682618350263197,0.18715960378220986,0.9633272249341537,0.26112944220526496,0.8326539569342841,0.4088884999229291,0.7367650325494691,2.3741733750638088,3.2315659373262906,0.21416732372759484,0.956611278820957,0.2578998461518081,0.8327993279955249,0.30481577834950874,0.8305836907239794,5.241015807754634,6.928901143798941,0.1931475118433792,0.9709167457516296,0.3945925891438802,0.6378702151897282,0.6406908796550145,0.7522353240870073,7.48376714275994,9.31122366209567,0.19735578365460965,0.9841560029858691,0.44998205203341074,0.24872885272551434,0.7310620365391088,0.8663722780122473,wang,0.4,2.0,0.0,12.0
Subj04,walk_36,1.0,75.2,6868,0.0,0.5720000000000036,0.9527362317549217,True,8.222655273993404,3.2220460428403253,3.6878064136743705,3.619401295311062,4.420802137299412,0.19301280710797197,0.9586169927687676,0.27743241995031315,0.8231391479310415,0.4549204916602577,0.5528421558841231,3.1754610905665834,4.252406686886622,0.21605377728311737,0.9520808879317849,0.2698935138280862,0.8222236350350492,0.3440275383769701,0.7111497985672436,5.241015807754634,6.928901143798941,0.1931475118433792,0.9709167457516296,0.3945925891438802,0.6378702151897282,0.6406908796550145,0.7522353240870073,7.48376714275994,9.31122366209567,0.19735578365460965,0.9841560029858691,0.44998205203341074,0.24872885272551434,0.7310620365391088,0.8663722780122473,wang,0.2,1.0,0.0,12.0
Subj04,walk_36,1.0,75.2,6868,0.0,0.5720000000000036,0.9527362317549217,True,8.222655273993404,3.2220460428403253,3.6878064136743705,2.9091288042939025,3.2834876572429517,0.19102952665824002,0.9626813588579334,0.2839033887581834,0.8283669282649118,0.4524438731386687,0.6533871299456145,2.6283102978054353,3.2852944317002715,0.2130069202082271,0.9565102934039081,0.26716987221483685,0.8373766108354976,0.33378507084934655,0.7531319691065897,5.241015807754634,6.928901143798941,0.1931475118433792,0.9709167457516296,0.3945925891438802,0.6378702151897282,0.6406908796550145,0.7522353240870073,7.48376714275994,9.31122366209567,0.19735578365460965,0.9841560029858691,0.44998205203341074,0.24872885272551434,0.7310620365391088,0.8663722780122473,wang,0.4,0.5,0.0,12.0
Subj04,walk_36,1.0,75.2,6868,0.0,0.5720000000000036,0.9527362317549217,True,8.222655273993404,3.2220460428403253,3.6878064136743705,3.688422378110094,4.473174995188813,0.19072826030195505,0.9588734632615291,0.26377699013656336,0.8282924680031355,0.43010880733465245,0.6146182160761261,3.0794724533269497,4.2332752850714215,0.21667050486814687,0.9521191523797247,0.26566215657737685,0.82058179885945,0.33084680603789696,0.7645675448160762,5.241015807754634,6.928901143798941,0.1931475118433792,0.9709167457516296,0.3945925891438802,0.6378702151897282,0.6406908796550145,0.7522353240870073,7.48376714275994,9.31122366209567,0.19735578365460965,0.9841560029858691,0.44998205203341074,0.24872885272551434,0.7310620365391088,0.8663722780122473,wang,0.2,2.0,0.0,12.0
Subj04,walk_36,1.0,75.2,6868,0.0,0.5720000000000036,0.9527362317549217,True,8.222655273993404,3.2220460428403253,3.6878064136743705,2.885393750400175,3.311025109772486,0.1918703147298197,0.9606895606864242,0.2771843424348531,0.8410463715455485,0.4520996833337558,0.6344680101542958,2.7400606675332337,3.38505312992796,0.21445534556914278,0.954616870540245,0.2660931388837145,0.8437556534992194,0.3365363754229845,0.7402342812917545,5.241015807754634,6.928901143798941,0.1931475118433792,0.9709167457516296,0.3945925891438802,0.6378702151897282,0.6406908796550145,0.7522353240870073,7.48376714275994,9.31122366209567,0.19735578365460965,0.9841560029858691,0.44998205203341074,0.24872885272551434,0.7310620365391088,0.8663722780122473,wang,0.3,0.5,2.0,5.0
Subj04,walk_36,1.0,75.2,6868,0.0,0.5720000000000036,0.9527362317549217,True,8.222655273993404,3.2220460428403253,3.6878064136743705,2.714448591933837,3.0473924105741608,0.19029988703672623,0.9627096554192689,0.27788785783482706,0.8377500311263247,0.44656145101435274,0.6783335675743233,2.5565310637948313,3.1378587309175425,0.21338102787733973,0.9565994451765638,0.2651591438249041,0.8438204935256852,0.3313876040249428,0.7674574227340795,5.241015807754634,6.928901143798941,0.1931475118433792,0.9709167457516296,0.3945925891438802,0.6378702151897282,0.6406908796550145,0.7522353240870073,7.48376714275994,9.31122366209567,0.19735578365460965,0.9841560029858691,0.44998205203341074,0.24872885272551434,0.7310620365391088,0.8663722780122473,wang,0.4,0.5,2.0,5.0
Subj04,walk_36,1.0,75.2,6868,0.0,0.5720000000000036,0.9527362317549217,True,8.222655273993404,3.2220460428403253,3.6878064136743705,3.0856460633280407,3.6188012790612945,0.19240834768253187,0.960738160878979,0.2821694767915761,0.8319293647248409,0.4570304001384735,0.6098924858951452,2.9041077558031856,3.6824223423554194,0.21408541290398175,0.9546412300846104,0.2686391405157514,0.8358503072805504,0.34115530850511716,0.722025116111637,5.241015807754634,6.928901143798941,0.1931475118433792,0.9709167457516296,0.3945925891438802,0.6378702151897282,0.6406908796550145,0.7522353240870073,7.48376714275994,9.31122366209567,0.19735578365460965,0.9841560029858691,0.44998205203341074,0.24872885272551434,0.7310620365391088,0.8663722780122473,wang,0.3,0.5,2.0,8.0
Subj04,walk_36,1.0,75.2,6868,0.0,0.5720000000000036,0.9527362317549217,True,8.222655273993404,3.2220460428403253,3.6878064136743705,2.828890044459794,3.1877391514064986,0.19069115639656792,0.9627684389201692,0.28136842149278357,0.8328944172809917,0.44888314398272194,0.6638527651938954,2.6440004270690647,3.2929951170659333,0.2130010244390241,0.956650661278096,0.26670405112214507,0.839036579009702,0.33354973984196906,0.7554225934713975,5.241015807754634,6.928901143798941,0.1931475118433792,0.9709167457516296,0.3945925891438802,0.6378702151897282,0.6406908796550145,0.7522353240870073,7.48376714275994,9.31122366209567,0.19735578365460965,0.9841560029858691,0.44998205203341074,0.24872885272551434,0.7310620365391088,0.8663722780122473,wang,0.4,0.5,2.0,8.0
Subj04,walk_45,1.25,75.2,6796,0.0,0.5680000000000041,0.9614012827345049,True,9.69758644764055,3.6816880155951757,3.7867953331372752,3.691605567197334,4.922873077862167,0.18653001152895968,0.9723459229732461,0.31326093397978455,0.9074547965159151,0.5187418016429849,0.6675058269603236,3.75611945022735,5.373008337325024,0.20285917767117778,0.9701673659199909,0.27028163142037187,0.9176281189473098,0.3453013059416358,0.8331808452200412,6.792242630371101,9.857895497176205,0.19861028357475916,0.9697069977733971,0.4575795385619052,0.6795325121180192,0.7815025658324115,0.7674757194436377,10.506858258137909,13.24877384309062,0.21296859067885596,0.9789776901683075,0.5647755928615271,0.16963906055317565,0.9446857404725767,0.9045092533069923,wang,0.3,1.0,0.0,12.0
Subj04,walk_45,1.25,75.2,6796,0.0,0.5680000000000041,0.9614012827345049,True,9.69758644764055,3.6816880155951757,3.7867953331372752,3.7442286721145344,4.968339057563273,0.1823159430932297,0.9728982860530706,0.29259095070338087,0.9098178445441227,0.47865467739512885,0.7275456064055164,3.718182231184665,5.450578455065371,0.20232601369614242,0.9706631626397787,0.2614860313264965,0.9168053158611144,0.3219929809237875,0.8694221304489762,6.792242630371101,9.857895497176205,0.19861028357475916,0.9697069977733971,0.4575795385619052,0.6795325121180192,0.7815025658324115,0.7674757194436377,10.506858258137909,13.24877384309062,0.21296859067885596,0.9789776901683075,0.5647755928615271,0.16963906055317565,0.9446857404725767,0.9045092533069923,wang,0.3,2.0,0.0,12.0
Subj04,walk_45,1.25,75.2,6796,0.0,0.5680000000000041,0.9614012827345049,True,9.69758644764055,3.6816880155951757,3.7867953331372752,3.263797271928359,4.216689618505738,0.1842775192782162,0.9742026075033468,0.3089783706742991,0.9063174594681891,0.5047822775416358,0.7222926257177961,3.277633373517264,4.679136298757799,0.20189504823959706,0.9717889813164386,0.2662639001081123,0.9157035240731815,0.3374372438860673,0.8552510702335899,6.792242630371101,9.857895497176205,0.19861028357475916,0.9697069977733971,0.4575795385619052,0.6795325121180192,0.7815025658324115,0.7674757194436377,10.506858258137909,13.24877384309062,0.21296859067885596,0.9789776901683075,0.5647755928615271,0.16963906055317565,0.9446857404725767,0.9045092533069923,wang,0.4,1.0,0.0,12.0
Subj04,walk_45,1.25,75.2,6796,0.0,0.5680000000000041,0.9614012827345049,True,9.69758644764055,3.6816880155951757,3.7867953331372752,3.7055295177122267,4.950926664546594,0.19019580345467713,0.9717560598718668,0.3309480996875225,0.9044383405802766,0.5530305186694815,0.6159103698015094,3.8677404562436517,5.374446112394274,0.2032983206941667,0.9696737292735165,0.27857647560906146,0.9177892076751979,0.3671797392800628,0.7968003176097247,6.792242630371101,9.857895497176205,0.19861028357475916,0.9697069977733971,0.4575795385619052,0.6795325121180192,0.7815025658324115,0.7674757194436377,10.506858258137909,13.24877384309062,0.21296859067885596,0.9789776901683075,0.5647755928615271,0.16963906055317565,0.9446857404725767,0.9045092533069923,wang,0.3,0.5,0.0,12.0
Subj04,walk_45,1.25,75.2,6796,0.0,0.5680000000000041,0.9614012827345049,True,9.69758644764055,3.6816880155951757,3.7867953331372752,4.3000815946385895,5.911492265229471,0.19355045031339665,0.9694050995854132,0.3406833747838665,0.8986144881395774,0.5773325133746743,0.5184861497943257,4.5119950313830035,6.327047622252384,0.20489287411343826,0.967596717469066,0.2874303963288437,0.9130956364881508,0.3858022783554878,0.7538553201302453,6.792242630371101,9.857895497176205,0.19861028357475916,0.9697069977733971,0.4575795385619052,0.6795325121180192,0.7815025658324115,0.7674757194436377,10.506858258137909,13.24877384309062,0.21296859067885596,0.9789776901683075,0.5647755928615271,0.16963906055317565,0.9446857404725767,0.9045092533069923,wang,0.2,0.5,0.0,12.0
Subj04,walk_45,1.25,75.2,6796,0.0,0.5680000000000041,0.9614012827345049,True,9.69758644764055,3.6816880155951757,3.7867953331372752,3.351408256976264,4.330928695568897,0.18022754777987687,0.9747760427114386,0.28966712358532404,0.9068437936960514,0.46642478283826155,0.7722685702166506,3.263242988369729,4.794681980235567,0.20142942108728312,0.972300099753144,0.257763360265624,0.9137955715584932,0.31435869138979566,0.8865468939556763,6.792242630371101,9.857895497176205,0.19861028357475916,0.9697069977733971,0.4575795385619052,0.6795325121180192,0.7815025658324115,0.7674757194436377,10.506858258137909,13.24877384309062,0.21296859067885596,0.9789776901683075,0.5647755928615271,0.16963906055317565,0.9446857404725767,0.9045092533069923,wang,0.4,2.0,0.0,12.0
Subj04,walk_45,1.25,75.2,6796,0.0,0.5680000000000041,0.9614012827345049,True,9.69758644764055,3.6816880155951757,3.7867953331372752,4.285709814500932,5.860740093308454,0.18977901853256413,0.9699806982700481,0.3223178665328875,0.9026249773491536,0.5425792508068923,0.575886208931576,4.416190759412742,6.321979456954664,0.20437748896675334,0.9680744571449333,0.27932078551103523,0.9131831167465296,0.3652065662447024,0.7960325009018256,6.792242630371101,9.857895497176205,0.19861028357475916,0.9697069977733971,0.4575795385619052,0.6795325121180192,0.7815025658324115,0.7674757194436377,10.506858258137909,13.24877384309062,0.21296859067885596,0.9789776901683075,0.5647755928615271,0.16963906055317565,0.9446857404725767,0.9045092533069923,wang,0.2,1.0,0.0,12.0
Subj04,walk_45,1.25,75.2,6796,0.0,0.5680000000000041,0.9614012827345049,True,9.69758644764055,3.6816880155951757,3.7867953331372752,3.2700142145773983,4.216164680847835,0.18781847377580746,0.973583375776584,0.3257336184608727,0.9046720704832608,0.537964527244254,0.676840440372672,3.3981606256208585,4.67531947849156,0.20227149257735308,0.9712667614357143,0.2745119517101928,0.9165759847443634,0.3597091982314369,0.8228584203581235,6.792242630371101,9.857895497176205,0.19861028357475916,0.9697069977733971,0.4575795385619052,0.6795325121180192,0.7815025658324115,0.7674757194436377,10.506858258137909,13.24877384309062,0.21296859067885596,0.9789776901683075,0.5647755928615271,0.16963906055317565,0.9446857404725767,0.9045092533069923,wang,0.4,0.5,0.0,12.0
Subj04,walk_45,1.25,75.2,6796,0.0,0.5680000000000041,0.9614012827345049,True,9.69758644764055,3.6816880155951757,3.7867953331372752,4.313181325761756,5.846182970210486,0.18542441002666626,0.9705276046621512,0.3006143937786025,0.9062772173876341,0.5016304212592201,0.6488558052923649,4.365405266347782,6.364206850282162,0.20376271518316338,0.9685712876203079,0.2704791882821322,0.9128674256301578,0.3427155926280204,0.8399215330193645,6.792242630371101,9.857895497176205,0.19861028357475916,0.9697069977733971,0.4575795385619052,0.6795325121180192,0.7815025658324115,0.7674757194436377,10.506858258137909,13.24877384309062,0.21296859067885596,0.9789776901683075,0.5647755928615271,0.16963906055317565,0.9446857404725767,0.9045092533069923,wang,0.2,2.0,0.0,12.0
Subj04,walk_45,1.25,75.2,6796,0.0,0.5680000000000041,0.9614012827345049,True,9.69758644764055,3.6816880155951757,3.7867953331372752,3.097404435906024,3.917449235477125,0.18932063299774765,0.9714210779437199,0.32550352646009134,0.9102865760004453,0.5482319099427514,0.6417508955973502,3.362514070886167,4.39871586330893,0.20456003537193965,0.9691934384121855,0.2769228737996407,0.9222917763757736,0.3701801811555216,0.8031398938835413,6.792242630371101,9.857895497176205,0.19861028357475916,0.9697069977733971,0.4575795385619052,0.6795325121180192,0.7815025658324115,0.7674757194436377,10.506858258137909,13.24877384309062,0.21296859067885596,0.9789776901683075,0.5647755928615271,0.16963906055317565,0.9446857404725767,0.9045092533069923,wang,0.3,0.5,2.0,5.0
Subj04,walk_45,1.25,75.2,6796,0.0,0.5680000000000041,0.9614012827345049,True,9.69758644764055,3.6816880155951757,3.7867953331372752,2.846252197011188,3.5575907637209583,0.18735156968025515,0.9731799540875352,0.3229276668015429,0.9055309005093795,0.5374870150955444,0.690649722567055,3.065448535151657,4.040516666496788,0.20352342608002885,0.9707610246450562,0.27499239778896034,0.9169579457784723,0.3669138721820148,0.8261886482436474,6.792242630371101,9.857895497176205,0.19861028357475916,0.9697069977733971,0.4575795385619052,0.6795325121180192,0.7815025658324115,0.7674757194436377,10.506858258137909,13.24877384309062,0.21296859067885596,0.9789776901683075,0.5647755928615271,0.16963906055317565,0.9446857404725767,0.9045092533069923,wang,0.4,0.5,2.0,5.0
Subj04,walk_45,1.25,75.2,6796,0.0,0.5680000000000041,0.9614012827345049,True,9.69758644764055,3.6816880155951757,3.7867953331372752,3.520413595177922,4.648277659120367,0.18967736609829183,0.9718412067657973,0.32868293772487434,0.9080098663412566,0.5500453001138111,0.6249135366647464,3.760104880320193,5.166161773686874,0.20343088105616575,0.9696682102448875,0.27774334734097533,0.9203555762369354,0.3666954788381603,0.7989830926556541,6.792242630371101,9.857895497176205,0.19861028357475916,0.9697069977733971,0.4575795385619052,0.6795325121180192,0.7815025658324115,0.7674757194436377,10.506858258137909,13.24877384309062,0.21296859067885596,0.9789776901683075,0.5647755928615271,0.16963906055317565,0.9446857404725767,0.9045092533069923,wang,0.3,0.5,2.0,8.0
Subj04,walk_45,1.25,75.2,6796,0.0,0.5680000000000041,0.9614012827345049,True,9.69758644764055,3.6816880155951757,3.7867953331372752,3.126569899602858,3.9940879557357323,0.18740834667952327,0.9736477272549432,0.3241486826592301,0.9069322045711806,0.5360969162046954,0.6822539510655692,3.331527685098371,4.54257055134545,0.20239692476794632,0.971247321793756,0.2741689179300145,0.9181118214718246,0.36026500080526513,0.8238875410003151,6.792242630371101,9.857895497176205,0.19861028357475916,0.9697069977733971,0.4575795385619052,0.6795325121180192,0.7815025658324115,0.7674757194436377,10.506858258137909,13.24877384309062,0.21296859067885596,0.9789776901683075,0.5647755928615271,0.16963906055317565,0.9446857404725767,0.9045092533069923,wang,0.4,0.5,2.0,8.0
Subj04,walk_54,1.5,75.2,6635,0.0,0.9000000000000039,0.969418999191127,True,9.524308842565466,4.623850973064205,4.699592334953509,4.225703961247331,5.438644008577196,0.2170264578506328,0.963697412011823,0.3533537648321533,0.8921268510020208,0.588782442585402,0.713783973510304,4.254258195665587,6.03859934985986,0.2234926789215113,0.9620351775484901,0.31009228219342905,0.9046256571311907,0.4199914108794214,0.8476606157522666,8.108423748870257,11.719595992916393,0.23728788274876325,0.9525581549999974,0.5354827452446478,0.6944205203980085,0.8887154208366412,0.77835810732294,12.62092292013608,16.133908926000558,0.2472800784090955,0.9708722625960341,0.6650208358213682,0.11351010604622239,1.083329197069073,0.9180159361141954,wang,0.3,1.0,0.0,12.0
Subj04,walk_54,1.5,75.2,6635,0.0,0.9000000000000039,0.969418999191127,True,9.524308842565466,4.623850973064205,4.699592334953509,4.295413213401893,5.5796605412027445,0.21242993084960357,0.9642557446931196,0.3309167973008083,0.891313901108194,0.5448288283825602,0.7679794984003314,4.231621414113154,6.20796731001853,0.2226401460801169,0.9623854276558558,0.29910953679792646,0.9020905794263491,0.3933323128493981,0.8784321291082924,8.108423748870257,11.719595992916393,0.23728788274876325,0.9525581549999974,0.5354827452446478,0.6944205203980085,0.8887154208366412,0.77835810732294,12.62092292013608,16.133908926000558,0.2472800784090955,0.9708722625960341,0.6650208358213682,0.11351010604622239,1.083329197069073,0.9180159361141954,wang,0.3,2.0,0.0,12.0
Subj04,walk_54,1.5,75.2,6635,0.0,0.9000000000000039,0.969418999191127,True,9.524308842565466,4.623850973064205,4.699592334953509,3.7311997792186546,4.621944645556029,0.21454940965919428,0.9654290664927485,0.3496481558134591,0.8898996220521054,0.5707262727407849,0.7606657713336601,3.7083889401833723,5.231950575630135,0.22268870150094408,0.9635839057985274,0.3069176998111619,0.9014097877701219,0.4103047047970133,0.866302319782015,8.108423748870257,11.719595992916393,0.23728788274876325,0.9525581549999974,0.5354827452446478,0.6944205203980085,0.8887154208366412,0.77835810732294,12.62092292013608,16.133908926000558,0.2472800784090955,0.9708722625960341,0.6650208358213682,0.11351010604622239,1.083329197069073,0.9180159361141954,wang,0.4,1.0,0.0,12.0
Subj04,walk_54,1.5,75.2,6635,0.0,0.9000000000000039,0.969418999191127,True,9.524308842565466,4.623850973064205,4.699592334953509,4.243837329138653,5.404022654656368,0.2210319729648783,0.9630170416033674,0.3726110516773626,0.8919871686289459,0.6262367393673502,0.6663709614670005,4.381209853825095,5.972688983980275,0.22424269703627683,0.9616215312014154,0.32057957103868556,0.9057673272977026,0.4454849211278527,0.8154360025265278,8.108423748870257,11.719595992916393,0.23728788274876325,0.9525581549999974,0.5354827452446478,0.6944205203980085,0.8887154208366412,0.77835810732294,12.62092292013608,16.133908926000558,0.2472800784090955,0.9708722625960341,0.6650208358213682,0.11351010604622239,1.083329197069073,0.9180159361141954,wang,0.3,0.5,0.0,12.0
Subj04,walk_54,1.5,75.2,6635,0.0,0.9000000000000039,0.969418999191127,True,9.524308842565466,4.623850973064205,4.699592334953509,4.924562527264551,6.5260081157667615,0.2246819647794257,0.9608077306009063,0.3822174186512328,0.8871554172619962,0.6555312226935723,0.5838327799791947,5.123526586248528,7.1000554219377685,0.22572055023267415,0.9596290267643691,0.3289906187862602,0.9021769017542002,0.46652690451111545,0.780850412147606,8.108423748870257,11.719595992916393,0.23728788274876325,0.9525581549999974,0.5354827452446478,0.6944205203980085,0.8887154208366412,0.77835810732294,12.62092292013608,16.133908926000558,0.2472800784090955,0.9708722625960341,0.6650208358213682,0.11351010604622239,1.083329197069073,0.9180159361141954,wang,0.2,0.5,0.0,12.0
Subj04,walk_54,1.5,75.2,6635,0.0,0.9000000000000039,0.969418999191127,True,9.524308842565466,4.623850973064205,4.699592334953509,3.831092713368394,4.83739903003773,0.20999341319296036,0.9660428421991049,0.32838631493782655,0.8871892894408799,0.5276330687632337,0.8066506742635677,3.710709539336392,5.441864653784594,0.22185149736845886,0.9639807956432495,0.2960541035023046,0.8977240825016817,0.38321098504647644,0.8937169739748426,8.108423748870257,11.719595992916393,0.23728788274876325,0.9525581549999974,0.5354827452446478,0.6944205203980085,0.8887154208366412,0.77835810732294,12.62092292013608,16.133908926000558,0.2472800784090955,0.9708722625960341,0.6650208358213682,0.11351010604622239,1.083329197069073,0.9180159361141954,wang,0.4,2.0,0.0,12.0
Subj04,walk_54,1.5,75.2,6635,0.0,0.9000000000000039,0.969418999191127,True,9.524308842565466,4.623850973064205,4.699592334953509,4.924874378396357,6.5493352110451335,0.22071043893176884,0.9614575381665587,0.3627294247923212,0.8879986370296891,0.6188690027490799,0.6357556818124924,5.025947220515423,7.169869227115197,0.22494455812915892,0.9600092401152756,0.319070727514054,0.9010853357624351,0.4432935110007395,0.816754089944653,8.108423748870257,11.719595992916393,0.23728788274876325,0.9525581549999974,0.5354827452446478,0.6944205203980085,0.8887154208366412,0.77835810732294,12.62092292013608,16.133908926000558,0.2472800784090955,0.9708722625960341,0.6650208358213682,0.11351010604622239,1.083329197069073,0.9180159361141954,wang,0.2,1.0,0.0,12.0
Subj04,walk_54,1.5,75.2,6635,0.0,0.9000000000000039,0.969418999191127,True,9.524308842565466,4.623850973064205,4.699592334953509,3.7586210285890536,4.569391845061895,0.21854813518508776,0.9646940951600991,0.36826128850732537,0.8910113991573071,0.6080181943119674,0.7180622297446699,3.8554975241814122,5.168060822951652,0.22342010695084133,0.9631182332091908,0.317602161574429,0.9032031293800027,0.43693130296179356,0.8367276286321118,8.108423748870257,11.719595992916393,0.23728788274876325,0.9525581549999974,0.5354827452446478,0.6944205203980085,0.8887154208366412,0.77835810732294,12.62092292013608,16.133908926000558,0.2472800784090955,0.9708722625960341,0.6650208358213682,0.11351010604622239,1.083329197069073,0.9180159361141954,wang,0.4,0.5,0.0,12.0
Subj04,walk_54,1.5,75.2,6635,0.0,0.9000000000000039,0.969418999191127,True,9.524308842565466,4.623850973064205,4.699592334953509,4.977149683245721,6.626803326929583,0.21611883981642657,0.9619859317530728,0.33961587987911335,0.8883408216426565,0.5752847285885394,0.700358577105259,4.992081756498919,7.301755177286547,0.22406937351612527,0.9603355122135339,0.30835637497864943,0.8989857113170326,0.4183375784041979,0.8524746411733507,8.108423748870257,11.719595992916393,0.23728788274876325,0.9525581549999974,0.5354827452446478,0.6944205203980085,0.8887154208366412,0.77835810732294,12.62092292013608,16.133908926000558,0.2472800784090955,0.9708722625960341,0.6650208358213682,0.11351010604622239,1.083329197069073,0.9180159361141954,wang,0.2,2.0,0.0,12.0
Subj04,walk_54,1.5,75.2,6635,0.0,0.9000000000000039,0.969418999191127,True,9.524308842565466,4.623850973064205,4.699592334953509,3.608780280716968,4.191024909183396,0.22012001926294134,0.9614064795642201,0.3656796213428321,0.8974349628912481,0.6141136457758251,0.69699999749484,3.8104066931544818,4.750364256936347,0.22694276535933502,0.9595496340147672,0.3226809557500594,0.9046154148506188,0.45595259058593773,0.8139983155684117,8.108423748870257,11.719595992916393,0.23728788274876325,0.9525581549999974,0.5354827452446478,0.6944205203980085,0.8887154208366412,0.77835810732294,12.62092292013608,16.133908926000558,0.2472800784090955,0.9708722625960341,0.6650208358213682,0.11351010604622239,1.083329197069073,0.9180159361141954,wang,0.3,0.5,2.0,5.0
Subj04,walk_54,1.5,75.2,6635,0.0,0.9000000000000039,0.969418999191127,True,9.524308842565466,4.623850973064205,4.699592334953509,3.40104997612266,3.957575930064065,0.21814302514428044,0.9631273144271708,0.36501421664813216,0.8901849362888669,0.6024325214531773,0.736202042360309,3.5655261264960516,4.5098674267021535,0.22605308698603782,0.9611459833684506,0.32273452538901565,0.8966647783656391,0.4536591408386518,0.8333835886146067,8.108423748870257,11.719595992916393,0.23728788274876325,0.9525581549999974,0.5354827452446478,0.6944205203980085,0.8887154208366412,0.77835810732294,12.62092292013608,16.133908926000558,0.2472800784090955,0.9708722625960341,0.6650208358213682,0.11351010604622239,1.083329197069073,0.9180159361141954,wang,0.4,0.5,2.0,5.0
Subj04,walk_54,1.5,75.2,6635,0.0,0.9000000000000039,0.969418999191127,True,9.524308842565466,4.623850973064205,4.699592334953509,4.021656757029694,4.999920873253567,0.2205501778763084,0.9627372686088279,0.3695182130550646,0.896394089034484,0.6210878663044186,0.6759569529279886,4.2587300688286005,5.709081290201335,0.22475880400092998,0.9612074002628048,0.32051449684756117,0.9071598987038888,0.44707931157592246,0.8141863586312479,8.108423748870257,11.719595992916393,0.23728788274876325,0.9525581549999974,0.5354827452446478,0.6944205203980085,0.8887154208366412,0.77835810732294,12.62092292013608,16.133908926000558,0.2472800784090955,0.9708722625960341,0.6650208358213682,0.11351010604622239,1.083329197069073,0.9180159361141954,wang,0.3,0.5,2.0,8.0
Subj04,walk_54,1.5,75.2,6635,0.0,0.9000000000000039,0.969418999191127,True,9.524308842565466,4.623850973064205,4.699592334953509,3.6046135102069132,4.303185089408509,0.21818808158900949,0.9644357333113093,0.3661582613795568,0.8936599909511018,0.6045600033951635,0.7238736339518642,3.8030054053219238,5.035741981892783,0.2238929306396443,0.9627360241407827,0.3182706307918469,0.9031687597658318,0.44011433200835376,0.8347847081290064,8.108423748870257,11.719595992916393,0.23728788274876325,0.9525581549999974,0.5354827452446478,0.6944205203980085,0.8887154208366412,0.77835810732294,12.62092292013608,16.133908926000558,0.2472800784090955,0.9708722625960341,0.6650208358213682,0.11351010604622239,1.083329197069073,0.9180159361141954,wang,0.4,0.5,2.0,8.0
Subj05,walk_09,0.25,65.1,6013,0.0,0.5760000000000036,0.8047784058006565,True,5.883413807369431,1.0889030300368887,1.8067893121567293,2.0315124887933345,1.9247897754069145,0.13712082070816353,0.965427756863269,0.16972104795008838,0.8311169754201037,0.3861630636059215,-0.06309880885328119,1.4956365252521016,1.5077345458597065,0.19200288997639064,0.9211947313774721,0.18634839180327636,0.6670219503979311,0.18606016718473273,0.547602861588181,1.7791667876456312,1.9545618235311966,0.14946809015691473,0.9773146238430112,0.23151608624952227,0.47821986352194296,0.515530725061767,0.3286536928280593,1.9771127823238526,2.1396556263705877,0.14878001305366653,0.9792175402460225,0.2285348077447391,0.41947594796554394,0.5129956611245694,0.3807530082683641,wang,0.3,1.0,0.0,12.0
Subj05,walk_09,0.25,65.1,6013,0.0,0.5760000000000036,0.8047784058006565,True,5.883413807369431,1.0889030300368887,1.8067893121567293,2.3460844013378135,2.138236737532015,0.13370803845604015,0.9654209204308536,0.15360342132830082,0.8546792423593198,0.3516905295125987,-0.05041982209620827,1.508939431240825,1.564550725611075,0.191611510218487,0.9210102954353144,0.1834225806296993,0.6838464439294151,0.1781979142395971,0.6016373423055549,1.7791667876456312,1.9545618235311966,0.14946809015691473,0.9773146238430112,0.23151608624952227,0.47821986352194296,0.515530725061767,0.3286536928280593,1.9771127823238526,2.1396556263705877,0.14878001305366653,0.9792175402460225,0.2285348077447391,0.41947594796554394,0.5129956611245694,0.3807530082683641,wang,0.3,2.0,0.0,12.0
Subj05,walk_09,0.25,65.1,6013,0.0,0.5760000000000036,0.8047784058006565,True,5.883413807369431,1.0889030300368887,1.8067893121567293,1.8641374980764363,1.7414290917967141,0.13779068423324162,0.9664700540293484,0.1714838862721127,0.8266072550642266,0.39073214526237776,0.003394614880010033,1.3527275728751396,1.3268346581577022,0.19202064853020806,0.923165053272506,0.18622214901949047,0.6683051476905849,0.18385084040843072,0.5942427783273382,1.7791667876456312,1.9545618235311966,0.14946809015691473,0.9773146238430112,0.23151608624952227,0.47821986352194296,0.515530725061767,0.3286536928280593,1.9771127823238526,2.1396556263705877,0.14878001305366653,0.9792175402460225,0.2285348077447391,0.41947594796554394,0.5129956611245694,0.3807530082683641,wang,0.4,1.0,0.0,12.0
Subj05,walk_09,0.25,65.1,6013,0.0,0.5760000000000036,0.8047784058006565,True,5.883413807369431,1.0889030300368887,1.8067893121567293,1.7861594633145899,1.7823617022207476,0.1403350617367767,0.9651001348352259,0.18452044546900315,0.8016041736898676,0.41840829731219487,-0.07713213406356406,1.5180207207326921,1.4837620943277157,0.1923127426919466,0.9212910623423292,0.18902511759090923,0.6509482054814345,0.1936769723889502,0.5062425904104354,1.7791667876456312,1.9545618235311966,0.14946809015691473,0.9773146238430112,0.23151608624952227,0.47821986352194296,0.515530725061767,0.3286536928280593,1.9771127823238526,2.1396556263705877,0.14878001305366653,0.9792175402460225,0.2285348077447391,0.41947594796554394,0.5129956611245694,0.3807530082683641,wang,0.3,0.5,0.0,12.0
Subj05,walk_09,0.25,65.1,6013,0.0,0.5760000000000036,0.8047784058006565,True,5.883413807369431,1.0889030300368887,1.8067893121567293,1.9722250001962698,1.9970049847836606,0.13982749293424818,0.963863206524981,0.18384706860613173,0.80378548812196,0.41614576079179894,-0.15723416886062502,1.6834913890062222,1.6976007011048986,0.19234698917422005,0.9189976612799685,0.18963763109678045,0.6470571128988948,0.19742464173883925,0.4342147176792159,1.7791667876456312,1.9545618235311966,0.14946809015691473,0.9773146238430112,0.23151608624952227,0.47821986352194296,0.515530725061767,0.3286536928280593,1.9771127823238526,2.1396556263705877,0.14878001305366653,0.9792175402460225,0.2285348077447391,0.41947594796554394,0.5129956611245694,0.3807530082683641,wang,0.2,0.5,0.0,12.0
Subj05,walk_09,0.25,65.1,6013,0.0,0.5760000000000036,0.8047784058006565,True,5.883413807369431,1.0889030300368887,1.8067893121567293,2.1588200464463383,1.943716894543974,0.13458468624283468,0.9664865416993906,0.15608023358693035,0.8518518686594051,0.3580466227342401,0.022987387037020163,1.3540405969254938,1.3763877229511616,0.19165564841692231,0.9230130243078891,0.18330940684515798,0.6862598765546369,0.17559744352623685,0.645240018162167,1.7791667876456312,1.9545618235311966,0.14946809015691473,0.9773146238430112,0.23151608624952227,0.47821986352194296,0.515530725061767,0.3286536928280593,1.9771127823238526,2.1396556263705877,0.14878001305366653,0.9792175402460225,0.2285348077447391,0.41947594796554394,0.5129956611245694,0.3807530082683641,wang,0.4,2.0,0.0,12.0
Subj05,walk_09,0.25,65.1,6013,0.0,0.5760000000000036,0.8047784058006565,True,5.883413807369431,1.0889030300368887,1.8067893121567293,2.235808321234185,2.149417085140424,0.1363821431378355,0.9641970260791936,0.16829340935371123,0.832039589428126,0.3819776681012539,-0.15392820112771521,1.6755615956617491,1.7308991970011043,0.19200618131018854,0.9188735939630821,0.18694964183464818,0.6621238785472594,0.19025620557568385,0.4725034466116507,1.7791667876456312,1.9545618235311966,0.14946809015691473,0.9773146238430112,0.23151608624952227,0.47821986352194296,0.515530725061767,0.3286536928280593,1.9771127823238526,2.1396556263705877,0.14878001305366653,0.9792175402460225,0.2285348077447391,0.41947594796554394,0.5129956611245694,0.3807530082683641,wang,0.2,1.0,0.0,12.0
Subj05,walk_09,0.25,65.1,6013,0.0,0.5760000000000036,0.8047784058006565,True,5.883413807369431,1.0889030300368887,1.8067893121567293,1.6354323242532187,1.6082386819602412,0.14080314621683912,0.966145602165496,0.18554928986213376,0.7960505103221853,0.4211813780243797,-0.01632641376086729,1.3886603441807246,1.3120409677069667,0.192303108435499,0.923235914783138,0.18886707425067195,0.6515663288502943,0.19174759567928146,0.5535948143712103,1.7791667876456312,1.9545618235311966,0.14946809015691473,0.9773146238430112,0.23151608624952227,0.47821986352194296,0.515530725061767,0.3286536928280593,1.9771127823238526,2.1396556263705877,0.14878001305366653,0.9792175402460225,0.2285348077447391,0.41947594796554394,0.5129956611245694,0.3807530082683641,wang,0.4,0.5,0.0,12.0
Subj05,walk_09,0.25,65.1,6013,0.0,0.5760000000000036,0.8047784058006565,True,5.883413807369431,1.0889030300368887,1.8067893121567293,2.5726462797150202,2.375219721008448,0.13273424257025387,0.964164628863219,0.15149805737041314,0.8537309706044172,0.34567536589605447,-0.15485937950287976,1.701742276457944,1.7953962113417468,0.1915853345803757,0.9186529833156486,0.1840418087011908,0.6774158276591329,0.18300063296513466,0.524987810394288,1.7791667876456312,1.9545618235311966,0.14946809015691473,0.9773146238430112,0.23151608624952227,0.47821986352194296,0.515530725061767,0.3286536928280593,1.9771127823238526,2.1396556263705877,0.14878001305366653,0.9792175402460225,0.2285348077447391,0.41947594796554394,0.5129956611245694,0.3807530082683641,wang,0.2,2.0,0.0,12.0
Subj05,walk_09,0.25,65.1,6013,0.0,0.5760000000000036,0.8047784058006565,True,5.883413807369431,1.0889030300368887,1.8067893121567293,1.6947642135687673,1.6637547547178049,0.14063092072116906,0.9650831996678411,0.1846456096691648,0.8033165567589597,0.419865604032347,-0.07788183460525953,1.4746007404117334,1.4481846856448644,0.19230499076078555,0.9216654680144707,0.18857083082172663,0.6583458467282179,0.19153576804336883,0.527771068095006,1.7791667876456312,1.9545618235311966,0.14946809015691473,0.9773146238430112,0.23151608624952227,0.47821986352194296,0.515530725061767,0.3286536928280593,1.9771127823238526,2.1396556263705877,0.14878001305366653,0.9792175402460225,0.2285348077447391,0.41947594796554394,0.5129956611245694,0.3807530082683641,wang,0.3,0.5,2.0,5.0
Subj05,walk_09,0.25,65.1,6013,0.0,0.5760000000000036,0.8047784058006565,True,5.883413807369431,1.0889030300368887,1.8067893121567293,1.5471733042925166,1.4930468153131315,0.14107505258433536,0.9661382075307335,0.18570767287809017,0.7976891861268476,0.4225977501486075,-0.01780943005266866,1.3469399614586288,1.2802669612976867,0.19228478205189256,0.9236073051622514,0.18840796367499907,0.6593346083648998,0.18968377926814498,0.5722291724902171,1.7791667876456312,1.9545618235311966,0.14946809015691473,0.9773146238430112,0.23151608624952227,0.47821986352194296,0.515530725061767,0.3286536928280593,1.9771127823238526,2.1396556263705877,0.14878001305366653,0.9792175402460225,0.2285348077447391,0.41947594796554394,0.5129956611245694,0.3807530082683641,wang,0.4,0.5,2.0,5.0
Subj05,walk_09,0.25,65.1,6013,0.0,0.5760000000000036,0.8047784058006565,True,5.883413807369431,1.0889030300368887,1.8067893121567293,1.7535519030952051,1.7429637476746793,0.14046282856280104,0.9650669258937048,0.18464858331012776,0.8018544739172443,0.4191430327327954,-0.07838830566197019,1.5104100014723312,1.4779316103618554,0.1923006566918791,0.9214158725626443,0.18891212614406416,0.6532062848184855,0.19319260527587984,0.5116420454878892,1.7791667876456312,1.9545618235311966,0.14946809015691473,0.9773146238430112,0.23151608624952227,0.47821986352194296,0.515530725061767,0.3286536928280593,1.9771127823238526,2.1396556263705877,0.14878001305366653,0.9792175402460225,0.2285348077447391,0.41947594796554394,0.5129956611245694,0.3807530082683641,wang,0.3,0.5,2.0,8.0
Subj05,walk_09,0.25,65.1,6013,0.0,0.5760000000000036,0.8047784058006565,True,5.883413807369431,1.0889030300368887,1.8067893121567293,1.6037264757713803,1.5696864931754304,0.1409222366741945,0.9661174261741561,0.18568823655276584,0.7962808507720257,0.42189861221000496,-0.017713847930882168,1.3819942334994173,1.307770649101753,0.19228756246872472,0.9233600800494411,0.18875084412348306,0.653945094122378,0.19128462930403617,0.5582565954341921,1.7791667876456312,1.9545618235311966,0.14946809015691473,0.9773146238430112,0.23151608624952227,0.47821986352194296,0.515530725061767,0.3286536928280593,1.9771127823238526,2.1396556263705877,0.14878001305366653,0.9792175402460225,0.2285348077447391,0.41947594796554394,0.5129956611245694,0.3807530082683641,wang,0.4,0.5,2.0,8.0
Subj05,walk_18,0.5,65.1,7305,0.0,0.5760000000000036,0.8786478147372583,True,8.097786949039463,1.7721081171140358,2.7411860954430627,2.0473823407962968,2.016542632157285,0.16426330501850533,0.975996346409108,0.1798532460472075,0.7905516114024876,0.39703451196429823,0.2899119457723185,1.817547920651634,2.0317491776801417,0.20601337531926875,0.9547225199749425,0.19102362670318665,0.7456103434961656,0.2146000586760657,0.6627347669329599,2.620916690142896,3.190338284640036,0.17468326772899478,0.9830574586977947,0.227703281072563,0.5161338685547856,0.5092573613769216,0.4941529382218375,3.7456226171518825,4.065085444266198,0.17435782033097572,0.9877371380557779,0.23202127900235067,0.2953493221947483,0.5176597477964038,0.6197575808612618,wang,0.3,1.0,0.0,12.0
Subj05,walk_18,0.5,65.1,7305,0.0,0.5760000000000036,0.8786478147372583,True,8.097786949039463,1.7721081171140358,2.7411860954430627,2.2431982900329723,2.067300570760191,0.16142804769177593,0.9761917772984559,0.16598156922622162,0.8180402949106632,0.3674881871810989,0.33115717858428806,1.7342584793097688,2.002651674639255,0.2060631784016501,0.9547748544213116,0.187821708854012,0.7543901807048421,0.2024460238190099,0.7209715169914391,2.620916690142896,3.190338284640036,0.17468326772899478,0.9830574586977947,0.227703281072563,0.5161338685547856,0.5092573613769216,0.4941529382218375,3.7456226171518825,4.065085444266198,0.17435782033097572,0.9877371380557779,0.23202127900235067,0.2953493221947483,0.5176597477964038,0.6197575808612618,wang,0.3,2.0,0.0,12.0
Subj05,walk_18,0.5,65.1,7305,0.0,0.5760000000000036,0.8786478147372583,True,8.097786949039463,1.7721081171140358,2.7411860954430627,1.9033025787641988,1.8101347368418672,0.16472821646719635,0.97711680848079,0.17954718198979822,0.7873918563047134,0.3980359946696768,0.34047574771886635,1.6882701327393697,1.8425199618473207,0.20585026107955018,0.9564583443649812,0.18940582049729676,0.7449832556532443,0.20944287118977564,0.6997927971820831,2.620916690142896,3.190338284640036,0.17468326772899478,0.9830574586977947,0.227703281072563,0.5161338685547856,0.5092573613769216,0.4941529382218375,3.7456226171518825,4.065085444266198,0.17435782033097572,0.9877371380557779,0.23202127900235067,0.2953493221947483,0.5176597477964038,0.6197575808612618,wang,0.4,1.0,0.0,12.0
Subj05,walk_18,0.5,65.1,7305,0.0,0.5760000000000036,0.8786478147372583,True,8.097786949039463,1.7721081171140358,2.7411860954430627,1.9126503182024257,2.0116608967246696,0.16699426572018103,0.9756370433065512,0.1927376789083987,0.7607245431817616,0.42490747252811517,0.2554935843128355,1.950869661177252,2.1099480606436183,0.2058995627445095,0.9545516149018882,0.19410960366738877,0.7372973142769453,0.226524447928831,0.6154404991776191,2.620916690142896,3.190338284640036,0.17468326772899478,0.9830574586977947,0.227703281072563,0.5161338685547856,0.5092573613769216,0.4941529382218375,3.7456226171518825,4.065085444266198,0.17435782033097572,0.9877371380557779,0.23202127900235067,0.2953493221947483,0.5176597477964038,0.6197575808612618,wang,0.3,0.5,0.0,12.0
Subj05,walk_18,0.5,65.1,7305,0.0,0.5760000000000036,0.8786478147372583,True,8.097786949039463,1.7721081171140358,2.7411860954430627,2.0990112670772745,2.2837783670142446,0.16670749829699913,0.9743018009313922,0.1944221496473423,0.7605921940203373,0.42674247480147454,0.18698278840802762,2.1166481064265925,2.3518330220319132,0.20613377454942033,0.9525490105237088,0.19650943000377305,0.7353844721253397,0.23365051831935885,0.5594389990657626,2.620916690142896,3.190338284640036,0.17468326772899478,0.9830574586977947,0.227703281072563,0.5161338685547856,0.5092573613769216,0.4941529382218375,3.7456226171518825,4.065085444266198,0.17435782033097572,0.9877371380557779,0.23202127900235067,0.2953493221947483,0.5176597477964038,0.6197575808612618,wang,0.2,0.5,0.0,12.0
Subj05,walk_18,0.5,65.1,7305,0.0,0.5760000000000036,0.8786478147372583,True,8.097786949039463,1.7721081171140358,2.7411860954430627,2.0894678619315634,1.8602729003487302,0.16207560844286958,0.977345343166439,0.16617948459266838,0.8158754823480376,0.36985770886214625,0.3811374847314281,1.5941721454542637,1.798775519212109,0.2059053150470654,0.9565920073019706,0.18606841991265208,0.7546661187324533,0.19644021412438817,0.7541583453370635,2.620916690142896,3.190338284640036,0.17468326772899478,0.9830574586977947,0.227703281072563,0.5161338685547856,0.5092573613769216,0.4941529382218375,3.7456226171518825,4.065085444266198,0.17435782033097572,0.9877371380557779,0.23202127900235067,0.2953493221947483,0.5176597477964038,0.6197575808612618,wang,0.4,2.0,0.0,12.0
Subj05,walk_18,0.5,65.1,7305,0.0,0.5760000000000036,0.8786478147372583,True,8.097786949039463,1.7721081171140358,2.7411860954430627,2.244472119166991,2.294433143815815,0.16377173063923153,0.9746352798587965,0.18106013175467583,0.7897886264902552,0.3975034073085459,0.2180644847364795,2.0034387677248726,2.295023853953125,0.2062398050148859,0.9526235799601177,0.193620932618917,0.7427533257066299,0.2228200217662685,0.6057765750862882,2.620916690142896,3.190338284640036,0.17468326772899478,0.9830574586977947,0.227703281072563,0.5161338685547856,0.5092573613769216,0.4941529382218375,3.7456226171518825,4.065085444266198,0.17435782033097572,0.9877371380557779,0.23202127900235067,0.2953493221947483,0.5176597477964038,0.6197575808612618,wang,0.2,1.0,0.0,12.0
Subj05,walk_18,0.5,65.1,7305,0.0,0.5760000000000036,0.8786478147372583,True,8.097786949039463,1.7721081171140358,2.7411860954430627,1.7779944529242433,1.8101907734903433,0.1672806401464642,0.9767322222456387,0.19192440980852882,0.7573033840967678,0.4245569513354115,0.3054306838657123,1.8371192670284067,1.9401739626703567,0.20572894270386174,0.956202732625603,0.19262602082443706,0.7361885983430407,0.2221608215532938,0.6535823366360317,2.620916690142896,3.190338284640036,0.17468326772899478,0.9830574586977947,0.227703281072563,0.5161338685547856,0.5092573613769216,0.4941529382218375,3.7456226171518825,4.065085444266198,0.17435782033097572,0.9877371380557779,0.23202127900235067,0.2953493221947483,0.5176597477964038,0.6197575808612618,wang,0.4,0.5,0.0,12.0
Subj05,walk_18,0.5,65.1,7305,0.0,0.5760000000000036,0.8786478147372583,True,8.097786949039463,1.7721081171140358,2.7411860954430627,2.451524878303626,2.3466521024057956,0.16072785400463202,0.9747944873664832,0.16675844955342808,0.8158571307498116,0.3666474422191172,0.25699256832441114,1.9354368896329923,2.2818571404843846,0.20628479427616128,0.9525830102046291,0.19062937024226065,0.7500379814677004,0.21186585786869433,0.66626478791015,2.620916690142896,3.190338284640036,0.17468326772899478,0.9830574586977947,0.227703281072563,0.5161338685547856,0.5092573613769216,0.4941529382218375,3.7456226171518825,4.065085444266198,0.17435782033097572,0.9877371380557779,0.23202127900235067,0.2953493221947483,0.5176597477964038,0.6197575808612618,wang,0.2,2.0,0.0,12.0
Subj05,walk_18,0.5,65.1,7305,0.0,0.5760000000000036,0.8786478147372583,True,8.097786949039463,1.7721081171140358,2.7411860954430627,1.7393144439875972,1.7690030356875475,0.16742496672021925,0.9759009103029695,0.19206695193788859,0.7655031612498402,0.42522370214621175,0.2660378549890765,1.873592832110959,2.02230305327487,0.20590867636292695,0.9550705386909536,0.19285612053938897,0.7460080464491259,0.22187935752284269,0.6392349640589483,2.620916690142896,3.190338284640036,0.17468326772899478,0.9830574586977947,0.227703281072563,0.5161338685547856,0.5092573613769216,0.4941529382218375,3.7456226171518825,4.065085444266198,0.17435782033097572,0.9877371380557779,0.23202127900235067,0.2953493221947483,0.5176597477964038,0.6197575808612618,wang,0.3,0.5,2.0,5.0
Subj05,walk_18,0.5,65.1,7305,0.0,0.5760000000000036,0.8786478147372583,True,8.097786949039463,1.7721081171140358,2.7411860954430627,1.6147393076868926,1.5848514532277547,0.16767958310370468,0.9769696960528643,0.19139859663706552,0.761885239815216,0.42503124012119387,0.312653957251032,1.7684509684732803,1.867720426575836,0.20572537719396913,0.956665064598836,0.1914401723982666,0.7449965051223927,0.21781208976883926,0.6732457548768294,2.620916690142896,3.190338284640036,0.17468326772899478,0.9830574586977947,0.227703281072563,0.5161338685547856,0.5092573613769216,0.4941529382218375,3.7456226171518825,4.065085444266198,0.17435782033097572,0.9877371380557779,0.23202127900235067,0.2953493221947483,0.5176597477964038,0.6197575808612618,wang,0.4,0.5,2.0,5.0
Subj05,walk_18,0.5,65.1,7305,0.0,0.5760000000000036,0.8786478147372583,True,8.097786949039463,1.7721081171140358,2.7411860954430627,1.848180291716928,1.9255217749727171,0.167144449098912,0.9757361548989397,0.19254316920343606,0.7625739995864749,0.42505487623557076,0.25791574093244524,1.9358296554881644,2.091748975876156,0.20587665874785813,0.9547137785127122,0.1937925178661836,0.7400024599222085,0.22544772792217546,0.6211880689490827,2.620916690142896,3.190338284640036,0.17468326772899478,0.9830574586977947,0.227703281072563,0.5161338685547856,0.5092573613769216,0.4941529382218375,3.7456226171518825,4.065085444266198,0.17435782033097572,0.9877371380557779,0.23202127900235067,0.2953493221947483,0.5176597477964038,0.6197575808612618,wang,0.3,0.5,2.0,8.0
Subj05,walk_18,0.5,65.1,7305,0.0,0.5760000000000036,0.8786478147372583,True,8.097786949039463,1.7721081171140358,2.7411860954430627,1.7154690423697962,1.7275871412592072,0.1674193414865639,0.9768267192891967,0.1917624080874791,0.7592048980728164,0.4247338977002079,0.3070714200135175,1.8244511505249406,1.925987917313897,0.20570138382171796,0.9563491875596094,0.19231292986703663,0.7389999107681183,0.2211426851688971,0.6583105006333708,2.620916690142896,3.190338284640036,0.17468326772899478,0.9830574586977947,0.227703281072563,0.5161338685547856,0.5092573613769216,0.4941529382218375,3.7456226171518825,4.065085444266198,0.17435782033097572,0.9877371380557779,0.23202127900235067,0.2953493221947483,0.5176597477964038,0.6197575808612618,wang,0.4,0.5,2.0,8.0
Subj05,walk_27,0.75,65.1,5826,0.0,0.564000000000004,0.930773972711912,True,8.449703893735494,2.219858617357597,3.3191533388501364,2.4235533089560457,2.77673939086168,0.1477240348444465,0.9808986302548722,0.22975899675941602,0.8150712529698002,0.4224886306793464,0.5403836579125132,2.4061275240040447,3.0956657900170845,0.19156303256041843,0.96635132468369,0.21510950820416702,0.8266540840964237,0.24675946543906155,0.7336877512487027,3.753471307514792,5.044783502238442,0.16162407193071435,0.9842551400920735,0.3012327326867753,0.5534723347902546,0.592838058567755,0.6530467708154827,5.685111629111604,6.566139840158107,0.16763330738211835,0.9902969810674721,0.32976964033793277,0.1128751165134386,0.6503211448189012,0.7640483169968576,wang,0.3,1.0,0.0,12.0
Subj05,walk_27,0.75,65.1,5826,0.0,0.564000000000004,0.930773972711912,True,8.449703893735494,2.219858617357597,3.3191533388501364,2.5928464741027355,2.855687821656151,0.14533530653770757,0.9807940253329701,0.21606837002303428,0.8297795674237943,0.3937322910248024,0.5709184431186727,2.323759274917231,3.095790111018949,0.19205501003012007,0.966581655284593,0.2108869199195468,0.829171467194894,0.2296322670720237,0.7797146952670907,3.753471307514792,5.044783502238442,0.16162407193071435,0.9842551400920735,0.3012327326867753,0.5534723347902546,0.592838058567755,0.6530467708154827,5.685111629111604,6.566139840158107,0.16763330738211835,0.9902969810674721,0.32976964033793277,0.1128751165134386,0.6503211448189012,0.7640483169968576,wang,0.3,2.0,0.0,12.0
Subj05,walk_27,0.75,65.1,5826,0.0,0.564000000000004,0.930773972711912,True,8.449703893735494,2.219858617357597,3.3191533388501364,2.2177902872699353,2.453094082498643,0.14829390526514524,0.9819571533140431,0.2305932935063467,0.8000357116305188,0.42467041539957506,0.5775543328910634,2.2074559264418725,2.8078508071083497,0.19144512474584505,0.9679909083879173,0.21453566366504892,0.8165504754794782,0.24539047460380142,0.7616864790327008,3.753471307514792,5.044783502238442,0.16162407193071435,0.9842551400920735,0.3012327326867753,0.5534723347902546,0.592838058567755,0.6530467708154827,5.685111629111604,6.566139840158107,0.16763330738211835,0.9902969810674721,0.32976964033793277,0.1128751165134386,0.6503211448189012,0.7640483169968576,wang,0.4,1.0,0.0,12.0
Subj05,walk_27,0.75,65.1,5826,0.0,0.564000000000004,0.930773972711912,True,8.449703893735494,2.219858617357597,3.3191533388501364,2.3109525225596546,2.742366227042511,0.1501215698633783,0.9807982125048448,0.24235111455794794,0.7984497944386093,0.4494799669702291,0.5132389983671126,2.550945662375066,3.1619985885022115,0.1910816945027185,0.9660040999307988,0.21920700590735925,0.8242788312142052,0.2632478474090335,0.6947666196392902,3.753471307514792,5.044783502238442,0.16162407193071435,0.9842551400920735,0.3012327326867753,0.5534723347902546,0.592838058567755,0.6530467708154827,5.685111629111604,6.566139840158107,0.16763330738211835,0.9902969810674721,0.32976964033793277,0.1128751165134386,0.6503211448189012,0.7640483169968576,wang,0.3,0.5,0.0,12.0
Subj05,walk_27,0.75,65.1,5826,0.0,0.564000000000004,0.930773972711912,True,8.449703893735494,2.219858617357597,3.3191533388501364,2.5930888074448766,3.182687776413044,0.14979177427284995,0.9795624902035229,0.24323275568843633,0.8074814459274422,0.45111646270873135,0.4580372455767319,2.8132417216906713,3.5455571400291066,0.19130690974287812,0.9641296347399088,0.22080055422570086,0.8296926614199475,0.26760228790827295,0.6508108530921035,3.753471307514792,5.044783502238442,0.16162407193071435,0.9842551400920735,0.3012327326867753,0.5534723347902546,0.592838058567755,0.6530467708154827,5.685111629111604,6.566139840158107,0.16763330738211835,0.9902969810674721,0.32976964033793277,0.1128751165134386,0.6503211448189012,0.7640483169968576,wang,0.2,0.5,0.0,12.0
Subj05,walk_27,0.75,65.1,5826,0.0,0.564000000000004,0.930773972711912,True,8.449703893735494,2.219858617357597,3.3191533388501364,2.382256199032381,2.536368953258889,0.1460774858951795,0.9819544052514592,0.21744721425747818,0.8137527537038144,0.3970749637103649,0.606893971359227,2.112636641536049,2.7917402921288206,0.1919224580751646,0.968374610037802,0.20995151033517967,0.8179785895252014,0.2270670656112934,0.8043266189985037,3.753471307514792,5.044783502238442,0.16162407193071435,0.9842551400920735,0.3012327326867753,0.5534723347902546,0.592838058567755,0.6530467708154827,5.685111629111604,6.566139840158107,0.16763330738211835,0.9902969810674721,0.32976964033793277,0.1128751165134386,0.6503211448189012,0.7640483169968576,wang,0.4,2.0,0.0,12.0
Subj05,walk_27,0.75,65.1,5826,0.0,0.564000000000004,0.930773972711912,True,8.449703893735494,2.219858617357597,3.3191533388501364,2.7167062560323028,3.221906259872755,0.14719884743525122,0.9795653257102569,0.23016843185349273,0.8247598337211449,0.4231249455047484,0.4841955619847721,2.696175035736569,3.5056978260128,0.19179819741711193,0.9643118364401482,0.21718494543479544,0.8325695231169491,0.2528386979668937,0.6904797438958495,3.753471307514792,5.044783502238442,0.16162407193071435,0.9842551400920735,0.3012327326867753,0.5534723347902546,0.592838058567755,0.6530467708154827,5.685111629111604,6.566139840158107,0.16763330738211835,0.9902969810674721,0.32976964033793277,0.1128751165134386,0.6503211448189012,0.7640483169968576,wang,0.2,1.0,0.0,12.0
Subj05,walk_27,0.75,65.1,5826,0.0,0.564000000000004,0.930773972711912,True,8.449703893735494,2.219858617357597,3.3191533388501364,2.1133379111307904,2.422099139001756,0.15051731210153055,0.9817643171838504,0.24265951234503189,0.7849588330037871,0.45050172179742864,0.5508355003055574,2.3731434840005448,2.8979947119006413,0.19097162488425748,0.9674934114788496,0.2189747843939932,0.8153783519607002,0.2629842815487769,0.7242200411832134,3.753471307514792,5.044783502238442,0.16162407193071435,0.9842551400920735,0.3012327326867753,0.5534723347902546,0.592838058567755,0.6530467708154827,5.685111629111604,6.566139840158107,0.16763330738211835,0.9902969810674721,0.32976964033793277,0.1128751165134386,0.6503211448189012,0.7640483169968576,wang,0.4,0.5,0.0,12.0
Subj05,walk_27,0.75,65.1,5826,0.0,0.564000000000004,0.930773972711912,True,8.449703893735494,2.219858617357597,3.3191533388501364,2.8942151855923015,3.298405085225889,0.14461936384994523,0.9793510763104184,0.21603566431880517,0.839220053502696,0.39349675144764396,0.5145313597941906,2.6334663542762664,3.5239592151578045,0.19230883380933353,0.9643741233030781,0.21349004146727338,0.8351007733441199,0.23766176779714904,0.739830496312049,3.753471307514792,5.044783502238442,0.16162407193071435,0.9842551400920735,0.3012327326867753,0.5534723347902546,0.592838058567755,0.6530467708154827,5.685111629111604,6.566139840158107,0.16763330738211835,0.9902969810674721,0.32976964033793277,0.1128751165134386,0.6503211448189012,0.7640483169968576,wang,0.2,2.0,0.0,12.0
Subj05,walk_27,0.75,65.1,5826,0.0,0.564000000000004,0.930773972711912,True,8.449703893735494,2.219858617357597,3.3191533388501364,2.102552792181713,2.4388875237270793,0.1513244769571004,0.9809952630943485,0.24246954338258467,0.8067795768930384,0.4515430413057608,0.5350686506697705,2.452597867618944,2.9978116288118,0.19148354042250817,0.9663778331961332,0.21707536336547617,0.8330436824755463,0.25609343420112274,0.7210364281295961,3.753471307514792,5.044783502238442,0.16162407193071435,0.9842551400920735,0.3012327326867753,0.5534723347902546,0.592838058567755,0.6530467708154827,5.685111629111604,6.566139840158107,0.16763330738211835,0.9902969810674721,0.32976964033793277,0.1128751165134386,0.6503211448189012,0.7640483169968576,wang,0.3,0.5,2.0,5.0
Subj05,walk_27,0.75,65.1,5826,0.0,0.564000000000004,0.930773972711912,True,8.449703893735494,2.219858617357597,3.3191533388501364,1.9315703238773216,2.1719965085647512,0.15162576665395536,0.9819513170414003,0.24300408649389252,0.7917314043856606,0.4529676738021555,0.5674123278828326,2.296937730768438,2.7762522963434537,0.19131950162291908,0.9678156063282513,0.2171201941364661,0.823370835015131,0.25682163799424285,0.7452008993312641,3.753471307514792,5.044783502238442,0.16162407193071435,0.9842551400920735,0.3012327326867753,0.5534723347902546,0.592838058567755,0.6530467708154827,5.685111629111604,6.566139840158107,0.16763330738211835,0.9902969810674721,0.32976964033793277,0.1128751165134386,0.6503211448189012,0.7640483169968576,wang,0.4,0.5,2.0,5.0
Subj05,walk_27,0.75,65.1,5826,0.0,0.564000000000004,0.930773972711912,True,8.449703893735494,2.219858617357597,3.3191533388501364,2.2334719013530115,2.631975991192426,0.15044394058337476,0.980883981110896,0.24235691253929761,0.8011812790410098,0.4499182619576242,0.5194295089887109,2.526773946169225,3.121886554485815,0.1911339842932901,0.9660897353162021,0.21864950589856808,0.8268423347545989,0.2615042024399642,0.7006252441182699,3.753471307514792,5.044783502238442,0.16162407193071435,0.9842551400920735,0.3012327326867753,0.5534723347902546,0.592838058567755,0.6530467708154827,5.685111629111604,6.566139840158107,0.16763330738211835,0.9902969810674721,0.32976964033793277,0.1128751165134386,0.6503211448189012,0.7640483169968576,wang,0.3,0.5,2.0,8.0
Subj05,walk_27,0.75,65.1,5826,0.0,0.564000000000004,0.930773972711912,True,8.449703893735494,2.219858617357597,3.3191533388501364,2.040767469345076,2.3213063612104192,0.15081028551179498,0.981849775619215,0.2427081113691582,0.7874538163968862,0.4510169268888799,0.5556142029159626,2.3543555589552696,2.8677157169872696,0.1910082046396269,0.9675646635496826,0.2184762269983655,0.8179037922914518,0.2614854016395763,0.7287528607410714,3.753471307514792,5.044783502238442,0.16162407193071435,0.9842551400920735,0.3012327326867753,0.5534723347902546,0.592838058567755,0.6530467708154827,5.685111629111604,6.566139840158107,0.16763330738211835,0.9902969810674721,0.32976964033793277,0.1128751165134386,0.6503211448189012,0.7640483169968576,wang,0.4,0.5,2.0,8.0
Subj05,walk_36,1.0,65.1,8136,0.0,0.5720000000000036,0.9313159946189293,True,7.966237200475228,3.120847010391007,4.050198966310046,2.888907543388233,3.4260743240921627,0.13037103317253607,0.9822865337037816,0.24142002289985123,0.8293852030099016,0.4388195738601331,0.6135080775607802,2.5824450971279473,3.581423092853318,0.17539560287512623,0.9701089015766913,0.22178996827596817,0.8517215261863468,0.28985599163057835,0.7517458704831794,5.232425840316582,7.489137093439271,0.15054706509197857,0.9858043446028552,0.3645980079837333,0.6228108623610139,0.6865962821025559,0.7125358597676605,8.117886019149868,9.738468684714643,0.16687230657361174,0.9910473338840287,0.4251237110053538,0.10575272394563792,0.7833396484963528,0.8476502355253813,wang,0.3,1.0,0.0,12.0
Subj05,walk_36,1.0,65.1,8136,0.0,0.5720000000000036,0.9313159946189293,True,7.966237200475228,3.120847010391007,4.050198966310046,3.0058469768244813,3.4761611542742505,0.12877568714897178,0.9821401562566867,0.22836276961103286,0.8351239852755803,0.4095620237255114,0.6515685431277792,2.465117154937306,3.5130441875290184,0.1761810550329814,0.9700991349939473,0.21485307168594245,0.8582220491782747,0.2673660343677756,0.797753410221127,5.232425840316582,7.489137093439271,0.15054706509197857,0.9858043446028552,0.3645980079837333,0.6228108623610139,0.6865962821025559,0.7125358597676605,8.117886019149868,9.738468684714643,0.16687230657361174,0.9910473338840287,0.4251237110053538,0.10575272394563792,0.7833396484963528,0.8476502355253813,wang,0.3,2.0,0.0,12.0
Subj05,walk_36,1.0,65.1,8136,0.0,0.5720000000000036,0.9313159946189293,True,7.966237200475228,3.120847010391007,4.050198966310046,2.653027597301965,3.025510922517846,0.13104026018514542,0.9836056373195785,0.24533301688325682,0.8122434249638469,0.4411326093476902,0.6573195135085348,2.3496506143928877,3.202183071794071,0.17545380739552066,0.9719362969214549,0.22335265644104166,0.838669995887877,0.28945706404916355,0.7823822767820183,5.232425840316582,7.489137093439271,0.15054706509197857,0.9858043446028552,0.3645980079837333,0.6228108623610139,0.6865962821025559,0.7125358597676605,8.117886019149868,9.738468684714643,0.16687230657361174,0.9910473338840287,0.4251237110053538,0.10575272394563792,0.7833396484963528,0.8476502355253813,wang,0.4,1.0,0.0,12.0
Subj05,walk_36,1.0,65.1,8136,0.0,0.5720000000000036,0.9313159946189293,True,7.966237200475228,3.120847010391007,4.050198966310046,2.835753055523682,3.4343204495643382,0.13202572066897714,0.9822424878380807,0.2529689118671272,0.8229863704679381,0.4645954618860974,0.5823442631488499,2.769804383181572,3.7352867272584094,0.17476204334479825,0.9700268528542695,0.2283207365118009,0.8459943067932888,0.31039744114100326,0.7125872938375757,5.232425840316582,7.489137093439271,0.15054706509197857,0.9858043446028552,0.3645980079837333,0.6228108623610139,0.6865962821025559,0.7125358597676605,8.117886019149868,9.738468684714643,0.16687230657361174,0.9910473338840287,0.4251237110053538,0.10575272394563792,0.7833396484963528,0.8476502355253813,wang,0.3,0.5,0.0,12.0
Subj05,walk_36,1.0,65.1,8136,0.0,0.5720000000000036,0.9313159946189293,True,7.966237200475228,3.120847010391007,4.050198966310046,3.193339854175329,4.018589714733495,0.13173993437372872,0.9806190757168664,0.25116246281940835,0.833736539827813,0.4676248901674372,0.5144365992527035,3.125863691662194,4.2830811226926855,0.17490334377284053,0.9678420382700458,0.2285593477467746,0.853625514214898,0.31620526393926357,0.6618322839408424,5.232425840316582,7.489137093439271,0.15054706509197857,0.9858043446028552,0.3645980079837333,0.6228108623610139,0.6865962821025559,0.7125358597676605,8.117886019149868,9.738468684714643,0.16687230657361174,0.9910473338840287,0.4251237110053538,0.10575272394563792,0.7833396484963528,0.8476502355253813,wang,0.2,0.5,0.0,12.0
Subj05,walk_36,1.0,65.1,8136,0.0,0.5720000000000036,0.9313159946189293,True,7.966237200475228,3.120847010391007,4.050198966310046,2.772967335021173,3.082880758081028,0.12959072037309233,0.9835319489745982,0.23299917437899775,0.8151643839813407,0.4127812610418116,0.6924240142527371,2.235198013141502,3.1284161488795554,0.17622000618991646,0.9720466727365846,0.21625512168709596,0.8433048393858332,0.2663792240063569,0.8238694248724819,5.232425840316582,7.489137093439271,0.15054706509197857,0.9858043446028552,0.3645980079837333,0.6228108623610139,0.6865962821025559,0.7125358597676605,8.117886019149868,9.738468684714643,0.16687230657361174,0.9910473338840287,0.4251237110053538,0.10575272394563792,0.7833396484963528,0.8476502355253813,wang,0.4,2.0,0.0,12.0
Subj05,walk_36,1.0,65.1,8136,0.0,0.5720000000000036,0.9313159946189293,True,7.966237200475228,3.120847010391007,4.050198966310046,3.2581998312985623,4.02057027463532,0.12992847744741629,0.9806102495049451,0.23910538027164935,0.8420144533260678,0.4414811569564215,0.5458974093833977,2.9642427231428248,4.158746734062039,0.1755446258073522,0.9678127495415975,0.22238774376318535,0.8602920336936416,0.29707128627008506,0.7036753258631055,5.232425840316582,7.489137093439271,0.15054706509197857,0.9858043446028552,0.3645980079837333,0.6228108623610139,0.6865962821025559,0.7125358597676605,8.117886019149868,9.738468684714643,0.16687230657361174,0.9910473338840287,0.4251237110053538,0.10575272394563792,0.7833396484963528,0.8476502355253813,wang,0.2,1.0,0.0,12.0
Subj05,walk_36,1.0,65.1,8136,0.0,0.5720000000000036,0.9313159946189293,True,7.966237200475228,3.120847010391007,4.050198966310046,2.606307316646476,3.041125256954899,0.1325484783922916,0.9835017478927482,0.2562763925309059,0.8082897839605062,0.46612129616889814,0.6276146594105471,2.55131532409493,3.380690084806962,0.17482880748739474,0.9717430953585725,0.2300636305949982,0.8344766539211823,0.3106688828874446,0.7458930720436663,5.232425840316582,7.489137093439271,0.15054706509197857,0.9858043446028552,0.3645980079837333,0.6228108623610139,0.6865962821025559,0.7125358597676605,8.117886019149868,9.738468684714643,0.16687230657361174,0.9910473338840287,0.4251237110053538,0.10575272394563792,0.7833396484963528,0.8476502355253813,wang,0.4,0.5,0.0,12.0
Subj05,walk_36,1.0,65.1,8136,0.0,0.5720000000000036,0.9313159946189293,True,7.966237200475228,3.120847010391007,4.050198966310046,3.377723435423619,4.066834117828968,0.12818144044103297,0.9803960846073697,0.22546965321824783,0.8496770515791934,0.41192612901740044,0.5861038019021646,2.856667506123904,4.099902904311031,0.17635079227227685,0.9676833238179288,0.21582518545878518,0.8677741318390848,0.27610353784613234,0.7551051815975685,5.232425840316582,7.489137093439271,0.15054706509197857,0.9858043446028552,0.3645980079837333,0.6228108623610139,0.6865962821025559,0.7125358597676605,8.117886019149868,9.738468684714643,0.16687230657361174,0.9910473338840287,0.4251237110053538,0.10575272394563792,0.7833396484963528,0.8476502355253813,wang,0.2,2.0,0.0,12.0
Subj05,walk_36,1.0,65.1,8136,0.0,0.5720000000000036,0.9313159946189293,True,7.966237200475228,3.120847010391007,4.050198966310046,2.4933046795400764,2.8367882113170686,0.13280782111578657,0.9826673594740954,0.24929976889819902,0.8416058744592934,0.45717637897793817,0.619899367819873,2.516116456585442,3.2722050225725154,0.17505821929685894,0.9708434452955855,0.22205779008242188,0.8697443023805038,0.2932786087712377,0.7552080525015797,5.232425840316582,7.489137093439271,0.15054706509197857,0.9858043446028552,0.3645980079837333,0.6228108623610139,0.6865962821025559,0.7125358597676605,8.117886019149868,9.738468684714643,0.16687230657361174,0.9910473338840287,0.4251237110053538,0.10575272394563792,0.7833396484963528,0.8476502355253813,wang,0.3,0.5,2.0,5.0
Subj05,walk_36,1.0,65.1,8136,0.0,0.5720000000000036,0.9313159946189293,True,7.966237200475228,3.120847010391007,4.050198966310046,2.336960152229849,2.5934930840226107,0.13324012331245985,0.9839435058520175,0.2531056283200248,0.8247441899565526,0.45950553472462463,0.6582878600896055,2.3639331439417863,3.054538288659396,0.17503777821351657,0.9725548480965034,0.224339650158677,0.8562095876694318,0.29506812589839165,0.7809817766078352,5.232425840316582,7.489137093439271,0.15054706509197857,0.9858043446028552,0.3645980079837333,0.6228108623610139,0.6865962821025559,0.7125358597676605,8.117886019149868,9.738468684714643,0.16687230657361174,0.9910473338840287,0.4251237110053538,0.10575272394563792,0.7833396484963528,0.8476502355253813,wang,0.4,0.5,2.0,5.0
Subj05,walk_36,1.0,65.1,8136,0.0,0.5720000000000036,0.9313159946189293,True,7.966237200475228,3.120847010391007,4.050198966310046,2.7306634872984827,3.268442943354954,0.13212083934872398,0.9824336835790962,0.25144249697052484,0.8295423617489183,0.4613319264379852,0.5941216134592663,2.7115688560349454,3.624966057412416,0.1747150479704619,0.9703599778477583,0.22655551384865413,0.8529616239054749,0.30564632946904563,0.7238418669697058,5.232425840316582,7.489137093439271,0.15054706509197857,0.9858043446028552,0.3645980079837333,0.6228108623610139,0.6865962821025559,0.7125358597676605,8.117886019149868,9.738468684714643,0.16687230657361174,0.9910473338840287,0.4251237110053538,0.10575272394563792,0.7833396484963528,0.8476502355253813,wang,0.3,0.5,2.0,8.0
Subj05,walk_36,1.0,65.1,8136,0.0,0.5720000000000036,0.9313159946189293,True,7.966237200475228,3.120847010391007,4.050198966310046,2.515327671215178,2.9009512846982104,0.13259944735545245,0.9837158936212509,0.254817345050406,0.8145492632215106,0.4629096454295994,0.6377830887374601,2.5065568619453193,3.296126275367232,0.17475279498255633,0.9720796199670184,0.22839283709168423,0.8411081351181126,0.3062088009681922,0.7552546472027669,5.232425840316582,7.489137093439271,0.15054706509197857,0.9858043446028552,0.3645980079837333,0.6228108623610139,0.6865962821025559,0.7125358597676605,8.117886019149868,9.738468684714643,0.16687230657361174,0.9910473338840287,0.4251237110053538,0.10575272394563792,0.7833396484963528,0.8476502355253813,wang,0.4,0.5,2.0,8.0
Subj05,walk_45,1.25,65.1,6088,0.0,0.5720000000000041,0.934748604007387,True,8.520765460419733,5.315388994187412,4.741015943998993,4.0305012551057535,5.203313485173641,0.10773617422422382,0.9876133304759008,0.2850066289127559,0.8073790671848908,0.5143858404256684,0.6621942699081433,3.601727856647089,5.314375049681147,0.15805767766337794,0.9760548463367068,0.23428442570799485,0.8657632049917687,0.31969722500392556,0.8093730641823756,6.384156142649685,9.08879017764101,0.14191058550820085,0.9766841629610055,0.41264701214585964,0.6739234789060233,0.7830410437648523,0.7505976612740575,9.97918552094117,12.080583250762027,0.1650683889001494,0.9820636841276101,0.4950718919846696,0.18208120932504215,0.9033072008506686,0.8944167447612056,wang,0.3,1.0,0.0,12.0
Subj05,walk_45,1.25,65.1,6088,0.0,0.5720000000000041,0.934748604007387,True,8.520765460419733,5.315388994187412,4.741015943998993,4.055125720837111,5.102142576973923,0.10432630809747626,0.9882136108900634,0.26652872843645203,0.8194253457425126,0.4709250822608201,0.7043508874844672,3.561090717044861,5.366588859748379,0.15839346452830813,0.9766704697186772,0.22669496454604104,0.8749746728518122,0.2951709000235897,0.8437874815327855,6.384156142649685,9.08879017764101,0.14191058550820085,0.9766841629610055,0.41264701214585964,0.6739234789060233,0.7830410437648523,0.7505976612740575,9.97918552094117,12.080583250762027,0.1650683889001494,0.9820636841276101,0.4950718919846696,0.18208120932504215,0.9033072008506686,0.8944167447612056,wang,0.3,2.0,0.0,12.0
Subj05,walk_45,1.25,65.1,6088,0.0,0.5720000000000041,0.934748604007387,True,8.520765460419733,5.315388994187412,4.741015943998993,3.7641188662014424,4.72782003083042,0.10915028797595373,0.9881567491128465,0.2882341886266196,0.7954304312319782,0.5147972731402359,0.7010412034537997,3.2908421246391315,4.800525968429483,0.15840995588674348,0.9773441260894101,0.2354751792318816,0.8554078606785807,0.3188186232699946,0.8325920377910417,6.384156142649685,9.08879017764101,0.14191058550820085,0.9766841629610055,0.41264701214585964,0.6739234789060233,0.7830410437648523,0.7505976612740575,9.97918552094117,12.080583250762027,0.1650683889001494,0.9820636841276101,0.4950718919846696,0.18208120932504215,0.9033072008506686,0.8944167447612056,wang,0.4,1.0,0.0,12.0
Subj05,walk_45,1.25,65.1,6088,0.0,0.5720000000000041,0.934748604007387,True,8.520765460419733,5.315388994187412,4.741015943998993,4.081465229218457,5.356787098962258,0.11119778352264086,0.9868282243823113,0.3014995383620362,0.7958068789061382,0.5527205627527999,0.6287657949519957,3.71421646937363,5.337298573616538,0.15785467523821373,0.9754009630835748,0.24152893912077628,0.857698936633974,0.34226851542525405,0.7788564322507949,6.384156142649685,9.08879017764101,0.14191058550820085,0.9766841629610055,0.41264701214585964,0.6739234789060233,0.7830410437648523,0.7505976612740575,9.97918552094117,12.080583250762027,0.1650683889001494,0.9820636841276101,0.4950718919846696,0.18208120932504215,0.9033072008506686,0.8944167447612056,wang,0.3,0.5,0.0,12.0
Subj05,walk_45,1.25,65.1,6088,0.0,0.5720000000000041,0.934748604007387,True,8.520765460419733,5.315388994187412,4.741015943998993,4.468413094689364,6.019695902603416,0.11030590873660132,0.986077672281581,0.3010005838428195,0.8018552443575608,0.5587234894217743,0.571195822869497,4.171481372202989,6.05654882577734,0.15778952974868493,0.9738061574732141,0.24294448308982347,0.8623883056293274,0.3500839744492669,0.7407669018898396,6.384156142649685,9.08879017764101,0.14191058550820085,0.9766841629610055,0.41264701214585964,0.6739234789060233,0.7830410437648523,0.7505976612740575,9.97918552094117,12.080583250762027,0.1650683889001494,0.9820636841276101,0.4950718919846696,0.18208120932504215,0.9033072008506686,0.8944167447612056,wang,0.2,0.5,0.0,12.0
Subj05,walk_45,1.25,65.1,6088,0.0,0.5720000000000041,0.934748604007387,True,8.520765460419733,5.315388994187412,4.741015943998993,3.781639816508095,4.620167264888366,0.1058901063352756,0.9888952783620953,0.2705461335387498,0.8050921996811738,0.4719948384696719,0.7407671364885122,3.258616135997325,4.857055628764166,0.15871314118847984,0.9781354743791221,0.22761248463470699,0.8632729508414415,0.2932879336040152,0.8640854337644728,6.384156142649685,9.08879017764101,0.14191058550820085,0.9766841629610055,0.41264701214585964,0.6739234789060233,0.7830410437648523,0.7505976612740575,9.97918552094117,12.080583250762027,0.1650683889001494,0.9820636841276101,0.4950718919846696,0.18208120932504215,0.9033072008506686,0.8944167447612056,wang,0.4,2.0,0.0,12.0
Subj05,walk_45,1.25,65.1,6088,0.0,0.5720000000000041,0.934748604007387,True,8.520765460419733,5.315388994187412,4.741015943998993,4.445012413237159,5.896296473822456,0.10669577883525565,0.9867534252735871,0.28403915804657087,0.8149124730477854,0.520459586047802,0.6039990959098025,4.0807355638338105,6.053510005552893,0.1580118436132835,0.9742997506991419,0.23631633209776756,0.8708562790098183,0.3296920031156371,0.7730594319235046,6.384156142649685,9.08879017764101,0.14191058550820085,0.9766841629610055,0.41264701214585964,0.6739234789060233,0.7830410437648523,0.7505976612740575,9.97918552094117,12.080583250762027,0.1650683889001494,0.9820636841276101,0.4950718919846696,0.18208120932504215,0.9033072008506686,0.8944167447612056,wang,0.2,1.0,0.0,12.0
Subj05,walk_45,1.25,65.1,6088,0.0,0.5720000000000041,0.934748604007387,True,8.520765460419733,5.315388994187412,4.741015943998993,3.8325853497057794,4.904540253055679,0.11244087174941862,0.9872605196640126,0.304043558776563,0.78600438401571,0.552445028156066,0.668362484396369,3.414390867952756,4.839743420853805,0.1582225217278939,0.9765321528057231,0.2430314079673555,0.8484641850566006,0.3424754102054383,0.8037976441098371,6.384156142649685,9.08879017764101,0.14191058550820085,0.9766841629610055,0.41264701214585964,0.6739234789060233,0.7830410437648523,0.7505976612740575,9.97918552094117,12.080583250762027,0.1650683889001494,0.9820636841276101,0.4950718919846696,0.18208120932504215,0.9033072008506686,0.8944167447612056,wang,0.4,0.5,0.0,12.0
Subj05,walk_45,1.25,65.1,6088,0.0,0.5720000000000041,0.934748604007387,True,8.520765460419733,5.315388994187412,4.741015943998993,4.487376456932288,5.808805817393037,0.10316535921603043,0.9872152558032071,0.2650516415875018,0.8283200258221571,0.4773919485512677,0.6475416862119386,4.043743403370339,6.104863898744078,0.15838806556246068,0.9747378464125207,0.22935729901896598,0.8804209373838613,0.3075385012884152,0.8109888604020751,6.384156142649685,9.08879017764101,0.14191058550820085,0.9766841629610055,0.41264701214585964,0.6739234789060233,0.7830410437648523,0.7505976612740575,9.97918552094117,12.080583250762027,0.1650683889001494,0.9820636841276101,0.4950718919846696,0.18208120932504215,0.9033072008506686,0.8944167447612056,wang,0.2,2.0,0.0,12.0
Subj05,walk_45,1.25,65.1,6088,0.0,0.5720000000000041,0.934748604007387,True,8.520765460419733,5.315388994187412,4.741015943998993,3.3810101998014925,4.168684424267276,0.1101804556826002,0.9884661235286478,0.28734738769712187,0.839224669875306,0.5220070117805403,0.6941998123736762,3.3279279588697945,4.65498899109857,0.15873121069282078,0.975958416473926,0.23367351107078962,0.8822640181831353,0.3221332539705937,0.8172309470341738,6.384156142649685,9.08879017764101,0.14191058550820085,0.9766841629610055,0.41264701214585964,0.6739234789060233,0.7830410437648523,0.7505976612740575,9.97918552094117,12.080583250762027,0.1650683889001494,0.9820636841276101,0.4950718919846696,0.18208120932504215,0.9033072008506686,0.8944167447612056,wang,0.3,0.5,2.0,5.0
Subj05,walk_45,1.25,65.1,6088,0.0,0.5720000000000041,0.934748604007387,True,8.520765460419733,5.315388994187412,4.741015943998993,3.223510104668602,3.910871422105733,0.11131265436102696,0.9889660301654575,0.29072637085869085,0.8261975582534536,0.522795602775802,0.7249576422377628,3.1453962961473887,4.386801167104373,0.15894536846419494,0.977157081310883,0.23636077132118175,0.8697647048915601,0.32518987701381,0.8352721047736739,6.384156142649685,9.08879017764101,0.14191058550820085,0.9766841629610055,0.41264701214585964,0.6739234789060233,0.7830410437648523,0.7505976612740575,9.97918552094117,12.080583250762027,0.1650683889001494,0.9820636841276101,0.4950718919846696,0.18208120932504215,0.9033072008506686,0.8944167447612056,wang,0.4,0.5,2.0,5.0
Subj05,walk_45,1.25,65.1,6088,0.0,0.5720000000000041,0.934748604007387,True,8.520765460419733,5.315388994187412,4.741015943998993,3.862515635834377,5.009189607941429,0.11050496227850344,0.9875201239785011,0.29653042301183213,0.8098752412458301,0.5418602100318054,0.648435211458271,3.6065092543504593,5.141206927748431,0.15787137010934812,0.975702875021101,0.23904415518127486,0.8652084468687729,0.3359693328969718,0.7894996083986354,6.384156142649685,9.08879017764101,0.14191058550820085,0.9766841629610055,0.41264701214585964,0.6739234789060233,0.7830410437648523,0.7505976612740575,9.97918552094117,12.080583250762027,0.1650683889001494,0.9820636841276101,0.4950718919846696,0.18208120932504215,0.9033072008506686,0.8944167447612056,wang,0.3,0.5,2.0,8.0
Subj05,walk_45,1.25,65.1,6088,0.0,0.5720000000000041,0.934748604007387,True,8.520765460419733,5.315388994187412,4.741015943998993,3.632298206588209,4.594326167871577,0.11170328886289466,0.9879858210548091,0.2992311710392405,0.7994135508542544,0.5417026938027867,0.6856953462477698,3.3320467211408977,4.691184484948638,0.15819195070720748,0.9768525938462014,0.2408209444077612,0.8552223422802316,0.33685898131988645,0.8124197382039651,6.384156142649685,9.08879017764101,0.14191058550820085,0.9766841629610055,0.41264701214585964,0.6739234789060233,0.7830410437648523,0.7505976612740575,9.97918552094117,12.080583250762027,0.1650683889001494,0.9820636841276101,0.4950718919846696,0.18208120932504215,0.9033072008506686,0.8944167447612056,wang,0.4,0.5,2.0,8.0
Subj05,walk_54,1.5,65.1,6138,0.0,0.5720000000000036,0.9487176622619302,True,11.102227398957712,6.395851884901451,5.318336754596594,4.209557078858079,5.059073360519125,0.12435929263659243,0.9788622319539346,0.3610758100693454,0.8061512226872438,0.6070686846141192,0.7034126176824612,3.48933511548332,4.962577373518578,0.19165082138750003,0.9615494947084012,0.30696035884959827,0.8405168879962512,0.42324189339943097,0.8087944084367575,7.424142324827577,10.469289047505855,0.1706466912963091,0.966710335474979,0.5640996531377289,0.640105189695077,0.9896112125722047,0.758302803137433,11.852135134346662,14.211372895451513,0.19097114694139733,0.9804029857692156,0.635293120851543,0.20876353179307214,1.0863640680026814,0.897547398689851,wang,0.3,1.0,0.0,12.0
Subj05,walk_54,1.5,65.1,6138,0.0,0.5720000000000036,0.9487176622619302,True,11.102227398957712,6.395851884901451,5.318336754596594,4.239890021928282,5.0369661598725015,0.12136632889465154,0.9792769888254188,0.339217546412148,0.8193641630366828,0.5580558321761079,0.7416105568084878,3.475145158686267,5.09610589143116,0.1922707193873127,0.9617041964246559,0.2973010330668198,0.8517139854666835,0.3979398741463918,0.8366273386475737,7.424142324827577,10.469289047505855,0.1706466912963091,0.966710335474979,0.5640996531377289,0.640105189695077,0.9896112125722047,0.758302803137433,11.852135134346662,14.211372895451513,0.19097114694139733,0.9804029857692156,0.635293120851543,0.20876353179307214,1.0863640680026814,0.897547398689851,wang,0.3,2.0,0.0,12.0
Subj05,walk_54,1.5,65.1,6138,0.0,0.5720000000000036,0.9487176622619302,True,11.102227398957712,6.395851884901451,5.318336754596594,3.9077683771270055,4.399555992507905,0.12514118336811528,0.9803301351504109,0.36981376216245754,0.7891172235936444,0.6117897762839095,0.7342602706787943,3.123977813319098,4.272638737098915,0.19283936016049955,0.9632864810735557,0.3149773657977877,0.822802669783773,0.4286915456261654,0.8262812157737678,7.424142324827577,10.469289047505855,0.1706466912963091,0.966710335474979,0.5640996531377289,0.640105189695077,0.9896112125722047,0.758302803137433,11.852135134346662,14.211372895451513,0.19097114694139733,0.9804029857692156,0.635293120851543,0.20876353179307214,1.0863640680026814,0.897547398689851,wang,0.4,1.0,0.0,12.0
Subj05,walk_54,1.5,65.1,6138,0.0,0.5720000000000036,0.9487176622619302,True,11.102227398957712,6.395851884901451,5.318336754596594,4.297480117150747,5.186620285197347,0.1278202296489809,0.978006083477601,0.3808416227271755,0.7938964198995979,0.6513579589036055,0.6717004312441408,3.584627407335067,4.909412085994876,0.19124692186883505,0.9612107750863939,0.3155458830751187,0.8313210868909079,0.44588998722929823,0.7844446125333326,7.424142324827577,10.469289047505855,0.1706466912963091,0.966710335474979,0.5640996531377289,0.640105189695077,0.9896112125722047,0.758302803137433,11.852135134346662,14.211372895451513,0.19097114694139733,0.9804029857692156,0.635293120851543,0.20876353179307214,1.0863640680026814,0.897547398689851,wang,0.3,0.5,0.0,12.0
Subj05,walk_54,1.5,65.1,6138,0.0,0.5720000000000036,0.9487176622619302,True,11.102227398957712,6.395851884901451,5.318336754596594,4.74516728183369,6.064031794222657,0.12780528527147855,0.9761496402305938,0.3741535331377759,0.8068084689271648,0.6529782272277883,0.6251551091622338,4.148215872092041,5.872663761986924,0.19024025998543334,0.9591217311120226,0.30916790115344356,0.8450229042897374,0.44690859533972793,0.7565815562673045,7.424142324827577,10.469289047505855,0.1706466912963091,0.966710335474979,0.5640996531377289,0.640105189695077,0.9896112125722047,0.758302803137433,11.852135134346662,14.211372895451513,0.19097114694139733,0.9804029857692156,0.635293120851543,0.20876353179307214,1.0863640680026814,0.897547398689851,wang,0.2,0.5,0.0,12.0
Subj05,walk_54,1.5,65.1,6138,0.0,0.5720000000000036,0.9487176622619302,True,11.102227398957712,6.395851884901451,5.318336754596594,3.92149377451133,4.338504058372124,0.12210650323003536,0.9809912027802441,0.34895677850914086,0.7996006673947051,0.5631125095588486,0.7700605990278397,3.123354569641061,4.406606853459447,0.1933411482874903,0.9637945881048611,0.3052484781805366,0.832065892440414,0.4025307880152078,0.8521367823448526,7.424142324827577,10.469289047505855,0.1706466912963091,0.966710335474979,0.5640996531377289,0.640105189695077,0.9896112125722047,0.758302803137433,11.852135134346662,14.211372895451513,0.19097114694139733,0.9804029857692156,0.635293120851543,0.20876353179307214,1.0863640680026814,0.897547398689851,wang,0.4,2.0,0.0,12.0
Subj05,walk_54,1.5,65.1,6138,0.0,0.5720000000000036,0.9487176622619302,True,11.102227398957712,6.395851884901451,5.318336754596594,4.702782369185706,6.002685505994453,0.12437602856064194,0.9768341266371636,0.35372454836858147,0.8208956475030282,0.6092298800656764,0.6571796180442449,4.081523105548802,5.9557739675116945,0.19075329745301703,0.9591464120691533,0.30105524943427114,0.8552402706320156,0.4263677162231668,0.7820571154484368,7.424142324827577,10.469289047505855,0.1706466912963091,0.966710335474979,0.5640996531377289,0.640105189695077,0.9896112125722047,0.758302803137433,11.852135134346662,14.211372895451513,0.19097114694139733,0.9804029857692156,0.635293120851543,0.20876353179307214,1.0863640680026814,0.897547398689851,wang,0.2,1.0,0.0,12.0
Subj05,walk_54,1.5,65.1,6138,0.0,0.5720000000000036,0.9487176622619302,True,11.102227398957712,6.395851884901451,5.318336754596594,4.026043332331652,4.587435753905464,0.12856709435957647,0.9793050595758556,0.3887171585511157,0.779219749851461,0.6556205303562079,0.7036944769900371,3.232589603889976,4.247698961672824,0.19252267751716695,0.9626481928747779,0.32371579741264034,0.8151991358613386,0.4523331870077922,0.8030179476895514,7.424142324827577,10.469289047505855,0.1706466912963091,0.966710335474979,0.5640996531377289,0.640105189695077,0.9896112125722047,0.758302803137433,11.852135134346662,14.211372895451513,0.19097114694139733,0.9804029857692156,0.635293120851543,0.20876353179307214,1.0863640680026814,0.897547398689851,wang,0.4,0.5,0.0,12.0
Subj05,walk_54,1.5,65.1,6138,0.0,0.5720000000000036,0.9487176622619302,True,11.102227398957712,6.395851884901451,5.318336754596594,4.76443587041206,6.025548118947245,0.12151602950549464,0.9769988094576308,0.33113582184018897,0.8360584295562995,0.5612440431431832,0.6973845177736818,4.071384793253926,6.0928673470851455,0.19151928008889413,0.958932736912218,0.29183584953815145,0.8675687262830972,0.40327293412448934,0.8122779684530215,7.424142324827577,10.469289047505855,0.1706466912963091,0.966710335474979,0.5640996531377289,0.640105189695077,0.9896112125722047,0.758302803137433,11.852135134346662,14.211372895451513,0.19097114694139733,0.9804029857692156,0.635293120851543,0.20876353179307214,1.0863640680026814,0.897547398689851,wang,0.2,2.0,0.0,12.0
Subj05,walk_54,1.5,65.1,6138,0.0,0.5720000000000036,0.9487176622619302,True,11.102227398957712,6.395851884901451,5.318336754596594,3.3504411145215434,3.633040805678013,0.1264621045102718,0.9807180681284945,0.36547589082063486,0.8302332815648622,0.6091636268159805,0.7466851842024601,3.0916137293848647,3.966321824988053,0.19326611645820546,0.9614440882169867,0.31255986505554617,0.8431299139512449,0.4314908984422815,0.8164619352459342,7.424142324827577,10.469289047505855,0.1706466912963091,0.966710335474979,0.5640996531377289,0.640105189695077,0.9896112125722047,0.758302803137433,11.852135134346662,14.211372895451513,0.19097114694139733,0.9804029857692156,0.635293120851543,0.20876353179307214,1.0863640680026814,0.897547398689851,wang,0.3,0.5,2.0,5.0
Subj05,walk_54,1.5,65.1,6138,0.0,0.5720000000000036,0.9487176622619302,True,11.102227398957712,6.395851884901451,5.318336754596594,3.223291212756507,3.3619767422288964,0.12729668302627542,0.9820838303241085,0.3748177051080749,0.811871570199658,0.6171915172310957,0.7669192403731313,2.967787571826839,3.7448252922385876,0.19433492785040019,0.9630266837767016,0.3223154909687846,0.8237524653307338,0.4429936685946705,0.8281625689590645,7.424142324827577,10.469289047505855,0.1706466912963091,0.966710335474979,0.5640996531377289,0.640105189695077,0.9896112125722047,0.758302803137433,11.852135134346662,14.211372895451513,0.19097114694139733,0.9804029857692156,0.635293120851543,0.20876353179307214,1.0863640680026814,0.897547398689851,wang,0.4,0.5,2.0,5.0
Subj05,walk_54,1.5,65.1,6138,0.0,0.5720000000000036,0.9487176622619302,True,11.102227398957712,6.395851884901451,5.318336754596594,3.9487506311571154,4.626463546856898,0.12693282159151353,0.9791056852918486,0.3743168525740717,0.8078370308002643,0.6349579472877571,0.6970221387839908,3.428564645600786,4.591665495372576,0.19149145520591135,0.9614245525431191,0.3137637790894029,0.8367837469585359,0.4406736069909511,0.7929250404404387,7.424142324827577,10.469289047505855,0.1706466912963091,0.966710335474979,0.5640996531377289,0.640105189695077,0.9896112125722047,0.758302803137433,11.852135134346662,14.211372895451513,0.19097114694139733,0.9804029857692156,0.635293120851543,0.20876353179307214,1.0863640680026814,0.897547398689851,wang,0.3,0.5,2.0,8.0
Subj05,walk_54,1.5,65.1,6138,0.0,0.5720000000000036,0.9487176622619302,True,11.102227398957712,6.395851884901451,5.318336754596594,3.702655949889553,4.072829567040114,0.12766275424058846,0.9804640176223804,0.38262713050638675,0.7919741075968966,0.6401181139613702,0.7253953424069,3.127356009728714,4.0217958316241,0.19270762554034454,0.9629076275647092,0.32242058793858275,0.8196786285416171,0.4485126002278249,0.8093704832137366,7.424142324827577,10.469289047505855,0.1706466912963091,0.966710335474979,0.5640996531377289,0.640105189695077,0.9896112125722047,0.758302803137433,11.852135134346662,14.211372895451513,0.19097114694139733,0.9804029857692156,0.635293120851543,0.20876353179307214,1.0863640680026814,0.897547398689851,wang,0.4,0.5,2.0,8.0
Subj06,walk_09,0.25,56.0,5898,0.0,0.5480000000000045,0.9109812500219072,True,12.962181902874606,0.978435839472835,1.5593451470877915,1.6727430667277698,1.6383324082479431,0.20983342067239938,0.9781674360339184,0.15310927445342867,0.8726964846546751,0.2611377217863999,0.13643114163405803,1.1261795884987198,1.275061754864374,0.19445192586534274,0.9809228875854838,0.16714382565786676,0.7972414434022023,0.16232947240289802,0.5585710344522558,1.7908477207360578,2.049751328806352,0.21800872515217481,0.9866914905232421,0.21482702811698623,0.7553039416354584,0.3822591246458768,0.2215575203932456,1.9190871763787938,2.186137627587518,0.22453292222930946,0.9860362084784836,0.22732392028053613,0.7346282266953799,0.41535817452465795,0.17890835476682015,wang,0.3,1.0,0.0,12.0
Subj06,walk_09,0.25,56.0,5898,0.0,0.5480000000000045,0.9109812500219072,True,12.962181902874606,0.978435839472835,1.5593451470877915,1.8810640365771438,1.819933494969841,0.2084262332160378,0.9776887480005765,0.1430252984603488,0.8858161325050576,0.241729305559498,0.18061501193314466,1.1344338148102286,1.3213656191559033,0.19553505659924003,0.9804946356064214,0.16757780065745975,0.8029338245600095,0.1599364567283381,0.5960597549014468,1.7908477207360578,2.049751328806352,0.21800872515217481,0.9866914905232421,0.21482702811698623,0.7553039416354584,0.3822591246458768,0.2215575203932456,1.9190871763787938,2.186137627587518,0.22453292222930946,0.9860362084784836,0.22732392028053613,0.7346282266953799,0.41535817452465795,0.17890835476682015,wang,0.3,2.0,0.0,12.0
Subj06,walk_09,0.25,56.0,5898,0.0,0.5480000000000045,0.9109812500219072,True,12.962181902874606,0.978435839472835,1.5593451470877915,1.5251875238106187,1.4527695734063923,0.21055783048403187,0.9789496093414671,0.1570050746973321,0.8688565005626108,0.26796518744749326,0.1589469222753645,1.0096395059950378,1.1140458150977879,0.19437746665103753,0.981587205728329,0.1681675981948663,0.8009768408043186,0.1630953252281246,0.5798715760313199,1.7908477207360578,2.049751328806352,0.21800872515217481,0.9866914905232421,0.21482702811698623,0.7553039416354584,0.3822591246458768,0.2215575203932456,1.9190871763787938,2.186137627587518,0.22453292222930946,0.9860362084784836,0.22732392028053613,0.7346282266953799,0.41535817452465795,0.17890835476682015,wang,0.4,1.0,0.0,12.0
Subj06,walk_09,0.25,56.0,5898,0.0,0.5480000000000045,0.9109812500219072,True,12.962181902874606,0.978435839472835,1.5593451470877915,1.5059606526546778,1.5098236937732905,0.21124673982136533,0.9784371685818762,0.16203244518513832,0.858647609952986,0.2792776048544156,0.09241839243649137,1.1820383482327947,1.2728623066232199,0.19341568036671278,0.9812436065836241,0.1669334149108495,0.7929806781393759,0.16567843514773814,0.5351348230303967,1.7908477207360578,2.049751328806352,0.21800872515217481,0.9866914905232421,0.21482702811698623,0.7553039416354584,0.3822591246458768,0.2215575203932456,1.9190871763787938,2.186137627587518,0.22453292222930946,0.9860362084784836,0.22732392028053613,0.7346282266953799,0.41535817452465795,0.17890835476682015,wang,0.3,0.5,0.0,12.0
Subj06,walk_09,0.25,56.0,5898,0.0,0.5480000000000045,0.9109812500219072,True,12.962181902874606,0.978435839472835,1.5593451470877915,1.6749822647611077,1.730527646125337,0.21060236676611138,0.9775126136739629,0.15859426879441393,0.8601813341791894,0.2738815015638742,0.04958881192829486,1.3228122481633524,1.4713716366692473,0.1934917526449338,0.9804611966646095,0.16588609252735753,0.7869394097166068,0.16574536297762696,0.5006092639685967,1.7908477207360578,2.049751328806352,0.21800872515217481,0.9866914905232421,0.21482702811698623,0.7553039416354584,0.3822591246458768,0.2215575203932456,1.9190871763787938,2.186137627587518,0.22453292222930946,0.9860362084784836,0.22732392028053613,0.7346282266953799,0.41535817452465795,0.17890835476682015,wang,0.2,0.5,0.0,12.0
Subj06,walk_09,0.25,56.0,5898,0.0,0.5480000000000045,0.9109812500219072,True,12.962181902874606,0.978435839472835,1.5593451470877915,1.7162668236666143,1.62121144785379,0.2093026507708614,0.9785089950420703,0.14763873783837375,0.8812671347478171,0.250009227990616,0.194074699499417,1.0062406353865432,1.1531202588331941,0.19542814617162788,0.9811913975095589,0.16836937780202063,0.8067667687304212,0.1601650249543778,0.6133436816398019,1.7908477207360578,2.049751328806352,0.21800872515217481,0.9866914905232421,0.21482702811698623,0.7553039416354584,0.3822591246458768,0.2215575203932456,1.9190871763787938,2.186137627587518,0.22453292222930946,0.9860362084784836,0.22732392028053613,0.7346282266953799,0.41535817452465795,0.17890835476682015,wang,0.4,2.0,0.0,12.0
Subj06,walk_09,0.25,56.0,5898,0.0,0.5480000000000045,0.9109812500219072,True,12.962181902874606,0.978435839472835,1.5593451470877915,1.8583241014379754,1.871022448835323,0.20901360078688866,0.9772172112464798,0.1489469987904295,0.8749970404438179,0.25421906959329776,0.1010933703414613,1.2819505784936618,1.4833133820478615,0.19456315464549845,0.9801077492332664,0.16632522577084907,0.7908580157137207,0.1629105331239308,0.5239125256636953,1.7908477207360578,2.049751328806352,0.21800872515217481,0.9866914905232421,0.21482702811698623,0.7553039416354584,0.3822591246458768,0.2215575203932456,1.9190871763787938,2.186137627587518,0.22453292222930946,0.9860362084784836,0.22732392028053613,0.7346282266953799,0.41535817452465795,0.17890835476682015,wang,0.2,1.0,0.0,12.0
Subj06,walk_09,0.25,56.0,5898,0.0,0.5480000000000045,0.9109812500219072,True,12.962181902874606,0.978435839472835,1.5593451470877915,1.3740056147675574,1.3359864992027053,0.2118195268359927,0.9791969090663823,0.165280691524994,0.8556325516313394,0.2847085407914462,0.12192543134292096,1.0796126888728876,1.1222443827725614,0.19337133335593487,0.9818801712982319,0.16814395657357692,0.7965766391452397,0.1668316019344457,0.5577261800761042,1.7908477207360578,2.049751328806352,0.21800872515217481,0.9866914905232421,0.21482702811698623,0.7553039416354584,0.3822591246458768,0.2215575203932456,1.9190871763787938,2.186137627587518,0.22453292222930946,0.9860362084784836,0.22732392028053613,0.7346282266953799,0.41535817452465795,0.17890835476682015,wang,0.4,0.5,0.0,12.0
Subj06,walk_09,0.25,56.0,5898,0.0,0.5480000000000045,0.9109812500219072,True,12.962181902874606,0.978435839472835,1.5593451470877915,2.085521773655984,2.0665276309635616,0.20743148151419025,0.9766939400775079,0.1380737903918432,0.8886667393655673,0.2332767834730098,0.1558638317794031,1.3019178367281508,1.5361173396668635,0.19568426420842605,0.9796412858781851,0.16704377193201042,0.7962077079104691,0.16120969538478647,0.5644366660744482,1.7908477207360578,2.049751328806352,0.21800872515217481,0.9866914905232421,0.21482702811698623,0.7553039416354584,0.3822591246458768,0.2215575203932456,1.9190871763787938,2.186137627587518,0.22453292222930946,0.9860362084784836,0.22732392028053613,0.7346282266953799,0.41535817452465795,0.17890835476682015,wang,0.2,2.0,0.0,12.0
Subj06,walk_09,0.25,56.0,5898,0.0,0.5480000000000045,0.9109812500219072,True,12.962181902874606,0.978435839472835,1.5593451470877915,1.4487095041013704,1.4407024172719356,0.21144965439617394,0.9785882272526262,0.16214994410114567,0.8571631255337167,0.27998818816545556,0.07658338614084467,1.132883707023595,1.2381663816720054,0.19325809210646588,0.9814206234290225,0.1663410547516581,0.7985734963752424,0.16297205823906846,0.5539905496539343,1.7908477207360578,2.049751328806352,0.21800872515217481,0.9866914905232421,0.21482702811698623,0.7553039416354584,0.3822591246458768,0.2215575203932456,1.9190871763787938,2.186137627587518,0.22453292222930946,0.9860362084784836,0.22732392028053613,0.7346282266953799,0.41535817452465795,0.17890835476682015,wang,0.3,0.5,2.0,5.0
Subj06,walk_09,0.25,56.0,5898,0.0,0.5480000000000045,0.9109812500219072,True,12.962181902874606,0.978435839472835,1.5593451470877915,1.3190849160434641,1.2698962533474945,0.21198867579777894,0.9793472395239337,0.1653717214836136,0.8539983242480608,0.2853434340772473,0.10749702925207667,1.0298930218022273,1.0887062897549935,0.19320585713000019,0.9820507840939106,0.1675655715069072,0.8017034635759267,0.1642587204988913,0.5741392379094034,1.7908477207360578,2.049751328806352,0.21800872515217481,0.9866914905232421,0.21482702811698623,0.7553039416354584,0.3822591246458768,0.2215575203932456,1.9190871763787938,2.186137627587518,0.22453292222930946,0.9860362084784836,0.22732392028053613,0.7346282266953799,0.41535817452465795,0.17890835476682015,wang,0.4,0.5,2.0,5.0
Subj06,walk_09,0.25,56.0,5898,0.0,0.5480000000000045,0.9109812500219072,True,12.962181902874606,0.978435839472835,1.5593451470877915,1.4854945870091976,1.4881348239448577,0.2113315605631382,0.9784597478452544,0.16204565228720605,0.8579494388900437,0.27954916200972707,0.08471863029299996,1.1733567545905288,1.268299429538024,0.19336054800552516,0.9812867179023925,0.16677445231567933,0.7945927701265052,0.1650278048203255,0.5402579444958281,1.7908477207360578,2.049751328806352,0.21800872515217481,0.9866914905232421,0.21482702811698623,0.7553039416354584,0.3822591246458768,0.2215575203932456,1.9190871763787938,2.186137627587518,0.22453292222930946,0.9860362084784836,0.22732392028053613,0.7346282266953799,0.41535817452465795,0.17890835476682015,wang,0.3,0.5,2.0,8.0
Subj06,walk_09,0.25,56.0,5898,0.0,0.5480000000000045,0.9109812500219072,True,12.962181902874606,0.978435839472835,1.5593451470877915,1.3537712166645426,1.3146567347821263,0.21189237277380776,0.9792213012266067,0.1652822138309811,0.8549114500746706,0.2849428274159384,0.1150440961252986,1.0709996569884102,1.1181514990560346,0.19331396690360092,0.9819218451956062,0.16798667893600566,0.7980558139573443,0.16621292469729598,0.5621738258322746,1.7908477207360578,2.049751328806352,0.21800872515217481,0.9866914905232421,0.21482702811698623,0.7553039416354584,0.3822591246458768,0.2215575203932456,1.9190871763787938,2.186137627587518,0.22453292222930946,0.9860362084784836,0.22732392028053613,0.7346282266953799,0.41535817452465795,0.17890835476682015,wang,0.4,0.5,2.0,8.0
Subj06,walk_18,0.5,56.0,7753,0.0,0.5480000000000045,0.9496785466914626,True,11.37381943627603,1.4288182758226669,3.047351130102846,1.795475036966801,1.8553731107275153,0.20013533365709002,0.9856581009372071,0.11455281427329926,0.8570639598450307,0.22730756472919966,0.4697362534403891,1.9671808793746857,2.3991173757951563,0.17882694789134107,0.9893649601072955,0.15479314337227204,0.7749833511889803,0.1863565424977656,0.6252042376796381,2.8471716989383293,3.544468763791736,0.2081986075476307,0.990645968744139,0.18826551450232157,0.627525918379444,0.36957965459697456,0.5015634400025315,3.93921441331665,4.5578666067859865,0.2182136136444302,0.992065160261486,0.21657406355186481,0.5474859781608065,0.41606212114122976,0.6322790200863122,wang,0.3,1.0,0.0,12.0
Subj06,walk_18,0.5,56.0,7753,0.0,0.5480000000000045,0.9496785466914626,True,11.37381943627603,1.4288182758226669,3.047351130102846,1.904195317626076,1.9100981539906632,0.19955704158753,0.9857006618703973,0.10898468310049324,0.876535572980394,0.21421345828114172,0.5383159919930272,1.8405205156761797,2.3351033365404743,0.18066724417952576,0.9892159342156133,0.1534331043760404,0.7793611047300156,0.17565366349512274,0.6847495687556351,2.8471716989383293,3.544468763791736,0.2081986075476307,0.990645968744139,0.18826551450232157,0.627525918379444,0.36957965459697456,0.5015634400025315,3.93921441331665,4.5578666067859865,0.2182136136444302,0.992065160261486,0.21657406355186481,0.5474859781608065,0.41606212114122976,0.6322790200863122,wang,0.3,2.0,0.0,12.0
Subj06,walk_18,0.5,56.0,7753,0.0,0.5480000000000045,0.9496785466914626,True,11.37381943627603,1.4288182758226669,3.047351130102846,1.6474001126634699,1.6224567455080856,0.20084882193894396,0.9864012194745806,0.11690755874516354,0.851491341773256,0.2295670396823769,0.5075011633756757,1.83936097579745,2.1959385747989253,0.1789225965325053,0.9898956917186468,0.1542830305434589,0.7791659088228468,0.18483211702290517,0.6601697630029245,2.8471716989383293,3.544468763791736,0.2081986075476307,0.990645968744139,0.18826551450232157,0.627525918379444,0.36957965459697456,0.5015634400025315,3.93921441331665,4.5578666067859865,0.2182136136444302,0.992065160261486,0.21657406355186481,0.5474859781608065,0.41606212114122976,0.6322790200863122,wang,0.4,1.0,0.0,12.0
Subj06,walk_18,0.5,56.0,7753,0.0,0.5480000000000045,0.9496785466914626,True,11.37381943627603,1.4288182758226669,3.047351130102846,1.7255245819756742,1.8320029839579766,0.20082049793986553,0.9855244722396321,0.12028174639019307,0.8349697358234355,0.24088914361066868,0.40238049652497543,2.1622643409632927,2.5176444155957602,0.17710256333043997,0.989436161525767,0.15681125166447882,0.771424282025114,0.19856145691968274,0.5795866847548791,2.8471716989383293,3.544468763791736,0.2081986075476307,0.990645968744139,0.18826551450232157,0.627525918379444,0.36957965459697456,0.5015634400025315,3.93921441331665,4.5578666067859865,0.2182136136444302,0.992065160261486,0.21657406355186481,0.5474859781608065,0.41606212114122976,0.6322790200863122,wang,0.3,0.5,0.0,12.0
Subj06,walk_18,0.5,56.0,7753,0.0,0.5480000000000045,0.9496785466914626,True,11.37381943627603,1.4288182758226669,3.047351130102846,1.935752314286681,2.1514953588572157,0.2001715736802892,0.9846185718803921,0.11913314730460152,0.8340051569737095,0.24147609292331318,0.33106626794540467,2.336960801744017,2.7900905237233786,0.17697156761336297,0.988814252353661,0.15799981585636513,0.7630143242656882,0.20228972189823885,0.526425769880261,2.8471716989383293,3.544468763791736,0.2081986075476307,0.990645968744139,0.18826551450232157,0.627525918379444,0.36957965459697456,0.5015634400025315,3.93921441331665,4.5578666067859865,0.2182136136444302,0.992065160261486,0.21657406355186481,0.5474859781608065,0.41606212114122976,0.6322790200863122,wang,0.2,0.5,0.0,12.0
Subj06,walk_18,0.5,56.0,7753,0.0,0.5480000000000045,0.9496785466914626,True,11.37381943627603,1.4288182758226669,3.047351130102846,1.760321256843433,1.6815549926486526,0.2003907573952168,0.9864619982535067,0.11179074164742098,0.8697569120736934,0.21726378315604045,0.566925453020677,1.7062621327813583,2.1302943697985923,0.18070080285921009,0.9897929282373142,0.15262047142659718,0.7837091485822865,0.1734182108695491,0.7149162724065423,2.8471716989383293,3.544468763791736,0.2081986075476307,0.990645968744139,0.18826551450232157,0.627525918379444,0.36957965459697456,0.5015634400025315,3.93921441331665,4.5578666067859865,0.2182136136444302,0.992065160261486,0.21657406355186481,0.5474859781608065,0.41606212114122976,0.6322790200863122,wang,0.4,2.0,0.0,12.0
Subj06,walk_18,0.5,56.0,7753,0.0,0.5480000000000045,0.9496785466914626,True,11.37381943627603,1.4288182758226669,3.047351130102846,2.0077491933895555,2.1782835375343126,0.19935470827255503,0.9847355057727042,0.11309393410914201,0.8566747449991304,0.22746441464531128,0.40491259327314383,2.156833136228084,2.682578978816829,0.17876774427349015,0.9886906861838823,0.15634709666629476,0.7654212703309189,0.1910355590345105,0.5708566239838939,2.8471716989383293,3.544468763791736,0.2081986075476307,0.990645968744139,0.18826551450232157,0.627525918379444,0.36957965459697456,0.5015634400025315,3.93921441331665,4.5578666067859865,0.2182136136444302,0.992065160261486,0.21657406355186481,0.5474859781608065,0.41606212114122976,0.6322790200863122,wang,0.2,1.0,0.0,12.0
Subj06,walk_18,0.5,56.0,7753,0.0,0.5480000000000045,0.9496785466914626,True,11.37381943627603,1.4288182758226669,3.047351130102846,1.5787058712256195,1.6017752703226267,0.2014202468664551,0.9862522038201296,0.12228540248655657,0.8304267335563092,0.2425614061584349,0.4468497003416322,2.044284809695655,2.3234244012852465,0.17725932183446158,0.9899227370556815,0.1565782952137479,0.7752423988181872,0.1976379980739265,0.6156876385801519,2.8471716989383293,3.544468763791736,0.2081986075476307,0.990645968744139,0.18826551450232157,0.627525918379444,0.36957965459697456,0.5015634400025315,3.93921441331665,4.5578666067859865,0.2182136136444302,0.992065160261486,0.21657406355186481,0.5474859781608065,0.41606212114122976,0.6322790200863122,wang,0.4,0.5,0.0,12.0
Subj06,walk_18,0.5,56.0,7753,0.0,0.5480000000000045,0.9496785466914626,True,11.37381943627603,1.4288182758226669,3.047351130102846,2.1131252275578576,2.2299863562146123,0.1986375560064164,0.9847577550688216,0.10711739096518215,0.876837388804108,0.21375848181456708,0.48416970829666645,2.0413977451782204,2.621707861335075,0.18068102672346054,0.9884868854251752,0.1553862980376871,0.7685967429875413,0.1814357100548188,0.6338434271981611,2.8471716989383293,3.544468763791736,0.2081986075476307,0.990645968744139,0.18826551450232157,0.627525918379444,0.36957965459697456,0.5015634400025315,3.93921441331665,4.5578666067859865,0.2182136136444302,0.992065160261486,0.21657406355186481,0.5474859781608065,0.41606212114122976,0.6322790200863122,wang,0.2,2.0,0.0,12.0
Subj06,walk_18,0.5,56.0,7753,0.0,0.5480000000000045,0.9496785466914626,True,11.37381943627603,1.4288182758226669,3.047351130102846,1.6325940954165041,1.7211609371105607,0.2010311986605536,0.985676664229887,0.11918288804104976,0.8344739107803903,0.24100921474294576,0.3880499264916583,2.055125840483647,2.416372955112955,0.17668071640546576,0.9897128056156419,0.15338545924407967,0.7851706347365149,0.19005102201327403,0.6090608840166163,2.8471716989383293,3.544468763791736,0.2081986075476307,0.990645968744139,0.18826551450232157,0.627525918379444,0.36957965459697456,0.5015634400025315,3.93921441331665,4.5578666067859865,0.2182136136444302,0.992065160261486,0.21657406355186481,0.5474859781608065,0.41606212114122976,0.6322790200863122,wang,0.3,0.5,2.0,5.0
Subj06,walk_18,0.5,56.0,7753,0.0,0.5480000000000045,0.9496785466914626,True,11.37381943627603,1.4288182758226669,3.047351130102846,1.4970280892520187,1.5120263752209695,0.20157273167079717,0.9863912257332347,0.12115878739364142,0.829442783317313,0.24274443795345235,0.4307145119686038,1.9412110060555106,2.2309186756654453,0.17680299477978392,0.9901845659843609,0.15311495280378631,0.7883845618643769,0.18919346429522726,0.6410694638499541,2.8471716989383293,3.544468763791736,0.2081986075476307,0.990645968744139,0.18826551450232157,0.627525918379444,0.36957965459697456,0.5015634400025315,3.93921441331665,4.5578666067859865,0.2182136136444302,0.992065160261486,0.21657406355186481,0.5474859781608065,0.41606212114122976,0.6322790200863122,wang,0.4,0.5,2.0,5.0
Subj06,walk_18,0.5,56.0,7753,0.0,0.5480000000000045,0.9496785466914626,True,11.37381943627603,1.4288182758226669,3.047351130102846,1.693347182043538,1.7973161873299937,0.2008859987744324,0.9855444705451204,0.11983932439234474,0.8343493638644398,0.24102300618132072,0.39329104285681954,2.1440739845242294,2.5010322647626797,0.17692332143772632,0.9895337878508674,0.15594587634237475,0.7750110218344408,0.19653894176501235,0.5867511070600288,2.8471716989383293,3.544468763791736,0.2081986075476307,0.990645968744139,0.18826551450232157,0.627525918379444,0.36957965459697456,0.5015634400025315,3.93921441331665,4.5578666067859865,0.2182136136444302,0.992065160261486,0.21657406355186481,0.5474859781608065,0.41606212114122976,0.6322790200863122,wang,0.3,0.5,2.0,8.0
Subj06,walk_18,0.5,56.0,7753,0.0,0.5480000000000045,0.9496785466914626,True,11.37381943627603,1.4288182758226669,3.047351130102846,1.5475973497491726,1.5701351273577284,0.20146464892148266,0.9862759824229737,0.12180819222943529,0.8298370728934805,0.24265583949746625,0.43803054810965575,2.026675214023435,2.307867456625656,0.1770694123401408,0.9900182937116294,0.15568669913190739,0.7787495938321847,0.19559961013321128,0.6218597684079363,2.8471716989383293,3.544468763791736,0.2081986075476307,0.990645968744139,0.18826551450232157,0.627525918379444,0.36957965459697456,0.5015634400025315,3.93921441331665,4.5578666067859865,0.2182136136444302,0.992065160261486,0.21657406355186481,0.5474859781608065,0.41606212114122976,0.6322790200863122,wang,0.4,0.5,2.0,8.0
Subj06,walk_27,0.75,56.0,5954,0.0,0.5440000000000045,0.9506047283525266,True,9.275608221874093,1.9043688272012136,4.3827726827443465,2.3601993414757327,2.795754870547091,0.16601470074572347,0.9851054506358121,0.11823986906465556,0.88407160707472,0.2337073786290724,0.7072650027594042,2.9790397421861505,3.809662930975168,0.15047601059492144,0.9884041729536049,0.17860297804407846,0.7815040568119448,0.24147499336920372,0.6754057190163145,3.881409973990424,5.012303111755964,0.1774303889122084,0.9884187182872708,0.22999832747611804,0.6871650184432562,0.4422603084176654,0.7155353343104157,5.419212470520108,6.385244310093905,0.19051558990341394,0.991061946428601,0.26875039541931034,0.564731823449854,0.5000099667188077,0.8322275314626296,wang,0.3,1.0,0.0,12.0
Subj06,walk_27,0.75,56.0,5954,0.0,0.5440000000000045,0.9506047283525266,True,9.275608221874093,1.9043688272012136,4.3827726827443465,2.465699227203881,2.908091565253169,0.16559501249407266,0.9851775943966932,0.11209039665574778,0.9014165914409076,0.21859453624010927,0.751476982383566,2.8024353767251684,3.7096593341547517,0.15229821664655338,0.9885401116078724,0.17317801013853762,0.7901543555985806,0.21970132678577023,0.7370263137739035,3.881409973990424,5.012303111755964,0.1774303889122084,0.9884187182872708,0.22999832747611804,0.6871650184432562,0.4422603084176654,0.7155353343104157,5.419212470520108,6.385244310093905,0.19051558990341394,0.991061946428601,0.26875039541931034,0.564731823449854,0.5000099667188077,0.8322275314626296,wang,0.3,2.0,0.0,12.0
Subj06,walk_27,0.75,56.0,5954,0.0,0.5440000000000045,0.9506047283525266,True,9.275608221874093,1.9043688272012136,4.3827726827443465,2.1134529497998433,2.423700437194997,0.16673362783286486,0.9859772241564035,0.1211312065695129,0.8824213102403041,0.2333794646083893,0.7381370847151348,2.7507105354566117,3.459751873210546,0.15097196173575214,0.9888693839444906,0.17912609729040893,0.7885620556210885,0.2401571537803832,0.7118545433228847,3.881409973990424,5.012303111755964,0.1774303889122084,0.9884187182872708,0.22999832747611804,0.6871650184432562,0.4422603084176654,0.7155353343104157,5.419212470520108,6.385244310093905,0.19051558990341394,0.991061946428601,0.26875039541931034,0.564731823449854,0.5000099667188077,0.8322275314626296,wang,0.4,1.0,0.0,12.0
Subj06,walk_27,0.75,56.0,5954,0.0,0.5440000000000045,0.9506047283525266,True,9.275608221874093,1.9043688272012136,4.3827726827443465,2.320745481884107,2.7348689316513357,0.16667751820654483,0.9848843134394316,0.1253145845284066,0.8623569890767728,0.2509656047999917,0.6590180925258992,3.231138329779517,3.9840437661445764,0.14883900222368132,0.9882122983357998,0.18460702657423528,0.7749034589922148,0.26336011019424127,0.6259521490128461,3.881409973990424,5.012303111755964,0.1774303889122084,0.9884187182872708,0.22999832747611804,0.6871650184432562,0.4422603084176654,0.7155353343104157,5.419212470520108,6.385244310093905,0.19051558990341394,0.991061946428601,0.26875039541931034,0.564731823449854,0.5000099667188077,0.8322275314626296,wang,0.3,0.5,0.0,12.0
Subj06,walk_27,0.75,56.0,5954,0.0,0.5440000000000045,0.9506047283525266,True,9.275608221874093,1.9043688272012136,4.3827726827443465,2.649665266897836,3.228984313115778,0.16608372925398415,0.983820530641248,0.1242270376959542,0.855114281865923,0.25551540065190764,0.6028316966278661,3.5185582053673388,4.4256599127955045,0.148295400202538,0.9876709284593176,0.18511413736809193,0.7612457708251879,0.2678119262898298,0.5706383066008112,3.881409973990424,5.012303111755964,0.1774303889122084,0.9884187182872708,0.22999832747611804,0.6871650184432562,0.4422603084176654,0.7155353343104157,5.419212470520108,6.385244310093905,0.19051558990341394,0.991061946428601,0.26875039541931034,0.564731823449854,0.5000099667188077,0.8322275314626296,wang,0.2,0.5,0.0,12.0
Subj06,walk_27,0.75,56.0,5954,0.0,0.5440000000000045,0.9506047283525266,True,9.275608221874093,1.9043688272012136,4.3827726827443465,2.2254410619966016,2.5438257251447114,0.16641557459143985,0.9860873420337197,0.11513152228994576,0.8986906160255405,0.21801992960065367,0.7777396622841061,2.5575010665735376,3.3476473473578743,0.15271006561600856,0.9890919286243481,0.1732676789792182,0.7964411162361897,0.21724494478618941,0.7688675887395016,3.881409973990424,5.012303111755964,0.1774303889122084,0.9884187182872708,0.22999832747611804,0.6871650184432562,0.4422603084176654,0.7155353343104157,5.419212470520108,6.385244310093905,0.19051558990341394,0.991061946428601,0.26875039541931034,0.564731823449854,0.5000099667188077,0.8322275314626296,wang,0.4,2.0,0.0,12.0
Subj06,walk_27,0.75,56.0,5954,0.0,0.5440000000000045,0.9506047283525266,True,9.275608221874093,1.9043688272012136,4.3827726827443465,2.699119046492119,3.294782764682138,0.1653140061542697,0.9839991872485676,0.11735012551055198,0.8768040068839345,0.239377898518363,0.6538727463670759,3.294065207228823,4.275854350699979,0.1500281444132342,0.9877673949795338,0.17968408459226948,0.7671537061898012,0.2475345838807222,0.6199468547455393,3.881409973990424,5.012303111755964,0.1774303889122084,0.9884187182872708,0.22999832747611804,0.6871650184432562,0.4422603084176654,0.7155353343104157,5.419212470520108,6.385244310093905,0.19051558990341394,0.991061946428601,0.26875039541931034,0.564731823449854,0.5000099667188077,0.8322275314626296,wang,0.2,1.0,0.0,12.0
Subj06,walk_27,0.75,56.0,5954,0.0,0.5440000000000045,0.9506047283525266,True,9.275608221874093,1.9043688272012136,4.3827726827443465,2.0813904480424124,2.3673890630263994,0.1673014501544615,0.9857165165987559,0.12815898577766316,0.8616152295071186,0.25110674934141736,0.6932478563239824,3.023985669256509,3.6563155383596095,0.14941577247275784,0.9885956478714117,0.18551075112497856,0.782273908365451,0.26296598544801614,0.6638538134682624,3.881409973990424,5.012303111755964,0.1774303889122084,0.9884187182872708,0.22999832747611804,0.6871650184432562,0.4422603084176654,0.7155353343104157,5.419212470520108,6.385244310093905,0.19051558990341394,0.991061946428601,0.26875039541931034,0.564731823449854,0.5000099667188077,0.8322275314626296,wang,0.4,0.5,0.0,12.0
Subj06,walk_27,0.75,56.0,5954,0.0,0.5440000000000045,0.9506047283525266,True,9.275608221874093,1.9043688272012136,4.3827726827443465,2.8014339537714568,3.4005978866590723,0.16478031155582906,0.9840305948871516,0.1113128680041988,0.8941812979387048,0.22522049436909092,0.7029092131836294,3.140426826398539,4.189679613620087,0.1519499077097397,0.9878028560444623,0.1749132879591448,0.7751514072601247,0.22774459813542086,0.6856038907789429,3.881409973990424,5.012303111755964,0.1774303889122084,0.9884187182872708,0.22999832747611804,0.6871650184432562,0.4422603084176654,0.7155353343104157,5.419212470520108,6.385244310093905,0.19051558990341394,0.991061946428601,0.26875039541931034,0.564731823449854,0.5000099667188077,0.8322275314626296,wang,0.2,2.0,0.0,12.0
Subj06,walk_27,0.75,56.0,5954,0.0,0.5440000000000045,0.9506047283525266,True,9.275608221874093,1.9043688272012136,4.3827726827443465,2.1300906922576326,2.4998050757053125,0.16692606963914336,0.985175030001361,0.12122902160472934,0.872035509193321,0.24525706249092646,0.6771930371572308,3.042856723498779,3.7259640392051763,0.14869008816590248,0.9885894947774118,0.1787079303408097,0.7967248551391258,0.248219736363229,0.6600629156479354,3.881409973990424,5.012303111755964,0.1774303889122084,0.9884187182872708,0.22999832747611804,0.6871650184432562,0.4422603084176654,0.7155353343104157,5.419212470520108,6.385244310093905,0.19051558990341394,0.991061946428601,0.26875039541931034,0.564731823449854,0.5000099667188077,0.8322275314626296,wang,0.3,0.5,2.0,5.0
Subj06,walk_27,0.75,56.0,5954,0.0,0.5440000000000045,0.9506047283525266,True,9.275608221874093,1.9043688272012136,4.3827726827443465,1.9319587872646382,2.209688381894575,0.16747029109591957,0.9859548505789412,0.12450228537852981,0.8684076149872111,0.2465600703397914,0.704194393349364,2.8552887596333667,3.432505031848049,0.14916655362396056,0.9889509730337936,0.1795923811966582,0.802209415520386,0.2481363621295445,0.6916520736782101,3.881409973990424,5.012303111755964,0.1774303889122084,0.9884187182872708,0.22999832747611804,0.6871650184432562,0.4422603084176654,0.7155353343104157,5.419212470520108,6.385244310093905,0.19051558990341394,0.991061946428601,0.26875039541931034,0.564731823449854,0.5000099667188077,0.8322275314626296,wang,0.4,0.5,2.0,5.0
Subj06,walk_27,0.75,56.0,5954,0.0,0.5440000000000045,0.9506047283525266,True,9.275608221874093,1.9043688272012136,4.3827726827443465,2.267888107128077,2.683776558240813,0.16669371719757495,0.9849213650542197,0.12381718552048211,0.8647989188535893,0.2490846590882576,0.6619367638975852,3.1971984761402217,3.9396030413443803,0.14867403636545606,0.9883759322290507,0.1832855496210898,0.7802656113578323,0.2599947048359496,0.6330133012587572,3.881409973990424,5.012303111755964,0.1774303889122084,0.9884187182872708,0.22999832747611804,0.6871650184432562,0.4422603084176654,0.7155353343104157,5.419212470520108,6.385244310093905,0.19051558990341394,0.991061946428601,0.26875039541931034,0.564731823449854,0.5000099667188077,0.8322275314626296,wang,0.3,0.5,2.0,8.0
Subj06,walk_27,0.75,56.0,5954,0.0,0.5440000000000045,0.9506047283525266,True,9.275608221874093,1.9043688272012136,4.3827726827443465,2.0352948337648202,2.3317593865514974,0.1672855040892673,0.9857509966945533,0.12671996444677017,0.863542907965167,0.24942514629894375,0.6944643733130114,2.994242793305475,3.6184341648653544,0.14922208919770036,0.9887554976588373,0.1841598507503183,0.7872631519082591,0.25964018513606457,0.669426531315697,3.881409973990424,5.012303111755964,0.1774303889122084,0.9884187182872708,0.22999832747611804,0.6871650184432562,0.4422603084176654,0.7155353343104157,5.419212470520108,6.385244310093905,0.19051558990341394,0.991061946428601,0.26875039541931034,0.564731823449854,0.5000099667188077,0.8322275314626296,wang,0.4,0.5,2.0,8.0
Subj06,walk_36,1.0,56.0,6097,0.0,0.5480000000000045,0.9531609184830521,True,11.03296723272112,2.9123159705103583,4.93838057322131,3.7544595559912253,4.871719693011762,0.1620160133305505,0.9759916363157778,0.17390382164775633,0.8619618155243537,0.2779322914917328,0.8188948120807843,4.444980313411844,5.9207732292875255,0.16322265141492404,0.9772293189207684,0.22921450264648602,0.7945347103080894,0.2953581861476949,0.7655770393222611,5.1326878572755685,6.617736441592144,0.18335629770263684,0.9718204708856124,0.3310594803390375,0.6168132822222672,0.603474252989007,0.8217558727356066,7.541232027259488,8.681396613920123,0.19542310389984563,0.976793998508743,0.3874610385347147,0.32364626947738345,0.6995329929178601,0.9164494048051698,wang,0.3,1.0,0.0,12.0
Subj06,walk_36,1.0,56.0,6097,0.0,0.5480000000000045,0.9531609184830521,True,11.03296723272112,2.9123159705103583,4.93838057322131,3.865694457304713,5.016729249357841,0.16054357789198698,0.976310961243767,0.16132897793284257,0.8791620702949732,0.25072205317095153,0.8508319405079908,4.354674012725238,5.908177114168579,0.1634702340086475,0.9781802986702129,0.22035334384205857,0.8090101139099939,0.26516366594414464,0.8155664945135892,5.1326878572755685,6.617736441592144,0.18335629770263684,0.9718204708856124,0.3310594803390375,0.6168132822222672,0.603474252989007,0.8217558727356066,7.541232027259488,8.681396613920123,0.19542310389984563,0.976793998508743,0.3874610385347147,0.32364626947738345,0.6995329929178601,0.9164494048051698,wang,0.3,2.0,0.0,12.0
Subj06,walk_36,1.0,56.0,6097,0.0,0.5480000000000045,0.9531609184830521,True,11.03296723272112,2.9123159705103583,4.93838057322131,3.3429264181685197,4.277697414855131,0.16292570986761631,0.9766942299565696,0.1785838116763795,0.8505449612282479,0.2784263707741523,0.8441288569204676,4.001448393560077,5.2801746876345765,0.1646743700534934,0.9773362618904333,0.2324236315738662,0.7887973057562806,0.2978735725682127,0.7959556675381141,5.1326878572755685,6.617736441592144,0.18335629770263684,0.9718204708856124,0.3310594803390375,0.6168132822222672,0.603474252989007,0.8217558727356066,7.541232027259488,8.681396613920123,0.19542310389984563,0.976793998508743,0.3874610385347147,0.32364626947738345,0.6995329929178601,0.9164494048051698,wang,0.4,1.0,0.0,12.0
Subj06,walk_36,1.0,56.0,6097,0.0,0.5480000000000045,0.9531609184830521,True,11.03296723272112,2.9123159705103583,4.93838057322131,3.722830952788939,4.7841813536388695,0.16373402691201694,0.9754937481280643,0.18652793872422366,0.8420103065735492,0.30636200102725514,0.7860291177871351,4.6021158290035284,6.016409932858593,0.16318227895173495,0.9762702746009815,0.23826670841891512,0.7826733640125002,0.32397814231702016,0.7234690055702404,5.1326878572755685,6.617736441592144,0.18335629770263684,0.9718204708856124,0.3310594803390375,0.6168132822222672,0.603474252989007,0.8217558727356066,7.541232027259488,8.681396613920123,0.19542310389984563,0.976793998508743,0.3874610385347147,0.32364626947738345,0.6995329929178601,0.9164494048051698,wang,0.3,0.5,0.0,12.0
Subj06,walk_36,1.0,56.0,6097,0.0,0.5480000000000045,0.9531609184830521,True,11.03296723272112,2.9123159705103583,4.93838057322131,4.243565111651888,5.5403714314002785,0.16301619849755744,0.9746244963981042,0.18429443364828094,0.8440053209291981,0.3129255424804703,0.7408762007897316,5.1427535229868555,6.798007182614025,0.16169124339913918,0.9760823653224343,0.23694053638352847,0.7793260867436494,0.32765756219573605,0.6729590218610528,5.1326878572755685,6.617736441592144,0.18335629770263684,0.9718204708856124,0.3310594803390375,0.6168132822222672,0.603474252989007,0.8217558727356066,7.541232027259488,8.681396613920123,0.19542310389984563,0.976793998508743,0.3874610385347147,0.32364626947738345,0.6995329929178601,0.9164494048051698,wang,0.2,0.5,0.0,12.0
Subj06,walk_36,1.0,56.0,6097,0.0,0.5480000000000045,0.9531609184830521,True,11.03296723272112,2.9123159705103583,4.93838057322131,3.454682502192711,4.429806709699014,0.1614644310300368,0.9771486155335883,0.1658794446471736,0.8661964714890167,0.24969322334410507,0.8726294169056462,3.8987849717051515,5.263221618189113,0.1648362378323912,0.9784404996527627,0.22318551859486316,0.799656277670055,0.266849555351934,0.8406658354294073,5.1326878572755685,6.617736441592144,0.18335629770263684,0.9718204708856124,0.3310594803390375,0.6168132822222672,0.603474252989007,0.8217558727356066,7.541232027259488,8.681396613920123,0.19542310389984563,0.976793998508743,0.3874610385347147,0.32364626947738345,0.6995329929178601,0.9164494048051698,wang,0.4,2.0,0.0,12.0
Subj06,walk_36,1.0,56.0,6097,0.0,0.5480000000000045,0.9531609184830521,True,11.03296723272112,2.9123159705103583,4.93838057322131,4.294199257971587,5.6347188041706815,0.16128973400718005,0.9749849648933953,0.17227473445846622,0.8641596657656291,0.2873331779656845,0.7755626071438918,5.014297745666075,6.724805000364534,0.16182043229541623,0.9768815660721014,0.22853538322472053,0.7930603541645715,0.3010155721667783,0.7179935848578309,5.1326878572755685,6.617736441592144,0.18335629770263684,0.9718204708856124,0.3310594803390375,0.6168132822222672,0.603474252989007,0.8217558727356066,7.541232027259488,8.681396613920123,0.19542310389984563,0.976793998508743,0.3874610385347147,0.32364626947738345,0.6995329929178601,0.9164494048051698,wang,0.2,1.0,0.0,12.0
Subj06,walk_36,1.0,56.0,6097,0.0,0.5480000000000045,0.9531609184830521,True,11.03296723272112,2.9123159705103583,4.93838057322131,3.325965041182052,4.1958044681062985,0.164627209884149,0.9760704533012841,0.1913536779932192,0.8322793366405798,0.3081987987109769,0.813512946863538,4.1821712233065895,5.3970261757175795,0.16470984752153592,0.9762345871124707,0.24182393311218495,0.7797065313062903,0.3273033139190947,0.7567848079079358,5.1326878572755685,6.617736441592144,0.18335629770263684,0.9718204708856124,0.3310594803390375,0.6168132822222672,0.603474252989007,0.8217558727356066,7.541232027259488,8.681396613920123,0.19542310389984563,0.976793998508743,0.3874610385347147,0.32364626947738345,0.6995329929178601,0.9164494048051698,wang,0.4,0.5,0.0,12.0
Subj06,walk_36,1.0,56.0,6097,0.0,0.5480000000000045,0.9531609184830521,True,11.03296723272112,2.9123159705103583,4.93838057322131,4.41090515155012,5.774914942912352,0.15981826658427825,0.9751559840279905,0.16040692180973837,0.8809290994141866,0.2634877890237156,0.811036937071742,4.942728121442001,6.718628245705951,0.16216964895029756,0.9776613826475004,0.22040776959687425,0.8096566387095709,0.2731845892022038,0.7744504493013554,5.1326878572755685,6.617736441592144,0.18335629770263684,0.9718204708856124,0.3310594803390375,0.6168132822222672,0.603474252989007,0.8217558727356066,7.541232027259488,8.681396613920123,0.19542310389984563,0.976793998508743,0.3874610385347147,0.32364626947738345,0.6995329929178601,0.9164494048051698,wang,0.2,2.0,0.0,12.0
Subj06,walk_36,1.0,56.0,6097,0.0,0.5480000000000045,0.9531609184830521,True,11.03296723272112,2.9123159705103583,4.93838057322131,3.402588743548328,4.378109719104492,0.16406243125337877,0.9759576825701859,0.17980453225858534,0.8642163038910193,0.2932068321844509,0.8148647742712839,4.26597835500809,5.473953574151519,0.16364407091706598,0.9768305932297955,0.23098682121262415,0.8077028274810826,0.3022105465609139,0.761976233108921,5.1326878572755685,6.617736441592144,0.18335629770263684,0.9718204708856124,0.3310594803390375,0.6168132822222672,0.603474252989007,0.8217558727356066,7.541232027259488,8.681396613920123,0.19542310389984563,0.976793998508743,0.3874610385347147,0.32364626947738345,0.6995329929178601,0.9164494048051698,wang,0.3,0.5,2.0,5.0
Subj06,walk_36,1.0,56.0,6097,0.0,0.5480000000000045,0.9531609184830521,True,11.03296723272112,2.9123159705103583,4.93838057322131,3.0429111200479486,3.8715840441613247,0.16484712783262817,0.9765016640080674,0.1856598612788709,0.8506176562410758,0.29745886809146066,0.834309900031289,3.883801451851563,4.924558045255052,0.16506065969864656,0.9767411447581039,0.23546385629233912,0.8017036103679126,0.3083940406503643,0.7869959530938763,5.1326878572755685,6.617736441592144,0.18335629770263684,0.9718204708856124,0.3310594803390375,0.6168132822222672,0.603474252989007,0.8217558727356066,7.541232027259488,8.681396613920123,0.19542310389984563,0.976793998508743,0.3874610385347147,0.32364626947738345,0.6995329929178601,0.9164494048051698,wang,0.4,0.5,2.0,5.0
Subj06,walk_36,1.0,56.0,6097,0.0,0.5480000000000045,0.9531609184830521,True,11.03296723272112,2.9123159705103583,4.93838057322131,3.6531499212364307,4.70982036324087,0.16372241032666446,0.9756182790732972,0.1848215952953502,0.847758876749261,0.3032647541566164,0.7919943427077477,4.533265460383493,5.904683205107602,0.16319856106491668,0.9764251967769543,0.23668853522587407,0.7880907721317679,0.31942986005756113,0.7314039088363316,5.1326878572755685,6.617736441592144,0.18335629770263684,0.9718204708856124,0.3310594803390375,0.6168132822222672,0.603474252989007,0.8217558727356066,7.541232027259488,8.681396613920123,0.19542310389984563,0.976793998508743,0.3874610385347147,0.32364626947738345,0.6995329929178601,0.9164494048051698,wang,0.3,0.5,2.0,8.0
Subj06,walk_36,1.0,56.0,6097,0.0,0.5480000000000045,0.9531609184830521,True,11.03296723272112,2.9123159705103583,4.93838057322131,3.264387070201531,4.140928537610404,0.16458053961219396,0.9761880662388954,0.1898743994358882,0.8373451254618015,0.30565147483073357,0.8174755252382532,4.121888038157181,5.300039278218647,0.1647014286108448,0.9763720715208647,0.2404580681614255,0.7846091008069793,0.3234173586568424,0.7628064558790206,5.1326878572755685,6.617736441592144,0.18335629770263684,0.9718204708856124,0.3310594803390375,0.6168132822222672,0.603474252989007,0.8217558727356066,7.541232027259488,8.681396613920123,0.19542310389984563,0.976793998508743,0.3874610385347147,0.32364626947738345,0.6995329929178601,0.9164494048051698,wang,0.4,0.5,2.0,8.0
Subj06,walk_45,1.25,56.0,5904,0.0,0.5480000000000045,0.9528174486389236,True,12.442771973939383,3.9780688357881098,5.4057557013179345,4.148680001308716,5.622240057462252,0.17437262615582166,0.9631375098913674,0.25153741112282446,0.8521432030723735,0.3617305218053226,0.8287716809385836,4.423941122058974,6.09065297949847,0.17718386095122932,0.9678689486387558,0.30865878642898753,0.8430006950311558,0.3830136634363682,0.7835507455119619,6.606596131754344,9.29034880555176,0.1877363352959512,0.973886138521482,0.4658718358939886,0.6106034416824762,0.8020903307594682,0.832922750647773,9.96370304991346,11.892870008716638,0.19799760803077734,0.9876134948588741,0.5211253515505972,0.2185320551178306,0.9263249991150246,0.9160882619062527,wang,0.3,1.0,0.0,12.0
Subj06,walk_45,1.25,56.0,5904,0.0,0.5480000000000045,0.9528174486389236,True,12.442771973939383,3.9780688357881098,5.4057557013179345,4.253507250906876,5.783494941450683,0.17377998735094324,0.9623493698626897,0.23345829064950702,0.8668077790379203,0.3251852172567398,0.8566165697792507,4.35611563590519,6.1567707017668605,0.17802703756054097,0.9682794691844628,0.29713860096464184,0.8486573150776555,0.35106519917134316,0.8242420642737529,6.606596131754344,9.29034880555176,0.1877363352959512,0.973886138521482,0.4658718358939886,0.6106034416824762,0.8020903307594682,0.832922750647773,9.96370304991346,11.892870008716638,0.19799760803077734,0.9876134948588741,0.5211253515505972,0.2185320551178306,0.9263249991150246,0.9160882619062527,wang,0.3,2.0,0.0,12.0
Subj06,walk_45,1.25,56.0,5904,0.0,0.5480000000000045,0.9528174486389236,True,12.442771973939383,3.9780688357881098,5.4057557013179345,3.598531894826884,4.772001106603939,0.17299230346851083,0.965854418807278,0.26000952635820285,0.8346201449729713,0.3700616140847871,0.8502527695978426,3.7731564266575495,5.081040502494988,0.17732800141753724,0.9698827725269614,0.3171875246238003,0.8264373216150203,0.3940818192180973,0.8070840086045914,6.606596131754344,9.29034880555176,0.1877363352959512,0.973886138521482,0.4658718358939886,0.6106034416824762,0.8020903307594682,0.832922750647773,9.96370304991346,11.892870008716638,0.19799760803077734,0.9876134948588741,0.5211253515505972,0.2185320551178306,0.9263249991150246,0.9160882619062527,wang,0.4,1.0,0.0,12.0
Subj06,walk_45,1.25,56.0,5904,0.0,0.5480000000000045,0.9528174486389236,True,12.442771973939383,3.9780688357881098,5.4057557013179345,4.145517628525489,5.549751202017137,0.17569008905548514,0.9633491937612558,0.2685437680973848,0.8371739674999613,0.3979305695060667,0.8021296057629009,4.578961106173421,6.1398995085303145,0.17679318579684578,0.9672867188411678,0.3197080355629875,0.8374956503058851,0.41320061783746476,0.7483304042455677,6.606596131754344,9.29034880555176,0.1877363352959512,0.973886138521482,0.4658718358939886,0.6106034416824762,0.8020903307594682,0.832922750647773,9.96370304991346,11.892870008716638,0.19799760803077734,0.9876134948588741,0.5211253515505972,0.2185320551178306,0.9263249991150246,0.9160882619062527,wang,0.3,0.5,0.0,12.0
Subj06,walk_45,1.25,56.0,5904,0.0,0.5480000000000045,0.9528174486389236,True,12.442771973939383,3.9780688357881098,5.4057557013179345,4.8442459467164385,6.614613024341637,0.1777438263507228,0.9601646638057649,0.26237155833063686,0.8469678497550197,0.3979518547982859,0.7639114414644991,5.365384331048768,7.347870091193398,0.17699993631557906,0.9648916126030602,0.3126121723643337,0.8474239732121017,0.40897650492154825,0.7087029423638774,6.606596131754344,9.29034880555176,0.1877363352959512,0.973886138521482,0.4658718358939886,0.6106034416824762,0.8020903307594682,0.832922750647773,9.96370304991346,11.892870008716638,0.19799760803077734,0.9876134948588741,0.5211253515505972,0.2185320551178306,0.9263249991150246,0.9160882619062527,wang,0.2,0.5,0.0,12.0
Subj06,walk_45,1.25,56.0,5904,0.0,0.5480000000000045,0.9528174486389236,True,12.442771973939383,3.9780688357881098,5.4057557013179345,3.697993728554313,4.927125710182162,0.1722207430892871,0.9653295565446057,0.24198830732393098,0.8467026746457631,0.33236691853758926,0.8749353220811787,3.7010648004781674,5.161632705885745,0.1779894941252922,0.9705967138466987,0.30544462719942495,0.8280917477975864,0.3619086590828101,0.8437256570603877,6.606596131754344,9.29034880555176,0.1877363352959512,0.973886138521482,0.4658718358939886,0.6106034416824762,0.8020903307594682,0.832922750647773,9.96370304991346,11.892870008716638,0.19799760803077734,0.9876134948588741,0.5211253515505972,0.2185320551178306,0.9263249991150246,0.9160882619062527,wang,0.4,2.0,0.0,12.0
Subj06,walk_45,1.25,56.0,5904,0.0,0.5480000000000045,0.9528174486389236,True,12.442771973939383,3.9780688357881098,5.4057557013179345,4.879365632933201,6.713343951901691,0.17662087456873082,0.9597122085980233,0.2458137693259142,0.8632550984888253,0.36452254643312343,0.7923522925495526,5.2459498030992275,7.321160453435618,0.1775911641969639,0.9651739103779997,0.3021668156205278,0.8555280520924011,0.3805028311059732,0.746686617311931,6.606596131754344,9.29034880555176,0.1877363352959512,0.973886138521482,0.4658718358939886,0.6106034416824762,0.8020903307594682,0.832922750647773,9.96370304991346,11.892870008716638,0.19799760803077734,0.9876134948588741,0.5211253515505972,0.2185320551178306,0.9263249991150246,0.9160882619062527,wang,0.2,1.0,0.0,12.0
Subj06,walk_45,1.25,56.0,5904,0.0,0.5480000000000045,0.9528174486389236,True,12.442771973939383,3.9780688357881098,5.4057557013179345,3.620532919349095,4.724734340397209,0.17446180317983132,0.9658377418287074,0.2770008694418863,0.8221064145789189,0.40718847120066876,0.8255525242885818,3.9584375243768273,5.152649717386528,0.17710714310357453,0.9690253351770007,0.3285109953137306,0.8240498832347256,0.4247588489089458,0.7742902635990194,6.606596131754344,9.29034880555176,0.1877363352959512,0.973886138521482,0.4658718358939886,0.6106034416824762,0.8020903307594682,0.832922750647773,9.96370304991346,11.892870008716638,0.19799760803077734,0.9876134948588741,0.5211253515505972,0.2185320551178306,0.9263249991150246,0.9160882619062527,wang,0.4,0.5,0.0,12.0
Subj06,walk_45,1.25,56.0,5904,0.0,0.5480000000000045,0.9528174486389236,True,12.442771973939383,3.9780688357881098,5.4057557013179345,4.999394782678255,6.884957357289661,0.17625666347050434,0.9586442266873351,0.22828843098659443,0.8788152372335732,0.33155886027253223,0.8238170202201257,5.192461693493548,7.379497521673579,0.17864497840424418,0.9652574809437695,0.2912390863470565,0.8642911419609146,0.3502871993350831,0.7926747913293246,6.606596131754344,9.29034880555176,0.1877363352959512,0.973886138521482,0.4658718358939886,0.6106034416824762,0.8020903307594682,0.832922750647773,9.96370304991346,11.892870008716638,0.19799760803077734,0.9876134948588741,0.5211253515505972,0.2185320551178306,0.9263249991150246,0.9160882619062527,wang,0.2,2.0,0.0,12.0
Subj06,walk_45,1.25,56.0,5904,0.0,0.5480000000000045,0.9528174486389236,True,12.442771973939383,3.9780688357881098,5.4057557013179345,3.5701986450753593,4.6955643590314695,0.17577772613652262,0.9641162945788709,0.2602602759900542,0.8613542697842564,0.37743333711355154,0.8393166289854864,3.9503099361763723,5.086290155497984,0.17732672728051455,0.9687120877934632,0.31467967580032646,0.8512771080380522,0.3944582905285834,0.7833948888310188,6.606596131754344,9.29034880555176,0.1877363352959512,0.973886138521482,0.4658718358939886,0.6106034416824762,0.8020903307594682,0.832922750647773,9.96370304991346,11.892870008716638,0.19799760803077734,0.9876134948588741,0.5211253515505972,0.2185320551178306,0.9263249991150246,0.9160882619062527,wang,0.3,0.5,2.0,5.0
Subj06,walk_45,1.25,56.0,5904,0.0,0.5480000000000045,0.9528174486389236,True,12.442771973939383,3.9780688357881098,5.4057557013179345,3.134601238917393,4.037286018095641,0.17460060434512853,0.966545224202232,0.2702793571301881,0.8421821336401806,0.3910988415046556,0.8533022253243859,3.4151977095639086,4.250149050307771,0.1776010179733163,0.9703638865319918,0.32471196156209037,0.8350849746322342,0.41020893491617605,0.8012337522490142,6.606596131754344,9.29034880555176,0.1877363352959512,0.973886138521482,0.4658718358939886,0.6106034416824762,0.8020903307594682,0.832922750647773,9.96370304991346,11.892870008716638,0.19799760803077734,0.9876134948588741,0.5211253515505972,0.2185320551178306,0.9263249991150246,0.9160882619062527,wang,0.4,0.5,2.0,5.0
Subj06,walk_45,1.25,56.0,5904,0.0,0.5480000000000045,0.9528174486389236,True,12.442771973939383,3.9780688357881098,5.4057557013179345,4.014434591529739,5.363688857134226,0.1756231844359638,0.9635569244220604,0.26636586340154383,0.8441235695738943,0.3929326164665586,0.8105274085642523,4.428863897523028,5.901320413081023,0.1767733787597683,0.9676749603003983,0.31792456123265717,0.8425915960023902,0.4076244540212901,0.7572826283499761,6.606596131754344,9.29034880555176,0.1877363352959512,0.973886138521482,0.4658718358939886,0.6106034416824762,0.8020903307594682,0.832922750647773,9.96370304991346,11.892870008716638,0.19799760803077734,0.9876134948588741,0.5211253515505972,0.2185320551178306,0.9263249991150246,0.9160882619062527,wang,0.3,0.5,2.0,8.0
Subj06,walk_45,1.25,56.0,5904,0.0,0.5480000000000045,0.9528174486389236,True,12.442771973939383,3.9780688357881098,5.4057557013179345,3.507531738149805,4.5710139044656515,0.17438532035013182,0.966040182154113,0.27521269973627344,0.8282256050086803,0.4032316256628443,0.8315527676298012,3.8238613798571714,4.939067659269962,0.17707641204595798,0.9693925004416682,0.3270767896048547,0.8285162566456417,0.42028261170618836,0.7810616011258524,6.606596131754344,9.29034880555176,0.1877363352959512,0.973886138521482,0.4658718358939886,0.6106034416824762,0.8020903307594682,0.832922750647773,9.96370304991346,11.892870008716638,0.19799760803077734,0.9876134948588741,0.5211253515505972,0.2185320551178306,0.9263249991150246,0.9160882619062527,wang,0.4,0.5,2.0,8.0
Subj06,walk_54,1.5,56.0,5888,0.0,0.552000000000004,0.9602151192845835,True,12.522890474177208,4.486454346112157,5.967979900887937,4.991333850681766,6.588694380785284,0.2988360649234073,0.8895547368637756,0.3106413310959118,0.682088421893216,0.4538545814582498,0.819073986242325,5.392583529183615,7.323508171766848,0.31146635338730444,0.8827151592534802,0.3424203194272863,0.6906587552483566,0.43544779233972475,0.8076664446741338,7.291535666661595,9.862192793680402,0.33732899145642653,0.8648511507488665,0.5381895538806748,0.448892285672039,0.8810737426076503,0.8310155132568049,12.113061578266924,13.789950173383115,0.3470332750787202,0.887978788555349,0.6414193302712722,-0.004864072220117407,1.101026536019328,0.9121210897912442,wang,0.3,1.0,0.0,12.0
Subj06,walk_54,1.5,56.0,5888,0.0,0.552000000000004,0.9602151192845835,True,12.522890474177208,4.486454346112157,5.967979900887937,5.046240922652861,6.642096923878379,0.2962906395919689,0.8912116148372414,0.29132210735140657,0.6947400141574755,0.4120101078418596,0.8470113211888166,5.29377822739204,7.356248843190548,0.3105016021521114,0.8850802123479822,0.3308875488357572,0.6910954697271762,0.40487672161595967,0.8437517083434113,7.291535666661595,9.862192793680402,0.33732899145642653,0.8648511507488665,0.5381895538806748,0.448892285672039,0.8810737426076503,0.8310155132568049,12.113061578266924,13.789950173383115,0.3470332750787202,0.887978788555349,0.6414193302712722,-0.004864072220117407,1.101026536019328,0.9121210897912442,wang,0.3,2.0,0.0,12.0
Subj06,walk_54,1.5,56.0,5888,0.0,0.552000000000004,0.9602151192845835,True,12.522890474177208,4.486454346112157,5.967979900887937,4.483333928425349,5.822733486213933,0.3007265285745146,0.8896293275122199,0.32105851614809366,0.6562089451446707,0.4586980196580351,0.8412181612341012,4.758863154680575,6.398502581381868,0.31403102979620084,0.8819813535372364,0.3525234620506164,0.6663118231928921,0.4433719431519121,0.8282189956992904,7.291535666661595,9.862192793680402,0.33732899145642653,0.8648511507488665,0.5381895538806748,0.448892285672039,0.8810737426076503,0.8310155132568049,12.113061578266924,13.789950173383115,0.3470332750787202,0.887978788555349,0.6414193302712722,-0.004864072220117407,1.101026536019328,0.9121210897912442,wang,0.4,1.0,0.0,12.0
Subj06,walk_54,1.5,56.0,5888,0.0,0.552000000000004,0.9602151192845835,True,12.522890474177208,4.486454346112157,5.967979900887937,5.0198772799305535,6.596549400305412,0.3014204230112407,0.8878927846420457,0.3285424648216002,0.6702429861651438,0.49365811636188334,0.7927156509057408,5.569587400345898,7.360764188661649,0.31239258822569455,0.8806426851454825,0.35351866379783164,0.6897650449680586,0.46490140084928905,0.7738783150825126,7.291535666661595,9.862192793680402,0.33732899145642653,0.8648511507488665,0.5381895538806748,0.448892285672039,0.8810737426076503,0.8310155132568049,12.113061578266924,13.789950173383115,0.3470332750787202,0.887978788555349,0.6414193302712722,-0.004864072220117407,1.101026536019328,0.9121210897912442,wang,0.3,0.5,0.0,12.0
Subj06,walk_54,1.5,56.0,5888,0.0,0.552000000000004,0.9602151192845835,True,12.522890474177208,4.486454346112157,5.967979900887937,5.704851218530025,7.6068907440926985,0.2995458650147891,0.8878470360562464,0.320793466209843,0.6895075443941833,0.49898897293052374,0.7537166454485442,6.378784038958493,8.537682606616325,0.3096075208733281,0.8815384014166687,0.34555721822079055,0.7080887306364317,0.46634840195118377,0.7382649310106575,7.291535666661595,9.862192793680402,0.33732899145642653,0.8648511507488665,0.5381895538806748,0.448892285672039,0.8810737426076503,0.8310155132568049,12.113061578266924,13.789950173383115,0.3470332750787202,0.887978788555349,0.6414193302712722,-0.004864072220117407,1.101026536019328,0.9121210897912442,wang,0.2,0.5,0.0,12.0
Subj06,walk_54,1.5,56.0,5888,0.0,0.552000000000004,0.9602151192845835,True,12.522890474177208,4.486454346112157,5.967979900887937,4.540783962807223,5.876955854410402,0.29802931750454553,0.8916983244047355,0.30232468783178085,0.6647659192258469,0.41670684604639213,0.8659834350617399,4.6785853031778455,6.462238438933001,0.3129081885685616,0.8847965547651593,0.34125310485953203,0.6617925270943931,0.413409806241446,0.8605820164100013,7.291535666661595,9.862192793680402,0.33732899145642653,0.8648511507488665,0.5381895538806748,0.448892285672039,0.8810737426076503,0.8310155132568049,12.113061578266924,13.789950173383115,0.3470332750787202,0.887978788555349,0.6414193302712722,-0.004864072220117407,1.101026536019328,0.9121210897912442,wang,0.4,2.0,0.0,12.0
Subj06,walk_54,1.5,56.0,5888,0.0,0.552000000000004,0.9602151192845835,True,12.522890474177208,4.486454346112157,5.967979900887937,5.707038562795377,7.625332258301708,0.2971204798151408,0.889135798907735,0.3029507814004996,0.7040716377377974,0.46151235732267315,0.7817247033537238,6.226341929177708,8.506374247696884,0.308857805746176,0.8831727159774392,0.33479228922897064,0.7124335991134817,0.43844318111413244,0.7749348093486658,7.291535666661595,9.862192793680402,0.33732899145642653,0.8648511507488665,0.5381895538806748,0.448892285672039,0.8810737426076503,0.8310155132568049,12.113061578266924,13.789950173383115,0.3470332750787202,0.887978788555349,0.6414193302712722,-0.004864072220117407,1.101026536019328,0.9121210897912442,wang,0.2,1.0,0.0,12.0
Subj06,walk_54,1.5,56.0,5888,0.0,0.552000000000004,0.9602151192845835,True,12.522890474177208,4.486454346112157,5.967979900887937,4.530616060003606,5.852220393852552,0.3034222394816855,0.8876261505533406,0.3385589329091049,0.6480245789816445,0.49891819193615766,0.8166366389035388,4.949483493079021,6.437031859235718,0.31508714054225717,0.8795312840047845,0.3635543839339808,0.669358758081309,0.47292137332956136,0.7967900092657942,7.291535666661595,9.862192793680402,0.33732899145642653,0.8648511507488665,0.5381895538806748,0.448892285672039,0.8810737426076503,0.8310155132568049,12.113061578266924,13.789950173383115,0.3470332750787202,0.887978788555349,0.6414193302712722,-0.004864072220117407,1.101026536019328,0.9121210897912442,wang,0.4,0.5,0.0,12.0
Subj06,walk_54,1.5,56.0,5888,0.0,0.552000000000004,0.9602151192845835,True,12.522890474177208,4.486454346112157,5.967979900887937,5.773800517375507,7.684129174923106,0.2947883788847739,0.8903396448123027,0.28362289266612006,0.7193666456577938,0.4222844508680371,0.8134462002809507,6.124557547298161,8.515379331446011,0.3080937433076287,0.8850320616993798,0.32339746397462316,0.7170427389044084,0.4088803752317034,0.8161339123524393,7.291535666661595,9.862192793680402,0.33732899145642653,0.8648511507488665,0.5381895538806748,0.448892285672039,0.8810737426076503,0.8310155132568049,12.113061578266924,13.789950173383115,0.3470332750787202,0.887978788555349,0.6414193302712722,-0.004864072220117407,1.101026536019328,0.9121210897912442,wang,0.2,2.0,0.0,12.0
Subj06,walk_54,1.5,56.0,5888,0.0,0.552000000000004,0.9602151192845835,True,12.522890474177208,4.486454346112157,5.967979900887937,4.202396266535474,5.350329070634921,0.30232708090270805,0.8883466150525334,0.3191104845648456,0.6877668405252404,0.45865352658377484,0.8422672380563309,4.829984035901637,6.268321861750385,0.31386670244197096,0.8814816546643086,0.3508900038186717,0.6993758671515697,0.44221711784730167,0.8158558693398318,7.291535666661595,9.862192793680402,0.33732899145642653,0.8648511507488665,0.5381895538806748,0.448892285672039,0.8810737426076503,0.8310155132568049,12.113061578266924,13.789950173383115,0.3470332750787202,0.887978788555349,0.6414193302712722,-0.004864072220117407,1.101026536019328,0.9121210897912442,wang,0.3,0.5,2.0,5.0
Subj06,walk_54,1.5,56.0,5888,0.0,0.552000000000004,0.9602151192845835,True,12.522890474177208,4.486454346112157,5.967979900887937,3.88584242849725,4.902846937890279,0.30404878054119555,0.8882675375384097,0.33065325143565144,0.6630525774593303,0.47052481371404203,0.8548311156604468,4.386310577479508,5.653536957185575,0.316179418933977,0.8805773215626809,0.36191410648696226,0.6775222434082036,0.4560484149200349,0.8292462471487579,7.291535666661595,9.862192793680402,0.33732899145642653,0.8648511507488665,0.5381895538806748,0.448892285672039,0.8810737426076503,0.8310155132568049,12.113061578266924,13.789950173383115,0.3470332750787202,0.887978788555349,0.6414193302712722,-0.004864072220117407,1.101026536019328,0.9121210897912442,wang,0.4,0.5,2.0,5.0
Subj06,walk_54,1.5,56.0,5888,0.0,0.552000000000004,0.9602151192845835,True,12.522890474177208,4.486454346112157,5.967979900887937,4.808557845564832,6.277170396915163,0.3013454434198728,0.8882023250528672,0.3247324674796276,0.6783878210635648,0.4829372818167417,0.8066561226533965,5.378560118558681,7.077927467374951,0.3124757111230488,0.8810771008594902,0.3513468714244912,0.6963017916903538,0.45693807522157437,0.7858495139453888,7.291535666661595,9.862192793680402,0.33732899145642653,0.8648511507488665,0.5381895538806748,0.448892285672039,0.8810737426076503,0.8310155132568049,12.113061578266924,13.789950173383115,0.3470332750787202,0.887978788555349,0.6414193302712722,-0.004864072220117407,1.101026536019328,0.9121210897912442,wang,0.3,0.5,2.0,8.0
Subj06,walk_54,1.5,56.0,5888,0.0,0.552000000000004,0.9602151192845835,True,12.522890474177208,4.486454346112157,5.967979900887937,4.3574219562060135,5.5981048614179985,0.3032640436911132,0.8879946860031863,0.335243821710339,0.6555249553119076,0.4899331386308115,0.8270580689369581,4.793210095392188,6.214544696397742,0.3150795151671197,0.880012085003227,0.36171629850448755,0.6755164379804264,0.46647957018447944,0.8058892887628815,7.291535666661595,9.862192793680402,0.33732899145642653,0.8648511507488665,0.5381895538806748,0.448892285672039,0.8810737426076503,0.8310155132568049,12.113061578266924,13.789950173383115,0.3470332750787202,0.887978788555349,0.6414193302712722,-0.004864072220117407,1.101026536019328,0.9121210897912442,wang,0.4,0.5,2.0,8.0
Subj07,walk_09,0.25,80.8,5984,0.0,0.560000000000004,0.9013369200888574,True,9.908883350970997,1.0054162137714626,1.5896508505245284,0.8852372812528018,0.9984198263124306,0.15750721871801598,0.9746601282803472,0.08222188158960596,0.8412638039288238,0.33909353107843876,-0.2036871786937188,0.998629313596019,1.1298658352775732,0.15398556873766175,0.9724103646244812,0.09616374509597614,0.9064300111392535,0.15509839608182882,0.6719765267411802,1.3051748239124816,1.449171413549605,0.15493950927900765,0.9829562675509067,0.09394442012861906,0.672371426641817,0.3388817488938301,0.32612057223887236,1.9521557038262387,2.0206015861749407,0.1544093180082753,0.9844444769524103,0.09506989073150793,0.6170854262380555,0.34515744638543927,0.45026727105036796,wang,0.3,1.0,0.0,12.0
Subj07,walk_09,0.25,80.8,5984,0.0,0.560000000000004,0.9013369200888574,True,9.908883350970997,1.0054162137714626,1.5896508505245284,0.8950851642631426,1.0236159161080738,0.15731614390729556,0.9741563999754562,0.07677884407445285,0.8560472279214588,0.33358895511727543,-0.24016650880413434,0.9688508387351714,1.1185704752911274,0.15551582088875718,0.9720757797129943,0.09983795181405755,0.9146982601202133,0.16042342994239,0.7206693172454505,1.3051748239124816,1.449171413549605,0.15493950927900765,0.9829562675509067,0.09394442012861906,0.672371426641817,0.3388817488938301,0.32612057223887236,1.9521557038262387,2.0206015861749407,0.1544093180082753,0.9844444769524103,0.09506989073150793,0.6170854262380555,0.34515744638543927,0.45026727105036796,wang,0.3,2.0,0.0,12.0
Subj07,walk_09,0.25,80.8,5984,0.0,0.560000000000004,0.9013369200888574,True,9.908883350970997,1.0054162137714626,1.5896508505245284,0.7879634852741241,0.8695696967241078,0.15720213367497218,0.9754870181960263,0.07985209735329407,0.8444548479422771,0.3359613295517314,-0.11780051845091924,0.8960994364921089,0.992718830930699,0.15344724794439665,0.9734710951289507,0.09468759110091536,0.9091544735195384,0.14895054629806267,0.7288498697605511,1.3051748239124816,1.449171413549605,0.15493950927900765,0.9829562675509067,0.09394442012861906,0.672371426641817,0.3388817488938301,0.32612057223887236,1.9521557038262387,2.0206015861749407,0.1544093180082753,0.9844444769524103,0.09506989073150793,0.6170854262380555,0.34515744638543927,0.45026727105036796,wang,0.4,1.0,0.0,12.0
Subj07,walk_09,0.25,80.8,5984,0.0,0.560000000000004,0.9013369200888574,True,9.908883350970997,1.0054162137714626,1.5896508505245284,0.9085837349052915,1.0050765406114892,0.1576883353993131,0.9750199646720811,0.08705350275912743,0.8271560150582514,0.34413399302217634,-0.1737464983336075,1.0966445541113103,1.1633669401921252,0.1525002223559966,0.9727200576065842,0.09378387895015428,0.8940445447409078,0.1525811291486228,0.6317686908441744,1.3051748239124816,1.449171413549605,0.15493950927900765,0.9829562675509067,0.09394442012861906,0.672371426641817,0.3388817488938301,0.32612057223887236,1.9521557038262387,2.0206015861749407,0.1544093180082753,0.9844444769524103,0.09506989073150793,0.6170854262380555,0.34515744638543927,0.45026727105036796,wang,0.3,0.5,0.0,12.0
Subj07,walk_09,0.25,80.8,5984,0.0,0.560000000000004,0.9013369200888574,True,9.908883350970997,1.0054162137714626,1.5896508505245284,1.0291203601755923,1.1632973417937251,0.15806026825517752,0.9740857534309044,0.0900930745328243,0.8232622011846513,0.3483454732257044,-0.2644441777315889,1.2182489188651808,1.3331249648367598,0.15307812770567183,0.9714682315829828,0.09565169001624016,0.8900503342611055,0.1600432804282133,0.5537365844728901,1.3051748239124816,1.449171413549605,0.15493950927900765,0.9829562675509067,0.09394442012861906,0.672371426641817,0.3388817488938301,0.32612057223887236,1.9521557038262387,2.0206015861749407,0.1544093180082753,0.9844444769524103,0.09506989073150793,0.6170854262380555,0.34515744638543927,0.45026727105036796,wang,0.2,0.5,0.0,12.0
Subj07,walk_09,0.25,80.8,5984,0.0,0.560000000000004,0.9013369200888574,True,9.908883350970997,1.0054162137714626,1.5896508505245284,0.7980506067186851,0.8963464970927256,0.1570159268498873,0.9750274037085819,0.0742608489861974,0.8605061124727496,0.33057050163664525,-0.14502780679456645,0.8632770179174885,0.9854555712135493,0.1549185268058463,0.9731389547786131,0.09797385357983902,0.9182462988446167,0.15377504214288873,0.7759459200727303,1.3051748239124816,1.449171413549605,0.15493950927900765,0.9829562675509067,0.09394442012861906,0.672371426641817,0.3388817488938301,0.32612057223887236,1.9521557038262387,2.0206015861749407,0.1544093180082753,0.9844444769524103,0.09506989073150793,0.6170854262380555,0.34515744638543927,0.45026727105036796,wang,0.4,2.0,0.0,12.0
Subj07,walk_09,0.25,80.8,5984,0.0,0.560000000000004,0.9013369200888574,True,9.908883350970997,1.0054162137714626,1.5896508505245284,1.0107839816297814,1.1596518967549287,0.15787590162922802,0.973680694035404,0.08546882894801046,0.8358676897170031,0.34326011370527687,-0.3049570894247001,1.1302683034561554,1.3001734241442333,0.15462925281479165,0.971146320161869,0.09842730922204575,0.9012195907192131,0.16312992419916642,0.5843777267540874,1.3051748239124816,1.449171413549605,0.15493950927900765,0.9829562675509067,0.09394442012861906,0.672371426641817,0.3388817488938301,0.32612057223887236,1.9521557038262387,2.0206015861749407,0.1544093180082753,0.9844444769524103,0.09506989073150793,0.6170854262380555,0.34515744638543927,0.45026727105036796,wang,0.2,1.0,0.0,12.0
Subj07,walk_09,0.25,80.8,5984,0.0,0.560000000000004,0.9013369200888574,True,9.908883350970997,1.0054162137714626,1.5896508505245284,0.8149232158401266,0.8786540225533945,0.15737960343862895,0.9758089613915927,0.08482054012223472,0.8291282375813952,0.34092682696022997,-0.09670631559558614,1.002973996882821,1.0268372783253767,0.15201990712289717,0.9737700589538417,0.09266753711758037,0.8957039638795098,0.1469703447229376,0.685942373117341,1.3051748239124816,1.449171413549605,0.15493950927900765,0.9829562675509067,0.09394442012861906,0.672371426641817,0.3388817488938301,0.32612057223887236,1.9521557038262387,2.0206015861749407,0.1544093180082753,0.9844444769524103,0.09506989073150793,0.6170854262380555,0.34515744638543927,0.45026727105036796,wang,0.4,0.5,0.0,12.0
Subj07,walk_09,0.25,80.8,5984,0.0,0.560000000000004,0.9013369200888574,True,9.908883350970997,1.0054162137714626,1.5896508505245284,1.0222389711726592,1.184298044047996,0.15768052213321268,0.9731239809888627,0.08026746070321901,0.8490445020096618,0.33768083218171663,-0.35227419229845147,1.1047012656089676,1.2851703072090888,0.15622643391156968,0.9708092440227267,0.10252738651734675,0.9085352031391889,0.1689851318758991,0.6264302317204132,1.3051748239124816,1.449171413549605,0.15493950927900765,0.9829562675509067,0.09394442012861906,0.672371426641817,0.3388817488938301,0.32612057223887236,1.9521557038262387,2.0206015861749407,0.1544093180082753,0.9844444769524103,0.09506989073150793,0.6170854262380555,0.34515744638543927,0.45026727105036796,wang,0.2,2.0,0.0,12.0
Subj07,walk_09,0.25,80.8,5984,0.0,0.560000000000004,0.9013369200888574,True,9.908883350970997,1.0054162137714626,1.5896508505245284,0.8430809035204757,0.9545202095949878,0.1576003312203736,0.9750741466524685,0.08509108887316094,0.8355804099825433,0.3420152239049401,-0.1830591001106566,1.0752274748539277,1.1567145888976473,0.15226665249610433,0.9728821731947322,0.0928156587623871,0.8998472467252239,0.15059244293526233,0.6554648693289464,1.3051748239124816,1.449171413549605,0.15493950927900765,0.9829562675509067,0.09394442012861906,0.672371426641817,0.3388817488938301,0.32612057223887236,1.9521557038262387,2.0206015861749407,0.1544093180082753,0.9844444769524103,0.09506989073150793,0.6170854262380555,0.34515744638543927,0.45026727105036796,wang,0.3,0.5,2.0,5.0
Subj07,walk_09,0.25,80.8,5984,0.0,0.560000000000004,0.9013369200888574,True,9.908883350970997,1.0054162137714626,1.5896508505245284,0.7489157538866302,0.8313715644678058,0.15729638866445522,0.9758517049354639,0.08302558697309884,0.8370170999497432,0.33898094868620443,-0.10564393393816758,0.9825175389364423,1.024101991765409,0.15179571071170164,0.9739089696309324,0.0917777925141043,0.9014974245826358,0.1451986025774934,0.7063796740465208,1.3051748239124816,1.449171413549605,0.15493950927900765,0.9829562675509067,0.09394442012861906,0.672371426641817,0.3388817488938301,0.32612057223887236,1.9521557038262387,2.0206015861749407,0.1544093180082753,0.9844444769524103,0.09506989073150793,0.6170854262380555,0.34515744638543927,0.45026727105036796,wang,0.4,0.5,2.0,5.0
Subj07,walk_09,0.25,80.8,5984,0.0,0.560000000000004,0.9013369200888574,True,9.908883350970997,1.0054162137714626,1.5896508505245284,0.8856403420041787,0.987690507893211,0.15766852276237783,0.9750231868964336,0.08641337265271162,0.8300517687652545,0.34348046953868383,-0.17878224509624546,1.0949924533424062,1.165309297353316,0.15240941661747792,0.9727827219829248,0.09349578667334796,0.8954211925621944,0.15203307701397506,0.6387963032699473,1.3051748239124816,1.449171413549605,0.15493950927900765,0.9829562675509067,0.09394442012861906,0.672371426641817,0.3388817488938301,0.32612057223887236,1.9521557038262387,2.0206015861749407,0.1544093180082753,0.9844444769524103,0.09506989073150793,0.6170854262380555,0.34515744638543927,0.45026727105036796,wang,0.3,0.5,2.0,8.0
Subj07,walk_09,0.25,80.8,5984,0.0,0.560000000000004,0.9013369200888574,True,9.908883350970997,1.0054162137714626,1.5896508505245284,0.7916271346361096,0.8620975807110941,0.15736020477649137,0.975810569401174,0.0842286979762295,0.8318395643433396,0.34032075580537363,-0.10147299971944333,1.0018139523262621,1.0300733591689657,0.15193189819062372,0.9738260796710132,0.0923989189252203,0.8971104848544633,0.14648228253092258,0.6920324748628389,1.3051748239124816,1.449171413549605,0.15493950927900765,0.9829562675509067,0.09394442012861906,0.672371426641817,0.3388817488938301,0.32612057223887236,1.9521557038262387,2.0206015861749407,0.1544093180082753,0.9844444769524103,0.09506989073150793,0.6170854262380555,0.34515744638543927,0.45026727105036796,wang,0.4,0.5,2.0,8.0
Subj07,walk_18,0.5,80.8,5976,0.0,0.5400000000000045,0.9394604113834331,True,11.550390062814847,1.768919156532697,2.6048129120780446,1.3590798693001618,1.726939284431869,0.1640809444904125,0.9870823761101285,0.11489516581113235,0.858272815754738,0.3787801825388867,0.08595755268662322,1.3525472491231565,1.6242240399998304,0.15946116024678283,0.9874531912516985,0.11732844029638902,0.9176055376158829,0.18894200703587763,0.6350102646365716,2.5774043091671297,3.333686024716382,0.1647298026530727,0.9921773541883636,0.15391024196368552,0.6461565645062982,0.4209477151331582,0.3993225175702092,4.0139030065745676,4.425723138501934,0.16441752139766536,0.9941006390839591,0.17603384507035924,0.261886711127973,0.39386849618703407,0.7011183022857694,wang,0.3,1.0,0.0,12.0
Subj07,walk_18,0.5,80.8,5976,0.0,0.5400000000000045,0.9394604113834331,True,11.550390062814847,1.768919156532697,2.6048129120780446,1.3289667110457966,1.7002073371891357,0.16379029724892524,0.9868217715405694,0.10668805102134803,0.8628699276016073,0.3663741308234881,0.10810068720464679,1.261228061709786,1.5999356792016417,0.16157382561372596,0.9872322445558249,0.11414553343302347,0.9279162196350781,0.17923654233305253,0.7141797259882791,2.5774043091671297,3.333686024716382,0.1647298026530727,0.9921773541883636,0.15391024196368552,0.6461565645062982,0.4209477151331582,0.3993225175702092,4.0139030065745676,4.425723138501934,0.16441752139766536,0.9941006390839591,0.17603384507035924,0.261886711127973,0.39386849618703407,0.7011183022857694,wang,0.3,2.0,0.0,12.0
Subj07,walk_18,0.5,80.8,5976,0.0,0.5400000000000045,0.9394604113834331,True,11.550390062814847,1.768919156532697,2.6048129120780446,1.2179614255104976,1.5182006088576019,0.16377340192976278,0.9878546567165303,0.11173851554297677,0.8537603914079547,0.371435563288997,0.1826217405049455,1.2361974903217638,1.437160981486641,0.159002179976785,0.9882890243968505,0.1159273283829728,0.9100581671216121,0.1815361455584481,0.6840126734713837,2.5774043091671297,3.333686024716382,0.1647298026530727,0.9921773541883636,0.15391024196368552,0.6461565645062982,0.4209477151331582,0.3993225175702092,4.0139030065745676,4.425723138501934,0.16441752139766536,0.9941006390839591,0.17603384507035924,0.261886711127973,0.39386849618703407,0.7011183022857694,wang,0.4,1.0,0.0,12.0
Subj07,walk_18,0.5,80.8,5976,0.0,0.5400000000000045,0.9394604113834331,True,11.550390062814847,1.768919156532697,2.6048129120780446,1.4262781901286166,1.7895527841514587,0.1643875173642151,0.9872124516106958,0.12222556561437518,0.8538844872253296,0.390213797397141,0.06441046383163045,1.5535478029580956,1.7260897020189272,0.15745131086053513,0.987587070960605,0.12211274909709338,0.9044197533777522,0.20118466704724844,0.5728890748776622,2.5774043091671297,3.333686024716382,0.1647298026530727,0.9921773541883636,0.15391024196368552,0.6461565645062982,0.4209477151331582,0.3993225175702092,4.0139030065745676,4.425723138501934,0.16441752139766536,0.9941006390839591,0.17603384507035924,0.261886711127973,0.39386849618703407,0.7011183022857694,wang,0.3,0.5,0.0,12.0
Subj07,walk_18,0.5,80.8,5976,0.0,0.5400000000000045,0.9394604113834331,True,11.550390062814847,1.768919156532697,2.6048129120780446,1.6294325025874252,2.0765733069447263,0.16478697007579773,0.9863245340348212,0.12686921189175981,0.8561401381061384,0.3995651697882288,-0.04774260936733231,1.7098949814920088,1.978418778802276,0.15794586489384452,0.9865917495474805,0.12430078459380917,0.910407103106193,0.21026239029784094,0.5024002000918455,2.5774043091671297,3.333686024716382,0.1647298026530727,0.9921773541883636,0.15391024196368552,0.6461565645062982,0.4209477151331582,0.3993225175702092,4.0139030065745676,4.425723138501934,0.16441752139766536,0.9941006390839591,0.17603384507035924,0.261886711127973,0.39386849618703407,0.7011183022857694,wang,0.2,0.5,0.0,12.0
Subj07,walk_18,0.5,80.8,5976,0.0,0.5400000000000045,0.9394604113834331,True,11.550390062814847,1.768919156532697,2.6048129120780446,1.205695286661813,1.5064842211915197,0.16348430828436475,0.9876376810057362,0.10358826982142177,0.8580972900207476,0.35877456344435743,0.21394401740488536,1.1395130853777171,1.4149082054775475,0.16103231404125262,0.9880901737147997,0.11216614953123598,0.9209053295646836,0.17030593001935113,0.7575601093334265,2.5774043091671297,3.333686024716382,0.1647298026530727,0.9921773541883636,0.15391024196368552,0.6461565645062982,0.4209477151331582,0.3993225175702092,4.0139030065745676,4.425723138501934,0.16441752139766536,0.9941006390839591,0.17603384507035924,0.261886711127973,0.39386849618703407,0.7011183022857694,wang,0.4,2.0,0.0,12.0
Subj07,walk_18,0.5,80.8,5976,0.0,0.5400000000000045,0.9394604113834331,True,11.550390062814847,1.768919156532697,2.6048129120780446,1.560220759966864,2.0113506659686995,0.16448783387563876,0.9861440518726045,0.11972936239805376,0.8604228908495808,0.38865131938053094,-0.040440608635725704,1.5309832242050283,1.8898848147435354,0.16005166745189667,0.9864235897047536,0.12021254011268198,0.9227810309343418,0.19978386818907848,0.5603430471826479,2.5774043091671297,3.333686024716382,0.1647298026530727,0.9921773541883636,0.15391024196368552,0.6461565645062982,0.4209477151331582,0.3993225175702092,4.0139030065745676,4.425723138501934,0.16441752139766536,0.9941006390839591,0.17603384507035924,0.261886711127973,0.39386849618703407,0.7011183022857694,wang,0.2,1.0,0.0,12.0
Subj07,walk_18,0.5,80.8,5976,0.0,0.5400000000000045,0.9394604113834331,True,11.550390062814847,1.768919156532697,2.6048129120780446,1.2789954482594126,1.5763832958530155,0.16408447381181346,0.9879426297316123,0.1191396586958225,0.8494961254074617,0.38324874843199747,0.15199172342794512,1.451917806636163,1.5506570378360915,0.15707725435180486,0.9883929422774533,0.12124319305326037,0.8964729896895302,0.19521761913001268,0.6219786482976278,2.5774043091671297,3.333686024716382,0.1647298026530727,0.9921773541883636,0.15391024196368552,0.6461565645062982,0.4209477151331582,0.3993225175702092,4.0139030065745676,4.425723138501934,0.16441752139766536,0.9941006390839591,0.17603384507035924,0.261886711127973,0.39386849618703407,0.7011183022857694,wang,0.4,0.5,0.0,12.0
Subj07,walk_18,0.5,80.8,5976,0.0,0.5400000000000045,0.9394604113834331,True,11.550390062814847,1.768919156532697,2.6048129120780446,1.517663480978153,1.9721572693643146,0.16419840937680855,0.9858303114667102,0.11161883411669415,0.8649545106819079,0.37665800046022274,-0.034137062865012696,1.4516582002079987,1.8649528792497392,0.16225778563019166,0.9861775382445649,0.11778145961423755,0.9320643899707325,0.19193046437547256,0.6418247093385884,2.5774043091671297,3.333686024716382,0.1647298026530727,0.9921773541883636,0.15391024196368552,0.6461565645062982,0.4209477151331582,0.3993225175702092,4.0139030065745676,4.425723138501934,0.16441752139766536,0.9941006390839591,0.17603384507035924,0.261886711127973,0.39386849618703407,0.7011183022857694,wang,0.2,2.0,0.0,12.0
Subj07,walk_18,0.5,80.8,5976,0.0,0.5400000000000045,0.9394604113834331,True,11.550390062814847,1.768919156532697,2.6048129120780446,1.3111531961857923,1.668554262956468,0.16416040841536683,0.9873405963934522,0.11899742457451931,0.8642586431873862,0.3877306031492187,0.05533856641192379,1.512075201441813,1.7210149818862563,0.15706270274097905,0.9878034250822536,0.12096604085144198,0.9067542592093479,0.19702154685524803,0.593029486207911,2.5774043091671297,3.333686024716382,0.1647298026530727,0.9921773541883636,0.15391024196368552,0.6461565645062982,0.4209477151331582,0.3993225175702092,4.0139030065745676,4.425723138501934,0.16441752139766536,0.9941006390839591,0.17603384507035924,0.261886711127973,0.39386849618703407,0.7011183022857694,wang,0.3,0.5,2.0,5.0
Subj07,walk_18,0.5,80.8,5976,0.0,0.5400000000000045,0.9394604113834331,True,11.550390062814847,1.768919156532697,2.6048129120780446,1.1710401482991983,1.4722741158016082,0.163868452941856,0.9880474439032777,0.11640842729308926,0.8589621865675865,0.38123026817525,0.14088761831653093,1.4148291214465545,1.5581553650284412,0.1566934444349943,0.9885759978971372,0.1203182214956386,0.8987180797943377,0.19138807973595012,0.6384172005298873,2.5774043091671297,3.333686024716382,0.1647298026530727,0.9921773541883636,0.15391024196368552,0.6461565645062982,0.4209477151331582,0.3993225175702092,4.0139030065745676,4.425723138501934,0.16441752139766536,0.9941006390839591,0.17603384507035924,0.261886711127973,0.39386849618703407,0.7011183022857694,wang,0.4,0.5,2.0,5.0
Subj07,walk_18,0.5,80.8,5976,0.0,0.5400000000000045,0.9394604113834331,True,11.550390062814847,1.768919156532697,2.6048129120780446,1.3968807374178698,1.7610975297433955,0.16430211919916307,0.9872255390027161,0.12142105345825818,0.8570081170806011,0.3895672852592158,0.05821342062419396,1.5543243220230043,1.7396470719323547,0.15728675731969796,0.9876628334023726,0.12190503742477052,0.9047889521693426,0.2001448273359387,0.5787446339086448,2.5774043091671297,3.333686024716382,0.1647298026530727,0.9921773541883636,0.15391024196368552,0.6461565645062982,0.4209477151331582,0.3993225175702092,4.0139030065745676,4.425723138501934,0.16441752139766536,0.9941006390839591,0.17603384507035924,0.261886711127973,0.39386849618703407,0.7011183022857694,wang,0.3,0.5,2.0,8.0
Subj07,walk_18,0.5,80.8,5976,0.0,0.5400000000000045,0.9394604113834331,True,11.550390062814847,1.768919156532697,2.6048129120780446,1.250460969824307,1.5511403373077601,0.164000801935718,0.9879516694953879,0.1184410133791745,0.8524388573479574,0.3826906023208091,0.14577353172000074,1.4538281564634288,1.5672874144374058,0.1569144733814212,0.9884591772387842,0.12106827732819142,0.8969015693636025,0.1942267832108558,0.6268971545983159,2.5774043091671297,3.333686024716382,0.1647298026530727,0.9921773541883636,0.15391024196368552,0.6461565645062982,0.4209477151331582,0.3993225175702092,4.0139030065745676,4.425723138501934,0.16441752139766536,0.9941006390839591,0.17603384507035924,0.261886711127973,0.39386849618703407,0.7011183022857694,wang,0.4,0.5,2.0,8.0
Subj07,walk_27,0.75,80.8,5908,0.0,0.5480000000000045,0.9292194592000785,True,11.337958463309253,2.5359070367844088,3.489490587020574,1.8549865285306495,2.496237446837513,0.1696840842595705,0.9862330131349214,0.14027801270041423,0.8987463281737232,0.4252648926963568,0.27032412343603535,1.7138602185408933,2.2878618528762913,0.14473199367454898,0.9911029404192595,0.14003737574722364,0.9155582957553174,0.23449554944726939,0.6336618671756082,4.23235682144343,5.817941900290247,0.17328460182546682,0.9908411998685511,0.21402676960859077,0.6341171012656779,0.5263741678360345,0.5403810075105082,5.975499515257086,7.009645424225678,0.17672750504293872,0.9926886809982445,0.24661239225397646,0.11403337489782536,0.5025205011108601,0.8059822316513223,wang,0.3,1.0,0.0,12.0
Subj07,walk_27,0.75,80.8,5908,0.0,0.5480000000000045,0.9292194592000785,True,11.337958463309253,2.5359070367844088,3.489490587020574,1.7849566785006348,2.4447141719477337,0.16883695537645974,0.9861505263948782,0.12903911470265517,0.8997342125546468,0.4045425506402748,0.3205236152289527,1.588768876575092,2.161269523907138,0.14675940990868896,0.9911967671546228,0.13016501058364946,0.9239629072278742,0.2082610418208791,0.7220857078869524,4.23235682144343,5.817941900290247,0.17328460182546682,0.9908411998685511,0.21402676960859077,0.6341171012656779,0.5263741678360345,0.5403810075105082,5.975499515257086,7.009645424225678,0.17672750504293872,0.9926886809982445,0.24661239225397646,0.11403337489782536,0.5025205011108601,0.8059822316513223,wang,0.3,2.0,0.0,12.0
Subj07,walk_27,0.75,80.8,5908,0.0,0.5480000000000045,0.9292194592000785,True,11.337958463309253,2.5359070367844088,3.489490587020574,1.7085937768703736,2.2754030533291254,0.1693935722219758,0.9872141367472264,0.13657185837433208,0.8922130262988315,0.4158309677656077,0.3614228423027217,1.5611054252275038,2.058054260551933,0.14462502713933714,0.9918462328565454,0.13942054785202526,0.9033669615510097,0.22864641428379637,0.6812052978320786,4.23235682144343,5.817941900290247,0.17328460182546682,0.9908411998685511,0.21402676960859077,0.6341171012656779,0.5263741678360345,0.5403810075105082,5.975499515257086,7.009645424225678,0.17672750504293872,0.9926886809982445,0.24661239225397646,0.11403337489782536,0.5025205011108601,0.8059822316513223,wang,0.4,1.0,0.0,12.0
Subj07,walk_27,0.75,80.8,5908,0.0,0.5480000000000045,0.9292194592000785,True,11.337958463309253,2.5359070367844088,3.489490587020574,1.9716656758337494,2.5895424509384823,0.17050046607814343,0.9861829816336597,0.15041688080103116,0.8964991855854665,0.4440417538606925,0.2269825853035889,1.972088559781383,2.5257984995581064,0.14283628602347542,0.9909209753467109,0.15057316797073858,0.9063484448653722,0.25985775847713743,0.5632842252877079,4.23235682144343,5.817941900290247,0.17328460182546682,0.9908411998685511,0.21402676960859077,0.6341171012656779,0.5263741678360345,0.5403810075105082,5.975499515257086,7.009645424225678,0.17672750504293872,0.9926886809982445,0.24661239225397646,0.11403337489782536,0.5025205011108601,0.8059822316513223,wang,0.3,0.5,0.0,12.0
Subj07,walk_27,0.75,80.8,5908,0.0,0.5480000000000045,0.9292194592000785,True,11.337958463309253,2.5359070367844088,3.489490587020574,2.222481294946632,2.9530629297704314,0.17101833490573057,0.9850022923026169,0.15658130451806873,0.898878310576284,0.45707063878184123,0.10807778625264686,2.201105384370609,2.867075874959155,0.1430821249166736,0.9899822590378291,0.152971132000015,0.914891168476727,0.2689998412370216,0.49032216463026385,4.23235682144343,5.817941900290247,0.17328460182546682,0.9908411998685511,0.21402676960859077,0.6341171012656779,0.5263741678360345,0.5403810075105082,5.975499515257086,7.009645424225678,0.17672750504293872,0.9926886809982445,0.24661239225397646,0.11403337489782536,0.5025205011108601,0.8059822316513223,wang,0.2,0.5,0.0,12.0
Subj07,walk_27,0.75,80.8,5908,0.0,0.5480000000000045,0.9292194592000785,True,11.337958463309253,2.5359070367844088,3.489490587020574,1.6699088458320803,2.2516353042779884,0.16862041617006923,0.987159886951266,0.12553953536820034,0.892397084892424,0.3950248383704832,0.41345389051940773,1.440406811451541,1.9287013295997693,0.1466319610834796,0.9919595500373481,0.12926593194147876,0.9109517688463903,0.20105713340171524,0.7613180390173276,4.23235682144343,5.817941900290247,0.17328460182546682,0.9908411998685511,0.21402676960859077,0.6341171012656779,0.5263741678360345,0.5403810075105082,5.975499515257086,7.009645424225678,0.17672750504293872,0.9926886809982445,0.24661239225397646,0.11403337489782536,0.5025205011108601,0.8059822316513223,wang,0.4,2.0,0.0,12.0
Subj07,walk_27,0.75,80.8,5908,0.0,0.5480000000000045,0.9292194592000785,True,11.337958463309253,2.5359070367844088,3.489490587020574,2.0981660420049653,2.8487957816569556,0.17013145722102102,0.9850162745336735,0.14663072479708358,0.9012950079954934,0.4387452649544533,0.14274999146062048,1.9703421165099322,2.656992091124904,0.14499833308703336,0.990134349190466,0.1430100041490604,0.9242242550854691,0.24548841209845068,0.5614986792300465,4.23235682144343,5.817941900290247,0.17328460182546682,0.9908411998685511,0.21402676960859077,0.6341171012656779,0.5263741678360345,0.5403810075105082,5.975499515257086,7.009645424225678,0.17672750504293872,0.9926886809982445,0.24661239225397646,0.11403337489782536,0.5025205011108601,0.8059822316513223,wang,0.2,1.0,0.0,12.0
Subj07,walk_27,0.75,80.8,5908,0.0,0.5480000000000045,0.9292194592000785,True,11.337958463309253,2.5359070367844088,3.489490587020574,1.810858655386314,2.3551696180338646,0.1701462419927207,0.9871321948901287,0.14671755324537777,0.8904782124114363,0.43486190315723466,0.3144349870142275,1.834952930506985,2.3173052204744464,0.1427524347038844,0.9916353925242166,0.15027695967223278,0.894917975379191,0.25524616061008554,0.6137512026360284,4.23235682144343,5.817941900290247,0.17328460182546682,0.9908411998685511,0.21402676960859077,0.6341171012656779,0.5263741678360345,0.5403810075105082,5.975499515257086,7.009645424225678,0.17672750504293872,0.9926886809982445,0.24661239225397646,0.11403337489782536,0.5025205011108601,0.8059822316513223,wang,0.4,0.5,0.0,12.0
Subj07,walk_27,0.75,80.8,5908,0.0,0.5480000000000045,0.9292194592000785,True,11.337958463309253,2.5359070367844088,3.489490587020574,2.004095485872184,2.7711577329797583,0.1692028562234579,0.9849012271599105,0.1354137873048154,0.9026263503545888,0.41833662223020895,0.18540219213339917,1.8517290472197512,2.537108962231895,0.14704424766216673,0.9902086186659905,0.13370956927182656,0.9325430886203239,0.22137058733520243,0.6582224764215313,4.23235682144343,5.817941900290247,0.17328460182546682,0.9908411998685511,0.21402676960859077,0.6341171012656779,0.5263741678360345,0.5403810075105082,5.975499515257086,7.009645424225678,0.17672750504293872,0.9926886809982445,0.24661239225397646,0.11403337489782536,0.5025205011108601,0.8059822316513223,wang,0.2,2.0,0.0,12.0
Subj07,walk_27,0.75,80.8,5908,0.0,0.5480000000000045,0.9292194592000785,True,11.337958463309253,2.5359070367844088,3.489490587020574,1.7301832454719601,2.313792319311782,0.1702305483256703,0.9866335022946625,0.14260718559125266,0.9181029324536596,0.439350404871777,0.24618888025198807,1.8688515506247503,2.3961817223333037,0.14286155364595113,0.9911933242139849,0.14528728429767795,0.9151412429210452,0.24791561974274276,0.6030771846562121,4.23235682144343,5.817941900290247,0.17328460182546682,0.9908411998685511,0.21402676960859077,0.6341171012656779,0.5263741678360345,0.5403810075105082,5.975499515257086,7.009645424225678,0.17672750504293872,0.9926886809982445,0.24661239225397646,0.11403337489782536,0.5025205011108601,0.8059822316513223,wang,0.3,0.5,2.0,5.0
Subj07,walk_27,0.75,80.8,5908,0.0,0.5480000000000045,0.9292194592000785,True,11.337958463309253,2.5359070367844088,3.489490587020574,1.595486003437606,2.136138634675972,0.1698871122829492,0.9875332376634253,0.13982129274206273,0.9103544236134296,0.430770043212169,0.3271928179739916,1.750134770841894,2.224733082136708,0.14272356195464192,0.9918742915218867,0.14536120814741493,0.9032163980189497,0.24342792827646836,0.6478148288097015,4.23235682144343,5.817941900290247,0.17328460182546682,0.9908411998685511,0.21402676960859077,0.6341171012656779,0.5263741678360345,0.5403810075105082,5.975499515257086,7.009645424225678,0.17672750504293872,0.9926886809982445,0.24661239225397646,0.11403337489782536,0.5025205011108601,0.8059822316513223,wang,0.4,0.5,2.0,5.0
Subj07,walk_27,0.75,80.8,5908,0.0,0.5480000000000045,0.9292194592000785,True,11.337958463309253,2.5359070367844088,3.489490587020574,1.8938821409674385,2.509819835311014,0.17031859321264944,0.9862920839907052,0.14830327449001737,0.9028255224915677,0.4423072470425722,0.2278586920889425,1.9600274271803513,2.5143878222308453,0.14269052676207464,0.9910326935237858,0.1492843530582285,0.9086864606447241,0.25686093850635666,0.5732374046279748,4.23235682144343,5.817941900290247,0.17328460182546682,0.9908411998685511,0.21402676960859077,0.6341171012656779,0.5263741678360345,0.5403810075105082,5.975499515257086,7.009645424225678,0.17672750504293872,0.9926886809982445,0.24661239225397646,0.11403337489782536,0.5025205011108601,0.8059822316513223,wang,0.3,0.5,2.0,8.0
Subj07,walk_27,0.75,80.8,5908,0.0,0.5480000000000045,0.9292194592000785,True,11.337958463309253,2.5359070367844088,3.489490587020574,1.7346817686980753,2.2832763424103506,0.1699589855528392,0.9872355371651127,0.1447293794658012,0.8966553379714695,0.43312806109944474,0.3150057906568156,1.827079812888386,2.3136923275437726,0.1425895592046083,0.9917394081852969,0.1490223474987281,0.8972764399350666,0.25218866777225346,0.6224411355632744,4.23235682144343,5.817941900290247,0.17328460182546682,0.9908411998685511,0.21402676960859077,0.6341171012656779,0.5263741678360345,0.5403810075105082,5.975499515257086,7.009645424225678,0.17672750504293872,0.9926886809982445,0.24661239225397646,0.11403337489782536,0.5025205011108601,0.8059822316513223,wang,0.4,0.5,2.0,8.0
Subj07,walk_36,1.0,80.8,5918,0.0,0.548000000000004,0.9263203784068393,True,11.515842495657173,3.4869362102371193,4.089273238714896,2.1769522350649733,2.877878316499106,0.1846480454887597,0.9793602476588295,0.1955657130838814,0.9076310637538956,0.4540850296519761,0.5669397673965051,1.9351629569599098,2.470249801138503,0.14982850511439316,0.9877174002473936,0.1848145665241199,0.9158575573240252,0.2885557707350685,0.7261217318368168,5.483798278863406,7.570822928287858,0.18994995428231584,0.9865964876484845,0.29836730726247473,0.6893324167522424,0.6185862826290714,0.7283445079543306,7.477472849161249,9.079495385648741,0.19665516222943985,0.990654483374428,0.3258748121898377,0.3104029998278418,0.6221296765671461,0.8836016891088105,wang,0.3,1.0,0.0,12.0
Subj07,walk_36,1.0,80.8,5918,0.0,0.548000000000004,0.9263203784068393,True,11.515842495657173,3.4869362102371193,4.089273238714896,2.1435000562089668,2.9358110121625747,0.18351224249369785,0.9791954204793862,0.18196097064717362,0.9089755970929198,0.42874238945315013,0.6077006917889535,1.8970531258963257,2.495618030738021,0.1514552485196371,0.987999688498796,0.17198025553213597,0.9204369529892803,0.25637163739935886,0.7931573619300143,5.483798278863406,7.570822928287858,0.18994995428231584,0.9865964876484845,0.29836730726247473,0.6893324167522424,0.6185862826290714,0.7283445079543306,7.477472849161249,9.079495385648741,0.19665516222943985,0.990654483374428,0.3258748121898377,0.3104029998278418,0.6221296765671461,0.8836016891088105,wang,0.3,2.0,0.0,12.0
Subj07,walk_36,1.0,80.8,5918,0.0,0.548000000000004,0.9263203784068393,True,11.515842495657173,3.4869362102371193,4.089273238714896,2.025058617554378,2.618126895795461,0.1842476210938576,0.9808825788937213,0.19330386713535322,0.9036907000573545,0.4451639167800528,0.6257776174394457,1.7332681245623678,2.144074474499542,0.1499110385937699,0.9886514857061667,0.18628015264448572,0.9061000813858708,0.2843698184365356,0.760423050942316,5.483798278863406,7.570822928287858,0.18994995428231584,0.9865964876484845,0.29836730726247473,0.6893324167522424,0.6185862826290714,0.7283445079543306,7.477472849161249,9.079495385648741,0.19665516222943985,0.990654483374428,0.3258748121898377,0.3104029998278418,0.6221296765671461,0.8836016891088105,wang,0.4,1.0,0.0,12.0
Subj07,walk_36,1.0,80.8,5918,0.0,0.548000000000004,0.9263203784068393,True,11.515842495657173,3.4869362102371193,4.089273238714896,2.2921580312100867,2.904749821005097,0.18575628116706827,0.9793395510569055,0.20768054073110617,0.904751746358405,0.4770259683491294,0.5308906210746712,2.1618836573873477,2.6548576627831193,0.14841923922466807,0.9873514454970991,0.19762454111969205,0.9109931141074012,0.31883416220240873,0.6698815165576596,5.483798278863406,7.570822928287858,0.18994995428231584,0.9865964876484845,0.29836730726247473,0.6893324167522424,0.6185862826290714,0.7283445079543306,7.477472849161249,9.079495385648741,0.19665516222943985,0.990654483374428,0.3258748121898377,0.3104029998278418,0.6221296765671461,0.8836016891088105,wang,0.3,0.5,0.0,12.0
Subj07,walk_36,1.0,80.8,5918,0.0,0.548000000000004,0.9263203784068393,True,11.515842495657173,3.4869362102371193,4.089273238714896,2.57859618830657,3.359573025688034,0.18651880157485276,0.9774946180703716,0.21263544298216616,0.9039285456026858,0.4908454274393634,0.44505415502819345,2.4780733080502944,3.146045646356598,0.14856005870541483,0.9861594940204959,0.1981422417879013,0.9165439838596806,0.3273700609002931,0.6144338421994885,5.483798278863406,7.570822928287858,0.18994995428231584,0.9865964876484845,0.29836730726247473,0.6893324167522424,0.6185862826290714,0.7283445079543306,7.477472849161249,9.079495385648741,0.19665516222943985,0.990654483374428,0.3258748121898377,0.3104029998278418,0.6221296765671461,0.8836016891088105,wang,0.2,0.5,0.0,12.0
Subj07,walk_36,1.0,80.8,5918,0.0,0.548000000000004,0.9263203784068393,True,11.515842495657173,3.4869362102371193,4.089273238714896,2.01994347810255,2.7066195910258424,0.18320868565562493,0.9807600770000093,0.1798366181921716,0.9044206012980514,0.41968715368474324,0.6644147528105843,1.7071401037008278,2.176441450994802,0.15151014296206658,0.9889877866483778,0.17312511644238232,0.9095148329822244,0.2506354965744009,0.8207883053768555,5.483798278863406,7.570822928287858,0.18994995428231584,0.9865964876484845,0.29836730726247473,0.6893324167522424,0.6185862826290714,0.7283445079543306,7.477472849161249,9.079495385648741,0.19665516222943985,0.990654483374428,0.3258748121898377,0.3104029998278418,0.6221296765671461,0.8836016891088105,wang,0.4,2.0,0.0,12.0
Subj07,walk_36,1.0,80.8,5918,0.0,0.548000000000004,0.9263203784068393,True,11.515842495657173,3.4869362102371193,4.089273238714896,2.4614085414350235,3.3231427338087136,0.18530564972833966,0.9774738763449489,0.20071653445446294,0.9067542697706261,0.468442994349842,0.47934871818308844,2.282777881333096,2.9992729405351053,0.14998582250780962,0.9864661003004653,0.1859514022138157,0.9216558150394921,0.29923924811965574,0.6741709904937999,5.483798278863406,7.570822928287858,0.18994995428231584,0.9865964876484845,0.29836730726247473,0.6893324167522424,0.6185862826290714,0.7283445079543306,7.477472849161249,9.079495385648741,0.19665516222943985,0.990654483374428,0.3258748121898377,0.3104029998278418,0.6221296765671461,0.8836016891088105,wang,0.2,1.0,0.0,12.0
Subj07,walk_36,1.0,80.8,5918,0.0,0.548000000000004,0.9263203784068393,True,11.515842495657173,3.4869362102371193,4.089273238714896,2.1297724601179886,2.634287449621871,0.18526029629860863,0.9808211903762311,0.20540726096801035,0.9012098932266605,0.46832282370680467,0.5901868381858731,1.9790025393973527,2.363145031504788,0.14852535742374712,0.98822739241601,0.19941894193242415,0.9021198213017618,0.3160054456631585,0.7077736729004137,5.483798278863406,7.570822928287858,0.18994995428231584,0.9865964876484845,0.29836730726247473,0.6893324167522424,0.6185862826290714,0.7283445079543306,7.477472849161249,9.079495385648741,0.19665516222943985,0.990654483374428,0.3258748121898377,0.3104029998278418,0.6221296765671461,0.8836016891088105,wang,0.4,0.5,0.0,12.0
Subj07,walk_36,1.0,80.8,5918,0.0,0.548000000000004,0.9263203784068393,True,11.515842495657173,3.4869362102371193,4.089273238714896,2.4063531535434155,3.3483100950307767,0.18406368445535173,0.97726577114843,0.1872244332197511,0.908147007963985,0.4436156398973435,0.5203573918346192,2.2409650458890096,3.0158806834108502,0.15163381525660108,0.9866940990689048,0.17377512068178455,0.9264785970480345,0.2695974498877768,0.7492939255220391,5.483798278863406,7.570822928287858,0.18994995428231584,0.9865964876484845,0.29836730726247473,0.6893324167522424,0.6185862826290714,0.7283445079543306,7.477472849161249,9.079495385648741,0.19665516222943985,0.990654483374428,0.3258748121898377,0.3104029998278418,0.6221296765671461,0.8836016891088105,wang,0.2,2.0,0.0,12.0
Subj07,walk_36,1.0,80.8,5918,0.0,0.548000000000004,0.9263203784068393,True,11.515842495657173,3.4869362102371193,4.089273238714896,1.9061189229089153,2.489857297067374,0.18512962926898868,0.9802188966506266,0.19614854423237577,0.9296785534105176,0.4641381274854165,0.571472026915601,2.0146237030505234,2.4407957561064144,0.1487421899917924,0.9879258736606225,0.1905470118749287,0.9252904745255554,0.3053136936596571,0.7077905335413045,5.483798278863406,7.570822928287858,0.18994995428231584,0.9865964876484845,0.29836730726247473,0.6893324167522424,0.6185862826290714,0.7283445079543306,7.477472849161249,9.079495385648741,0.19665516222943985,0.990654483374428,0.3258748121898377,0.3104029998278418,0.6221296765671461,0.8836016891088105,wang,0.3,0.5,2.0,5.0
Subj07,walk_36,1.0,80.8,5918,0.0,0.548000000000004,0.9263203784068393,True,11.515842495657173,3.4869362102371193,4.089273238714896,1.8153509611681422,2.372542029902663,0.18466586406028884,0.9816286265151348,0.19537540882304077,0.9224952856390227,0.45678408799004,0.6221250304629092,1.893257174484505,2.2833156555573915,0.14876768348273794,0.9887632400021679,0.19317816242290814,0.9140961323816034,0.3034350983672878,0.7390113553018354,5.483798278863406,7.570822928287858,0.18994995428231584,0.9865964876484845,0.29836730726247473,0.6893324167522424,0.6185862826290714,0.7283445079543306,7.477472849161249,9.079495385648741,0.19665516222943985,0.990654483374428,0.3258748121898377,0.3104029998278418,0.6221296765671461,0.8836016891088105,wang,0.4,0.5,2.0,5.0
Subj07,walk_36,1.0,80.8,5918,0.0,0.548000000000004,0.9263203784068393,True,11.515842495657173,3.4869362102371193,4.089273238714896,2.1408902034126607,2.7509093547673413,0.1854192170805583,0.9795960482760855,0.2039091010103282,0.9133635533780874,0.4721076226518431,0.5416860897336053,2.1285917708651914,2.6090210418019275,0.14830919306853155,0.9875639487538634,0.1956221165450357,0.9152712110807861,0.31509126739870735,0.6793478892523148,5.483798278863406,7.570822928287858,0.18994995428231584,0.9865964876484845,0.29836730726247473,0.6893324167522424,0.6185862826290714,0.7283445079543306,7.477472849161249,9.079495385648741,0.19665516222943985,0.990654483374428,0.3258748121898377,0.3104029998278418,0.6221296765671461,0.8836016891088105,wang,0.3,0.5,2.0,8.0
Subj07,walk_36,1.0,80.8,5918,0.0,0.548000000000004,0.9263203784068393,True,11.515842495657173,3.4869362102371193,4.089273238714896,1.9886612794104486,2.5078049636018953,0.18491401552374404,0.981073889690435,0.20192100793223625,0.9090493829343766,0.46353679773547285,0.5993852562351105,1.9591462112751914,2.3454909185744426,0.14838528801428366,0.9884351966222805,0.19758507901533698,0.9058395726583981,0.3124093749841995,0.7156494513039475,5.483798278863406,7.570822928287858,0.18994995428231584,0.9865964876484845,0.29836730726247473,0.6893324167522424,0.6185862826290714,0.7283445079543306,7.477472849161249,9.079495385648741,0.19665516222943985,0.990654483374428,0.3258748121898377,0.3104029998278418,0.6221296765671461,0.8836016891088105,wang,0.4,0.5,2.0,8.0
Subj07,walk_45,1.25,80.8,6028,0.0,0.556000000000004,0.9076248776518545,True,10.898662497969868,5.141663745271963,5.4187107140219135,2.7163222913689298,3.407376849584729,0.18879528512036006,0.9751022615014899,0.3160431562875619,0.8673021343149409,0.5967297167668101,0.5941174198379242,2.3542763196411367,2.8039265246573453,0.14233391271804613,0.9848352808984377,0.24945471509584397,0.8981624378678413,0.371702336057755,0.7512071722929414,6.926719565921002,9.360796483174079,0.20649092100536387,0.9752886998974449,0.44957633932664803,0.7085661886790596,0.8302731590442546,0.7432067878498507,9.257731786910215,11.36348584322424,0.21330974793260846,0.9860875337425129,0.46918085620552513,0.3588303947239053,0.8384761116901445,0.8926706162588618,wang,0.3,1.0,0.0,12.0
Subj07,walk_45,1.25,80.8,6028,0.0,0.556000000000004,0.9076248776518545,True,10.898662497969868,5.141663745271963,5.4187107140219135,2.548036289819281,3.3882851754367933,0.18582671507667828,0.9753316354779888,0.29300767848292136,0.8716430024387952,0.5532312735658661,0.6386266707737988,2.2546092405734206,2.9079897282334355,0.14276456960148476,0.985738662220952,0.22992335182676224,0.9047505714973538,0.3265777654822329,0.810928134463861,6.926719565921002,9.360796483174079,0.20649092100536387,0.9752886998974449,0.44957633932664803,0.7085661886790596,0.8302731590442546,0.7432067878498507,9.257731786910215,11.36348584322424,0.21330974793260846,0.9860875337425129,0.46918085620552513,0.3588303947239053,0.8384761116901445,0.8926706162588618,wang,0.3,2.0,0.0,12.0
Subj07,walk_45,1.25,80.8,6028,0.0,0.556000000000004,0.9076248776518545,True,10.898662497969868,5.141663745271963,5.4187107140219135,2.5277024008173643,3.0424510255395645,0.18870982456638144,0.9767051934895914,0.31659074590112846,0.8618943487985787,0.5911221528100966,0.6429639808260352,2.0519796703635564,2.2997073189407793,0.1427757026463349,0.9857029618859686,0.2544476997103185,0.8869417136411673,0.37222446341950877,0.7794923278680304,6.926719565921002,9.360796483174079,0.20649092100536387,0.9752886998974449,0.44957633932664803,0.7085661886790596,0.8302731590442546,0.7432067878498507,9.257731786910215,11.36348584322424,0.21330974793260846,0.9860875337425129,0.46918085620552513,0.3588303947239053,0.8384761116901445,0.8926706162588618,wang,0.4,1.0,0.0,12.0
Subj07,walk_45,1.25,80.8,6028,0.0,0.556000000000004,0.9076248776518545,True,10.898662497969868,5.141663745271963,5.4187107140219135,3.0202537682274624,3.577940648655952,0.19160769386440551,0.9746376881262736,0.33616433749340785,0.8619340307697166,0.6355218300259122,0.5571678521737092,2.6861763625093653,2.995426638251359,0.1422079056694748,0.983870246445877,0.267946954546654,0.8927418664008371,0.4131393473473624,0.7011113564313175,6.926719565921002,9.360796483174079,0.20649092100536387,0.9752886998974449,0.44957633932664803,0.7085661886790596,0.8302731590442546,0.7432067878498507,9.257731786910215,11.36348584322424,0.21330974793260846,0.9860875337425129,0.46918085620552513,0.3588303947239053,0.8384761116901445,0.8926706162588618,wang,0.3,0.5,0.0,12.0
Subj07,walk_45,1.25,80.8,6028,0.0,0.556000000000004,0.9076248776518545,True,10.898662497969868,5.141663745271963,5.4187107140219135,3.350075801783911,4.167781819572104,0.1921796938714992,0.9726960240715767,0.33827970556537545,0.8628213146770312,0.6469330843729759,0.4877776381265622,3.107495932637926,3.6860611874715126,0.14204948261583814,0.9827695136212358,0.26473285676297154,0.8999764830446323,0.41727037076299844,0.6565270049926879,6.926719565921002,9.360796483174079,0.20649092100536387,0.9752886998974449,0.44957633932664803,0.7085661886790596,0.8302731590442546,0.7432067878498507,9.257731786910215,11.36348584322424,0.21330974793260846,0.9860875337425129,0.46918085620552513,0.3588303947239053,0.8384761116901445,0.8926706162588618,wang,0.2,0.5,0.0,12.0
Subj07,walk_45,1.25,80.8,6028,0.0,0.556000000000004,0.9076248776518545,True,10.898662497969868,5.141663745271963,5.4187107140219135,2.370744704578648,3.041301660428441,0.18583697154313547,0.9770626300016538,0.29410257019020386,0.8647208804761651,0.5479714385767366,0.6852372404873311,1.9388135648524143,2.382184101593104,0.14306723892872014,0.986777074962281,0.23455222544598192,0.891818085209192,0.325224401381674,0.834197958612369,6.926719565921002,9.360796483174079,0.20649092100536387,0.9752886998974449,0.44957633932664803,0.7085661886790596,0.8302731590442546,0.7432067878498507,9.257731786910215,11.36348584322424,0.21330974793260846,0.9860875337425129,0.46918085620552513,0.3588303947239053,0.8384761116901445,0.8926706162588618,wang,0.4,2.0,0.0,12.0
Subj07,walk_45,1.25,80.8,6028,0.0,0.556000000000004,0.9076248776518545,True,10.898662497969868,5.141663745271963,5.4187107140219135,3.0711689227416508,4.015925682582211,0.18925374979687057,0.9730508945627131,0.3179248804499154,0.8689635889153645,0.6082390728119232,0.5234881983036286,2.8438453213344514,3.5790961866740973,0.14230670087987493,0.9835644898254805,0.24703598510567293,0.9059466218986518,0.37865397723006755,0.7092255395963782,6.926719565921002,9.360796483174079,0.20649092100536387,0.9752886998974449,0.44957633932664803,0.7085661886790596,0.8302731590442546,0.7432067878498507,9.257731786910215,11.36348584322424,0.21330974793260846,0.9860875337425129,0.46918085620552513,0.3588303947239053,0.8384761116901445,0.8926706162588618,wang,0.2,1.0,0.0,12.0
Subj07,walk_45,1.25,80.8,6028,0.0,0.556000000000004,0.9076248776518545,True,10.898662497969868,5.141663745271963,5.4187107140219135,2.838747856031334,3.224451635449083,0.19140822676709723,0.9761388481268511,0.3362904663228536,0.8577335268079319,0.6295496935272242,0.6065826279451128,2.437110221139137,2.5837460514687165,0.14276903540842933,0.9845838152711766,0.2733252467867913,0.8827425168983529,0.41529360330037024,0.7320175569791625,6.926719565921002,9.360796483174079,0.20649092100536387,0.9752886998974449,0.44957633932664803,0.7085661886790596,0.8302731590442546,0.7432067878498507,9.257731786910215,11.36348584322424,0.21330974793260846,0.9860875337425129,0.46918085620552513,0.3588303947239053,0.8384761116901445,0.8926706162588618,wang,0.4,0.5,0.0,12.0
Subj07,walk_45,1.25,80.8,6028,0.0,0.556000000000004,0.9076248776518545,True,10.898662497969868,5.141663745271963,5.4187107140219135,2.9079426028881565,3.981552183495892,0.18619405669245284,0.9731441917522987,0.2945666676541088,0.8742448609570321,0.5649699469591469,0.5687877031307765,2.768324366952384,3.694298057740526,0.14288799709481487,0.9842834666900524,0.2283574481353591,0.913273384809936,0.3369360458750517,0.775046260356356,6.926719565921002,9.360796483174079,0.20649092100536387,0.9752886998974449,0.44957633932664803,0.7085661886790596,0.8302731590442546,0.7432067878498507,9.257731786910215,11.36348584322424,0.21330974793260846,0.9860875337425129,0.46918085620552513,0.3588303947239053,0.8384761116901445,0.8926706162588618,wang,0.2,2.0,0.0,12.0
Subj07,walk_45,1.25,80.8,6028,0.0,0.556000000000004,0.9076248776518545,True,10.898662497969868,5.141663745271963,5.4187107140219135,2.3048026713482086,2.8097807078028123,0.19028538289513455,0.9766159604541859,0.31948933555163,0.8941256575773204,0.6082110390707856,0.6222103359395258,2.400932047904168,2.4741682628837354,0.14243181005032926,0.9846761949294188,0.2606865986702486,0.9100019927677772,0.40000992308330896,0.7351014657555457,6.926719565921002,9.360796483174079,0.20649092100536387,0.9752886998974449,0.44957633932664803,0.7085661886790596,0.8302731590442546,0.7432067878498507,9.257731786910215,11.36348584322424,0.21330974793260846,0.9860875337425129,0.46918085620552513,0.3588303947239053,0.8384761116901445,0.8926706162588618,wang,0.3,0.5,2.0,5.0
Subj07,walk_45,1.25,80.8,6028,0.0,0.556000000000004,0.9076248776518545,True,10.898662497969868,5.141663745271963,5.4187107140219135,2.230100458297846,2.6954814180456226,0.19013543202062028,0.9780835154871931,0.3211866969702936,0.8856513127204232,0.6037878983920143,0.6622543001956499,2.2617046682045525,2.338153033291237,0.14289640544638924,0.9853745025898684,0.26708527185372904,0.8969500719337501,0.4035943329392394,0.7597450971754054,6.926719565921002,9.360796483174079,0.20649092100536387,0.9752886998974449,0.44957633932664803,0.7085661886790596,0.8302731590442546,0.7432067878498507,9.257731786910215,11.36348584322424,0.21330974793260846,0.9860875337425129,0.46918085620552513,0.3588303947239053,0.8384761116901445,0.8926706162588618,wang,0.4,0.5,2.0,5.0
Subj07,walk_45,1.25,80.8,6028,0.0,0.556000000000004,0.9076248776518545,True,10.898662497969868,5.141663745271963,5.4187107140219135,2.7523956625755237,3.2795391639258593,0.19086909935120638,0.9753780110570582,0.32997436337168295,0.8737110494361554,0.6245183038465612,0.5766920115353206,2.606562164570017,2.8612937676408783,0.1420039153991253,0.9841652372136532,0.26554853828973124,0.898604422095911,0.40930368272919154,0.7090790935601541,6.926719565921002,9.360796483174079,0.20649092100536387,0.9752886998974449,0.44957633932664803,0.7085661886790596,0.8302731590442546,0.7432067878498507,9.257731786910215,11.36348584322424,0.21330974793260846,0.9860875337425129,0.46918085620552513,0.3588303947239053,0.8384761116901445,0.8926706162588618,wang,0.3,0.5,2.0,8.0
Subj07,walk_45,1.25,80.8,6028,0.0,0.556000000000004,0.9076248776518545,True,10.898662497969868,5.141663745271963,5.4187107140219135,2.5838188583579584,2.958904869124398,0.19063943611085818,0.9769036581324175,0.3303478162741576,0.8685368583941507,0.6184850163711835,0.624322793983417,2.383565429617936,2.509984739832447,0.142523945139454,0.9848816490666531,0.2712244484078814,0.8876427768172083,0.4118497419783805,0.7383328079771699,6.926719565921002,9.360796483174079,0.20649092100536387,0.9752886998974449,0.44957633932664803,0.7085661886790596,0.8302731590442546,0.7432067878498507,9.257731786910215,11.36348584322424,0.21330974793260846,0.9860875337425129,0.46918085620552513,0.3588303947239053,0.8384761116901445,0.8926706162588618,wang,0.4,0.5,2.0,8.0
Subj07,walk_54,1.5,80.8,6186,0.0,0.5400000000000045,0.9096241857798171,True,11.020044246454345,5.8442281424156,5.401952616206932,2.97464950725587,3.810643446294769,0.18735998470977086,0.9721509926209161,0.3510032673240474,0.8604674841205827,0.6691693902111597,0.6387010641728932,2.806767115007334,3.676708420618207,0.14818329893295154,0.9809820841097473,0.2826804897309073,0.8964907249541226,0.4085410621649428,0.8086855975479215,7.504942065657347,10.195300909453527,0.21614912045940982,0.963304674237439,0.5148147575275736,0.7105405232437185,0.9332274453968533,0.7725702116406559,10.603625426971254,13.075367222599947,0.22465087622419846,0.9774206916460023,0.5567686276994065,0.34178474300738815,0.9780063865795304,0.8976253412541292,wang,0.3,1.0,0.0,12.0
Subj07,walk_54,1.5,80.8,6186,0.0,0.5400000000000045,0.9096241857798171,True,11.020044246454345,5.8442281424156,5.401952616206932,2.8184223904690784,3.788136897355344,0.18343096433333056,0.9728371833451432,0.32495554468264665,0.8642651767317975,0.6186545237758677,0.6825677909711716,2.8209036492939945,3.96035374474667,0.1476357521134317,0.9820266592978002,0.2654754828812278,0.8982728032721472,0.36913144301039874,0.8520806535471808,7.504942065657347,10.195300909453527,0.21614912045940982,0.963304674237439,0.5148147575275736,0.7105405232437185,0.9332274453968533,0.7725702116406559,10.603625426971254,13.075367222599947,0.22465087622419846,0.9774206916460023,0.5567686276994065,0.34178474300738815,0.9780063865795304,0.8976253412541292,wang,0.3,2.0,0.0,12.0
Subj07,walk_54,1.5,80.8,6186,0.0,0.5400000000000045,0.9096241857798171,True,11.020044246454345,5.8442281424156,5.401952616206932,2.6769233520310363,3.2312236740115114,0.18758566938578178,0.9735206322134748,0.353421878736799,0.8532494111336164,0.663472380327721,0.6816697835119367,2.3443683053613955,2.9834689876889966,0.14920580578405837,0.9816452219192641,0.2896757735286262,0.8837189880844023,0.4099603518815845,0.8295609989322492,7.504942065657347,10.195300909453527,0.21614912045940982,0.963304674237439,0.5148147575275736,0.7105405232437185,0.9332274453968533,0.7725702116406559,10.603625426971254,13.075367222599947,0.22465087622419846,0.9774206916460023,0.5567686276994065,0.34178474300738815,0.9780063865795304,0.8976253412541292,wang,0.4,1.0,0.0,12.0
Subj07,walk_54,1.5,80.8,6186,0.0,0.5400000000000045,0.9096241857798171,True,11.020044246454345,5.8442281424156,5.401952616206932,3.2917997251418787,4.029934563993428,0.19105313328470114,0.9712677318500449,0.373584803533658,0.856146124827908,0.7135484978512949,0.6027169970625775,2.9911189043709503,3.5769212813285045,0.14887295660641464,0.9799598994005551,0.29879955688315557,0.8950109606332288,0.44490802203910434,0.7698479999727622,7.504942065657347,10.195300909453527,0.21614912045940982,0.963304674237439,0.5148147575275736,0.7105405232437185,0.9332274453968533,0.7725702116406559,10.603625426971254,13.075367222599947,0.22465087622419846,0.9774206916460023,0.5567686276994065,0.34178474300738815,0.9780063865795304,0.8976253412541292,wang,0.3,0.5,0.0,12.0
Subj07,walk_54,1.5,80.8,6186,0.0,0.5400000000000045,0.9096241857798171,True,11.020044246454345,5.8442281424156,5.401952616206932,3.750854780904592,4.850132869166924,0.19141150711439245,0.9695540416668719,0.3743216144383959,0.8589908929039289,0.7264677511330904,0.5402796825093714,3.608609047523579,4.539407906026396,0.1481641623125318,0.9790683507086189,0.29407278457157415,0.9037221918458311,0.4499980135334866,0.7352361718436708,7.504942065657347,10.195300909453527,0.21614912045940982,0.963304674237439,0.5148147575275736,0.7105405232437185,0.9332274453968533,0.7725702116406559,10.603625426971254,13.075367222599947,0.22465087622419846,0.9774206916460023,0.5567686276994065,0.34178474300738815,0.9780063865795304,0.8976253412541292,wang,0.2,0.5,0.0,12.0
Subj07,walk_54,1.5,80.8,6186,0.0,0.5400000000000045,0.9096241857798171,True,11.020044246454345,5.8442281424156,5.401952616206932,2.5312903650698657,3.2365372028020913,0.18373597860634341,0.9743665257656727,0.3282620958649617,0.855203591247185,0.6138151684623395,0.7222954798340738,2.383589471953571,3.3091768054831694,0.14846919334733738,0.9829178929510591,0.272393614372742,0.883571866990195,0.36930753146289236,0.868900158060896,7.504942065657347,10.195300909453527,0.21614912045940982,0.963304674237439,0.5148147575275736,0.7105405232437185,0.9332274453968533,0.7725702116406559,10.603625426971254,13.075367222599947,0.22465087622419846,0.9774206916460023,0.5567686276994065,0.34178474300738815,0.9780063865795304,0.8976253412541292,wang,0.4,2.0,0.0,12.0
Subj07,walk_54,1.5,80.8,6186,0.0,0.5400000000000045,0.9096241857798171,True,11.020044246454345,5.8442281424156,5.401952616206932,3.4722974570418823,4.664928376058711,0.187628487236205,0.9703099599266063,0.35127429013349426,0.8642507356726972,0.6818402757159803,0.5767050923515213,3.469007705961361,4.65355608785053,0.14766037496880044,0.9798739221976541,0.2785668050998878,0.905857384944136,0.41618414424116584,0.7772469778847401,7.504942065657347,10.195300909453527,0.21614912045940982,0.963304674237439,0.5148147575275736,0.7105405232437185,0.9332274453968533,0.7725702116406559,10.603625426971254,13.075367222599947,0.22465087622419846,0.9774206916460023,0.5567686276994065,0.34178474300738815,0.9780063865795304,0.8976253412541292,wang,0.2,1.0,0.0,12.0
Subj07,walk_54,1.5,80.8,6186,0.0,0.5400000000000045,0.9096241857798171,True,11.020044246454345,5.8442281424156,5.401952616206932,3.014363410393401,3.4804775870431293,0.1911799381419513,0.9725131466332037,0.375353143714766,0.850276923532074,0.7071250677807922,0.6471393477547207,2.5677497480854194,2.9064914910574604,0.15005917158318785,0.9804245476240995,0.30602711777430497,0.8834873434296999,0.4476995630008288,0.7933684171070347,7.504942065657347,10.195300909453527,0.21614912045940982,0.963304674237439,0.5148147575275736,0.7105405232437185,0.9332274453968533,0.7725702116406559,10.603625426971254,13.075367222599947,0.22465087622419846,0.9774206916460023,0.5567686276994065,0.34178474300738815,0.9780063865795304,0.8976253412541292,wang,0.4,0.5,0.0,12.0
Subj07,walk_54,1.5,80.8,6186,0.0,0.5400000000000045,0.9096241857798171,True,11.020044246454345,5.8442281424156,5.401952616206932,3.3225638629914975,4.619576965473693,0.18363810386565263,0.9708287081737338,0.32456966294857914,0.8693519912775706,0.6311154599992886,0.6233159770840131,3.470004533162709,4.893354913395364,0.147322596359098,0.9806754578505297,0.2618421245721665,0.9087994200708271,0.3794102806936381,0.8259896158101844,7.504942065657347,10.195300909453527,0.21614912045940982,0.963304674237439,0.5148147575275736,0.7105405232437185,0.9332274453968533,0.7725702116406559,10.603625426971254,13.075367222599947,0.22465087622419846,0.9774206916460023,0.5567686276994065,0.34178474300738815,0.9780063865795304,0.8976253412541292,wang,0.2,2.0,0.0,12.0
Subj07,walk_54,1.5,80.8,6186,0.0,0.5400000000000045,0.9096241857798171,True,11.020044246454345,5.8442281424156,5.401952616206932,2.3927672196309793,2.884650494542411,0.1896770799822868,0.9733023964130816,0.35328199799214627,0.8889090478922067,0.6778971941568508,0.676239952300409,2.7240960832705565,2.6826739703551996,0.15077382007612705,0.9798837509956253,0.30146614198585775,0.9016418842136569,0.4493694936548619,0.7921364043307937,7.504942065657347,10.195300909453527,0.21614912045940982,0.963304674237439,0.5148147575275736,0.7105405232437185,0.9332274453968533,0.7725702116406559,10.603625426971254,13.075367222599947,0.22465087622419846,0.9774206916460023,0.5567686276994065,0.34178474300738815,0.9780063865795304,0.8976253412541292,wang,0.3,0.5,2.0,5.0
Subj07,walk_54,1.5,80.8,6186,0.0,0.5400000000000045,0.9096241857798171,True,11.020044246454345,5.8442281424156,5.401952616206932,2.2947935860958175,2.7540308003370026,0.18989492600370475,0.9745831755092066,0.3572279939474604,0.878015540442157,0.6741625695420103,0.709626758432882,2.544645397460377,2.550007509985985,0.1518404081734084,0.9803697144565549,0.3101450156079818,0.8865118569423353,0.45529197664117277,0.8106487938482553,7.504942065657347,10.195300909453527,0.21614912045940982,0.963304674237439,0.5148147575275736,0.7105405232437185,0.9332274453968533,0.7725702116406559,10.603625426971254,13.075367222599947,0.22465087622419846,0.9774206916460023,0.5567686276994065,0.34178474300738815,0.9780063865795304,0.8976253412541292,wang,0.4,0.5,2.0,5.0
Subj07,walk_54,1.5,80.8,6186,0.0,0.5400000000000045,0.9096241857798171,True,11.020044246454345,5.8442281424156,5.401952616206932,2.953119316851494,3.5859334046930536,0.19020715670265195,0.9721072020553752,0.36566907593869613,0.8690604233071729,0.6996691822470388,0.6246239262188857,2.861207057566896,3.278108575652971,0.14892524472476118,0.9801376886603427,0.29766565981294585,0.900434525926811,0.4434805320438793,0.7765157774873617,7.504942065657347,10.195300909453527,0.21614912045940982,0.963304674237439,0.5148147575275736,0.7105405232437185,0.9332274453968533,0.7725702116406559,10.603625426971254,13.075367222599947,0.22465087622419846,0.9774206916460023,0.5567686276994065,0.34178474300738815,0.9780063865795304,0.8976253412541292,wang,0.3,0.5,2.0,8.0
Subj07,walk_54,1.5,80.8,6186,0.0,0.5400000000000045,0.9096241857798171,True,11.020044246454345,5.8442281424156,5.401952616206932,2.7018803198803574,3.099236597109001,0.1903059237622282,0.9734001225264564,0.3678759304560625,0.8617692403613364,0.6934150260404444,0.6665210899788203,2.494119850494772,2.7158100406278,0.15007055688115778,0.9806124480179538,0.3053998608231566,0.8875894297088588,0.44718357367507217,0.7984434460785566,7.504942065657347,10.195300909453527,0.21614912045940982,0.963304674237439,0.5148147575275736,0.7105405232437185,0.9332274453968533,0.7725702116406559,10.603625426971254,13.075367222599947,0.22465087622419846,0.9774206916460023,0.5567686276994065,0.34178474300738815,0.9780063865795304,0.8976253412541292,wang,0.4,0.5,2.0,8.0
Subj08,walk_09,0.25,61.5,6016,0.0,0.552000000000004,0.7189613448380056,True,6.178069949221209,3.8088461971616323,0.9478656732983772,3.780248333615697,4.280503705661276,0.3404744593947253,0.9614864098125652,0.34102915768711173,0.621059926791103,0.48013854921644233,0.7415868203892689,1.5309671963485796,1.871111911325435,0.09016813661599828,0.9877900175569736,0.11081425302678358,0.7164144196027827,0.12510613711130306,0.7755704527543074,3.6588918817076914,3.5328712730107057,0.3467557112470265,0.9353226754064166,0.36029390996974386,0.6557625643371396,0.5298558119545073,0.6860717984969289,2.655606322119959,2.907106307262855,0.36516998222499286,0.9423395258759206,0.2675251038394541,0.6256346369142053,0.33770434583687947,0.7543668669459057,wang,0.3,1.0,0.0,12.0
Subj08,walk_09,0.25,61.5,6016,0.0,0.552000000000004,0.7189613448380056,True,6.178069949221209,3.8088461971616323,0.9478656732983772,3.6764788662621677,4.25031574403486,0.3426095914771418,0.9626683480555217,0.329676132783395,0.6167237672577295,0.4584355885023694,0.7457590644788,1.647205391152177,1.9966901822435545,0.09098938488409518,0.987723828474491,0.11294997505829832,0.7196716615868297,0.12630805405550902,0.8209468958228505,3.6588918817076914,3.5328712730107057,0.3467557112470265,0.9353226754064166,0.36029390996974386,0.6557625643371396,0.5298558119545073,0.6860717984969289,2.655606322119959,2.907106307262855,0.36516998222499286,0.9423395258759206,0.2675251038394541,0.6256346369142053,0.33770434583687947,0.7543668669459057,wang,0.3,2.0,0.0,12.0
Subj08,walk_09,0.25,61.5,6016,0.0,0.552000000000004,0.7189613448380056,True,6.178069949221209,3.8088461971616323,0.9478656732983772,3.6533504104571954,4.110646468892074,0.3416627765840055,0.960374319208576,0.337751972471739,0.6237960999342765,0.4730255291881828,0.7432696040376315,1.279958523157388,1.5599162832739726,0.08989888957863372,0.9882077154913405,0.10968372725000185,0.7109412966798294,0.12114418564722251,0.7844128854799125,3.6588918817076914,3.5328712730107057,0.3467557112470265,0.9353226754064166,0.36029390996974386,0.6557625643371396,0.5298558119545073,0.6860717984969289,2.655606322119959,2.907106307262855,0.36516998222499286,0.9423395258759206,0.2675251038394541,0.6256346369142053,0.33770434583687947,0.7543668669459057,wang,0.4,1.0,0.0,12.0
Subj08,walk_09,0.25,61.5,6016,0.0,0.552000000000004,0.7189613448380056,True,6.178069949221209,3.8088461971616323,0.9478656732983772,3.9116142261813094,4.320790261805836,0.33837046513649804,0.9603618814607862,0.3523283046913851,0.6247214106219341,0.502197328964049,0.7371879874603718,1.4780643204725379,1.7922339225199115,0.08940021963931538,0.9878195950347785,0.10937561704161536,0.7144533630036649,0.1258994888774679,0.7395164310145891,3.6588918817076914,3.5328712730107057,0.3467557112470265,0.9353226754064166,0.36029390996974386,0.6557625643371396,0.5298558119545073,0.6860717984969289,2.655606322119959,2.907106307262855,0.36516998222499286,0.9423395258759206,0.2675251038394541,0.6256346369142053,0.33770434583687947,0.7543668669459057,wang,0.3,0.5,0.0,12.0
Subj08,walk_09,0.25,61.5,6016,0.0,0.552000000000004,0.7189613448380056,True,6.178069949221209,3.8088461971616323,0.9478656732983772,4.06101121947162,4.524378155256468,0.3370210193539362,0.9616290615893444,0.3560634888190301,0.6215062971453247,0.5102602153779839,0.7355591386185998,1.7713258638567975,2.159253486868953,0.08970778010805407,0.9873137966445584,0.11107319113654214,0.7164908520262352,0.1321800673452732,0.7087552134146322,3.6588918817076914,3.5328712730107057,0.3467557112470265,0.9353226754064166,0.36029390996974386,0.6557625643371396,0.5298558119545073,0.6860717984969289,2.655606322119959,2.907106307262855,0.36516998222499286,0.9423395258759206,0.2675251038394541,0.6256346369142053,0.33770434583687947,0.7543668669459057,wang,0.2,0.5,0.0,12.0
Subj08,walk_09,0.25,61.5,6016,0.0,0.552000000000004,0.7189613448380056,True,6.178069949221209,3.8088461971616323,0.9478656732983772,3.542167640001198,4.073592789539774,0.34382672259078406,0.9616768078967222,0.3260784339448765,0.6198318146958995,0.4504789287431968,0.7485302834106814,1.3928890698646164,1.6820376123488305,0.09061938312070232,0.9881942541476757,0.11109049227848644,0.7168888890720149,0.12070706573024517,0.8214369882432077,3.6588918817076914,3.5328712730107057,0.3467557112470265,0.9353226754064166,0.36029390996974386,0.6557625643371396,0.5298558119545073,0.6860717984969289,2.655606322119959,2.907106307262855,0.36516998222499286,0.9423395258759206,0.2675251038394541,0.6256346369142053,0.33770434583687947,0.7543668669459057,wang,0.4,2.0,0.0,12.0
Subj08,walk_09,0.25,61.5,6016,0.0,0.552000000000004,0.7189613448380056,True,6.178069949221209,3.8088461971616323,0.9478656732983772,3.9386878867165787,4.491179342193509,0.3390917027196554,0.962627717788193,0.3451168277504051,0.6174634841128653,0.48911224817671894,0.7388363259176618,1.835786315035604,2.2465385966037914,0.09058736371844114,0.9872239049013828,0.11329220104453606,0.715324385816086,0.13311449788699886,0.7506123783057268,3.6588918817076914,3.5328712730107057,0.3467557112470265,0.9353226754064166,0.36029390996974386,0.6557625643371396,0.5298558119545073,0.6860717984969289,2.655606322119959,2.907106307262855,0.36516998222499286,0.9423395258759206,0.2675251038394541,0.6256346369142053,0.33770434583687947,0.7543668669459057,wang,0.2,1.0,0.0,12.0
Subj08,walk_09,0.25,61.5,6016,0.0,0.552000000000004,0.7189613448380056,True,6.178069949221209,3.8088461971616323,0.9478656732983772,3.7923863676328784,4.157108948615842,0.33953052651833615,0.9591536283384711,0.3493457687208876,0.6271681462310248,0.4958470741668336,0.7380305363628797,1.2372033578669386,1.4880486543724978,0.08922475578325595,0.98818739507976,0.1088736121786591,0.7070360306818866,0.12331290538054382,0.7534830789575573,3.6588918817076914,3.5328712730107057,0.3467557112470265,0.9353226754064166,0.36029390996974386,0.6557625643371396,0.5298558119545073,0.6860717984969289,2.655606322119959,2.907106307262855,0.36516998222499286,0.9423395258759206,0.2675251038394541,0.6256346369142053,0.33770434583687947,0.7543668669459057,wang,0.4,0.5,0.0,12.0
Subj08,walk_09,0.25,61.5,6016,0.0,0.552000000000004,0.7189613448380056,True,6.178069949221209,3.8088461971616323,0.9478656732983772,3.8436873895526165,4.46886180240231,0.34119297492324346,0.9636513934903844,0.3341474393740049,0.6126349370751341,0.46841383334087394,0.7415459531582702,1.9585446591624796,2.378170439227806,0.09152915116046094,0.9870938630779159,0.11632769324743145,0.7144439881689676,0.1363028128297475,0.8077081579523109,3.6588918817076914,3.5328712730107057,0.3467557112470265,0.9353226754064166,0.36029390996974386,0.6557625643371396,0.5298558119545073,0.6860717984969289,2.655606322119959,2.907106307262855,0.36516998222499286,0.9423395258759206,0.2675251038394541,0.6256346369142053,0.33770434583687947,0.7543668669459057,wang,0.2,2.0,0.0,12.0
Subj08,walk_09,0.25,61.5,6016,0.0,0.552000000000004,0.7189613448380056,True,6.178069949221209,3.8088461971616323,0.9478656732983772,3.9173017221069415,4.327763344809459,0.33824235021218596,0.9603641430982218,0.35287947989097884,0.6254056042782459,0.5033979998491218,0.7365819918913504,1.4509771714058666,1.7638446291348238,0.08923220251789889,0.9878913111206934,0.1088331542856815,0.7206217690376625,0.12382698550061841,0.7527650299750291,3.6588918817076914,3.5328712730107057,0.3467557112470265,0.9353226754064166,0.36029390996974386,0.6557625643371396,0.5298558119545073,0.6860717984969289,2.655606322119959,2.907106307262855,0.36516998222499286,0.9423395258759206,0.2675251038394541,0.6256346369142053,0.33770434583687947,0.7543668669459057,wang,0.3,0.5,2.0,5.0
Subj08,walk_09,0.25,61.5,6016,0.0,0.552000000000004,0.7189613448380056,True,6.178069949221209,3.8088461971616323,0.9478656732983772,3.7997118923480477,4.1663522048325605,0.33937821125299933,0.9591648998334965,0.349980605737663,0.6279710260040715,0.4972943221878535,0.7371164889662382,1.2120225119802894,1.4630373108400423,0.08906659321691164,0.9882484331142293,0.10841195846692578,0.7128222173295777,0.12146991679358118,0.764459537973999,3.6588918817076914,3.5328712730107057,0.3467557112470265,0.9353226754064166,0.36029390996974386,0.6557625643371396,0.5298558119545073,0.6860717984969289,2.655606322119959,2.907106307262855,0.36516998222499286,0.9423395258759206,0.2675251038394541,0.6256346369142053,0.33770434583687947,0.7543668669459057,wang,0.4,0.5,2.0,5.0
Subj08,walk_09,0.25,61.5,6016,0.0,0.552000000000004,0.7189613448380056,True,6.178069949221209,3.8088461971616323,0.9478656732983772,3.9150156033117676,4.325092467848269,0.33830983718023094,0.960372958995639,0.35258113732223045,0.6249072806343315,0.5027315604101422,0.7369766459178001,1.4719542973949769,1.785842563276717,0.08934749831225632,0.9878393141050011,0.10922662049606652,0.7164907821728481,0.12529674687055528,0.7436219300555278,3.6588918817076914,3.5328712730107057,0.3467557112470265,0.9353226754064166,0.36029390996974386,0.6557625643371396,0.5298558119545073,0.6860717984969289,2.655606322119959,2.907106307262855,0.36516998222499286,0.9423395258759206,0.2675251038394541,0.6256346369142053,0.33770434583687947,0.7543668669459057,wang,0.3,0.5,2.0,8.0
Subj08,walk_09,0.25,61.5,6016,0.0,0.552000000000004,0.7189613448380056,True,6.178069949221209,3.8088461971616323,0.9478656732983772,3.7962231234232293,4.162009498087995,0.33946257831776055,0.9591670160825376,0.3496244217237972,0.6273995550439789,0.49646054369357184,0.7377139011652586,1.231612614210256,1.4825040116318267,0.08917460391420667,0.9882041705426898,0.10874537990776349,0.7089733643588482,0.12276855753798235,0.7569503673211506,3.6588918817076914,3.5328712730107057,0.3467557112470265,0.9353226754064166,0.36029390996974386,0.6557625643371396,0.5298558119545073,0.6860717984969289,2.655606322119959,2.907106307262855,0.36516998222499286,0.9423395258759206,0.2675251038394541,0.6256346369142053,0.33770434583687947,0.7543668669459057,wang,0.4,0.5,2.0,8.0
Subj08,walk_18,0.5,61.5,6152,0.0,0.560000000000004,0.8840425985902647,True,5.590996004029042,6.419000471125008,2.3048984901865097,5.127701034286286,5.18221744796266,0.30891328913618704,0.9603477882666674,0.3697964878007126,0.47191309991646,0.503699774751917,0.49798413165426514,1.5708302693195577,1.9937346031114012,0.09672036714203455,0.9864544749743752,0.11291393442462651,0.8092324337404108,0.14679868395919826,0.7802351805159685,6.0721089398707,5.521608315642761,0.31305767061232587,0.9362405819173251,0.406491654825557,0.5160576778561897,0.5767077644746718,0.5086534779790557,3.8583785089263727,4.291974041998678,0.3483934725237273,0.9402043411289327,0.22991179573813716,0.4972782824231577,0.21263189251033882,0.7475905985175046,wang,0.3,1.0,0.0,12.0
Subj08,walk_18,0.5,61.5,6152,0.0,0.560000000000004,0.8840425985902647,True,5.590996004029042,6.419000471125008,2.3048984901865097,4.818148706159262,5.015711300714485,0.31214202151319576,0.9610277255815793,0.3531834731952225,0.46743870160534484,0.47075296161747826,0.5110553653998856,1.4952703847070221,1.9427821555464582,0.0978116412320876,0.9865090016055803,0.11337598424539908,0.7984936027005225,0.1442308721355586,0.8315157690588397,6.0721089398707,5.521608315642761,0.31305767061232587,0.9362405819173251,0.406491654825557,0.5160576778561897,0.5767077644746718,0.5086534779790557,3.8583785089263727,4.291974041998678,0.3483934725237273,0.9402043411289327,0.22991179573813716,0.4972782824231577,0.21263189251033882,0.7475905985175046,wang,0.3,2.0,0.0,12.0
Subj08,walk_18,0.5,61.5,6152,0.0,0.560000000000004,0.8840425985902647,True,5.590996004029042,6.419000471125008,2.3048984901865097,5.012224843602114,5.031668613542067,0.3106511865789271,0.9590231847084741,0.3646588322361404,0.47570347795959045,0.49221559274532395,0.5082800028012511,1.3360038782288086,1.6719019468075498,0.09657185436317946,0.9868734826336477,0.11201275829034016,0.8108490161994627,0.1410770116509999,0.8060393026256488,6.0721089398707,5.521608315642761,0.31305767061232587,0.9362405819173251,0.406491654825557,0.5160576778561897,0.5767077644746718,0.5086534779790557,3.8583785089263727,4.291974041998678,0.3483934725237273,0.9402043411289327,0.22991179573813716,0.4972782824231577,0.21263189251033882,0.7475905985175046,wang,0.4,1.0,0.0,12.0
Subj08,walk_18,0.5,61.5,6152,0.0,0.560000000000004,0.8840425985902647,True,5.590996004029042,6.419000471125008,2.3048984901865097,5.4556256294113785,5.351945958947363,0.30586221700942956,0.9595783169804808,0.38601980467982966,0.4753567951600096,0.535711329005966,0.48913479596248277,1.7308259417365073,2.100006148660682,0.09573748648780125,0.9863898903817068,0.11352241165087938,0.8163620318019985,0.1522972323346208,0.7324494027810076,6.0721089398707,5.521608315642761,0.31305767061232587,0.9362405819173251,0.406491654825557,0.5160576778561897,0.5767077644746718,0.5086534779790557,3.8583785089263727,4.291974041998678,0.3483934725237273,0.9402043411289327,0.22991179573813716,0.4972782824231577,0.21263189251033882,0.7475905985175046,wang,0.3,0.5,0.0,12.0
Subj08,walk_18,0.5,61.5,6152,0.0,0.560000000000004,0.8840425985902647,True,5.590996004029042,6.419000471125008,2.3048984901865097,5.584470244892879,5.538891836999791,0.30398415776456156,0.9611154976777443,0.3912667525692617,0.4708589161101748,0.5475740365062753,0.4782070556837327,2.0000626860479387,2.4837671449849092,0.0958560093854294,0.9859317193776829,0.11505214684848182,0.8089171739692281,0.1602526464063738,0.6836073651829576,6.0721089398707,5.521608315642761,0.31305767061232587,0.9362405819173251,0.406491654825557,0.5160576778561897,0.5767077644746718,0.5086534779790557,3.8583785089263727,4.291974041998678,0.3483934725237273,0.9402043411289327,0.22991179573813716,0.4972782824231577,0.21263189251033882,0.7475905985175046,wang,0.2,0.5,0.0,12.0
Subj08,walk_18,0.5,61.5,6152,0.0,0.560000000000004,0.8840425985902647,True,5.590996004029042,6.419000471125008,2.3048984901865097,4.690892742770556,4.859246348657048,0.3140129851544511,0.9597848519318706,0.3471894923899553,0.4714784730328525,0.4573951222047485,0.5232774890691476,1.2396873631255096,1.6022025943554576,0.09752218606497906,0.9870053451087863,0.1118665671915752,0.8005806802179722,0.1371588191393272,0.8502198949034148,6.0721089398707,5.521608315642761,0.31305767061232587,0.9362405819173251,0.406491654825557,0.5160576778561897,0.5767077644746718,0.5086534779790557,3.8583785089263727,4.291974041998678,0.3483934725237273,0.9402043411289327,0.22991179573813716,0.4972782824231577,0.21263189251033882,0.7475905985175046,wang,0.4,2.0,0.0,12.0
Subj08,walk_18,0.5,61.5,6152,0.0,0.560000000000004,0.8840425985902647,True,5.590996004029042,6.419000471125008,2.3048984901865097,5.2747075226601465,5.377751773016464,0.30687688480616143,0.9617936564680977,0.37604590239875246,0.4672129090098203,0.5177203081540699,0.4853347239876725,1.877300606670851,2.4071139045294876,0.09700719058624097,0.9859031451602666,0.11526008844991885,0.8000693952575636,0.15668085835380535,0.7328946208589997,6.0721089398707,5.521608315642761,0.31305767061232587,0.9362405819173251,0.406491654825557,0.5160576778561897,0.5767077644746718,0.5086534779790557,3.8583785089263727,4.291974041998678,0.3483934725237273,0.9402043411289327,0.22991179573813716,0.4972782824231577,0.21263189251033882,0.7475905985175046,wang,0.2,1.0,0.0,12.0
Subj08,walk_18,0.5,61.5,6152,0.0,0.560000000000004,0.8840425985902647,True,5.590996004029042,6.419000471125008,2.3048984901865097,5.355219318110359,5.208817844471133,0.30746752862011817,0.9581719890476951,0.38173972247100296,0.47895700601342533,0.5260885526527731,0.49792725822593675,1.5302685145334913,1.8086392879154773,0.09573081559896138,0.9867301564782952,0.11323802202852301,0.8175041057351707,0.14803898601664192,0.7613230682656387,6.0721089398707,5.521608315642761,0.31305767061232587,0.9362405819173251,0.406491654825557,0.5160576778561897,0.5767077644746718,0.5086534779790557,3.8583785089263727,4.291974041998678,0.3483934725237273,0.9402043411289327,0.22991179573813716,0.4972782824231577,0.21263189251033882,0.7475905985175046,wang,0.4,0.5,0.0,12.0
Subj08,walk_18,0.5,61.5,6152,0.0,0.560000000000004,0.8840425985902647,True,5.590996004029042,6.419000471125008,2.3048984901865097,4.979762071497827,5.218064573191836,0.3099465559847903,0.9623835109013601,0.36043145484887756,0.46247301233087285,0.4869325708216003,0.496230786195577,1.826493863695524,2.3749139903001653,0.09826553216648996,0.9858663497176928,0.1165357801900388,0.7872379445715412,0.1559070102004734,0.7924845472187236,6.0721089398707,5.521608315642761,0.31305767061232587,0.9362405819173251,0.406491654825557,0.5160576778561897,0.5767077644746718,0.5086534779790557,3.8583785089263727,4.291974041998678,0.3483934725237273,0.9402043411289327,0.22991179573813716,0.4972782824231577,0.21263189251033882,0.7475905985175046,wang,0.2,2.0,0.0,12.0
Subj08,walk_18,0.5,61.5,6152,0.0,0.560000000000004,0.8840425985902647,True,5.590996004029042,6.419000471125008,2.3048984901865097,5.493792949733975,5.3828793759882805,0.3055596167180254,0.9596169809501471,0.38748633874603805,0.47509746861924074,0.5379636728132686,0.4916471289536004,1.6496626886687205,1.9805593181624033,0.09570468242213703,0.9864842495370478,0.11159794067408407,0.8272774210481304,0.14703657761639866,0.7587514033573707,6.0721089398707,5.521608315642761,0.31305767061232587,0.9362405819173251,0.406491654825557,0.5160576778561897,0.5767077644746718,0.5086534779790557,3.8583785089263727,4.291974041998678,0.3483934725237273,0.9402043411289327,0.22991179573813716,0.4972782824231577,0.21263189251033882,0.7475905985175046,wang,0.3,0.5,2.0,5.0
Subj08,walk_18,0.5,61.5,6152,0.0,0.560000000000004,0.8840425985902647,True,5.590996004029042,6.419000471125008,2.3048984901865097,5.398828289342016,5.250368348258233,0.3070684749969324,0.9582618375963834,0.3834572441113747,0.47901462989283583,0.5290195381240651,0.4996280916356801,1.4679269831320187,1.7199040890044877,0.0956935730986489,0.9867953219048387,0.1113937131770479,0.8280273191434172,0.14321674318593094,0.7817091742607555,6.0721089398707,5.521608315642761,0.31305767061232587,0.9362405819173251,0.406491654825557,0.5160576778561897,0.5767077644746718,0.5086534779790557,3.8583785089263727,4.291974041998678,0.3483934725237273,0.9402043411289327,0.22991179573813716,0.4972782824231577,0.21263189251033882,0.7475905985175046,wang,0.4,0.5,2.0,5.0
Subj08,walk_18,0.5,61.5,6152,0.0,0.560000000000004,0.8840425985902647,True,5.590996004029042,6.419000471125008,2.3048984901865097,5.474258593397055,5.3777909471442715,0.3057296411592581,0.9596094512481803,0.3866710517406648,0.4747146410761276,0.5367522290301736,0.48983468961387955,1.7171862542417538,2.078639096195091,0.09568108619185389,0.9864471270839316,0.11305654635010805,0.8199024130971564,0.15095680107206208,0.739739594391586,6.0721089398707,5.521608315642761,0.31305767061232587,0.9362405819173251,0.406491654825557,0.5160576778561897,0.5767077644746718,0.5086534779790557,3.8583785089263727,4.291974041998678,0.3483934725237273,0.9402043411289327,0.22991179573813716,0.4972782824231577,0.21263189251033882,0.7475905985175046,wang,0.3,0.5,2.0,8.0
Subj08,walk_18,0.5,61.5,6152,0.0,0.560000000000004,0.8840425985902647,True,5.590996004029042,6.419000471125008,2.3048984901865097,5.375612297691775,5.238035705021305,0.3073089716441401,0.9582079656250181,0.3824707650633308,0.47846416656788476,0.5273524900907592,0.498347634317078,1.5225311444959915,1.796186688005289,0.09567423597480573,0.9867772705664452,0.11278556791652049,0.821024404807747,0.14680319227799407,0.766982585037996,6.0721089398707,5.521608315642761,0.31305767061232587,0.9362405819173251,0.406491654825557,0.5160576778561897,0.5767077644746718,0.5086534779790557,3.8583785089263727,4.291974041998678,0.3483934725237273,0.9402043411289327,0.22991179573813716,0.4972782824231577,0.21263189251033882,0.7475905985175046,wang,0.4,0.5,2.0,8.0
Subj08,walk_27,0.75,61.5,5904,0.0,0.560000000000004,0.8906716591954821,True,8.743032316172231,8.345479469345742,2.726152679717924,6.5884217905528875,6.152231102370993,0.431540029782296,0.9305197220288353,0.36710447314220507,0.17008532672084847,0.5499101193964292,0.3761879494674832,2.48601846910714,3.190566479937626,0.09353047106865084,0.9848981637862901,0.15854453004386332,0.8780407689149076,0.1858483074321216,0.7744578525264069,7.840573094265048,6.62310301552218,0.4330587594488526,0.8919576423664751,0.4042674752248585,0.21618353177141159,0.6205231873336658,0.3910951331368922,4.761647264693283,5.623641372647171,0.4803627462380817,0.8619128945114992,0.20077271995978171,0.28029569037816215,0.19389357470570956,0.7548559792390985,wang,0.3,1.0,0.0,12.0
Subj08,walk_27,0.75,61.5,5904,0.0,0.560000000000004,0.8906716591954821,True,8.743032316172231,8.345479469345742,2.726152679717924,6.20540365270555,5.956255320421971,0.43513273834258276,0.9317602542949115,0.35011138009886966,0.17058023130082398,0.515844089711265,0.3924635149706691,2.494229125166237,3.279933282337062,0.0934855671102329,0.9854937379430698,0.15858087825983205,0.8789595275836034,0.17749797072821352,0.811533290936848,7.840573094265048,6.62310301552218,0.4330587594488526,0.8919576423664751,0.4042674752248585,0.21618353177141159,0.6205231873336658,0.3910951331368922,4.761647264693283,5.623641372647171,0.4803627462380817,0.8619128945114992,0.20077271995978171,0.28029569037816215,0.19389357470570956,0.7548559792390985,wang,0.3,2.0,0.0,12.0
Subj08,walk_27,0.75,61.5,5904,0.0,0.560000000000004,0.8906716591954821,True,8.743032316172231,8.345479469345742,2.726152679717924,6.459093068036143,6.012460202738269,0.43354456145659237,0.9272119328880182,0.36083871579985727,0.17384642209329124,0.5351583741675369,0.38944250526780705,2.1548934829145794,2.730225575483085,0.09398596172128135,0.98496852709511,0.16118949667031202,0.8697493580884088,0.18616713602027005,0.7942998939412101,7.840573094265048,6.62310301552218,0.4330587594488526,0.8919576423664751,0.4042674752248585,0.21618353177141159,0.6205231873336658,0.3910951331368922,4.761647264693283,5.623641372647171,0.4803627462380817,0.8619128945114992,0.20077271995978171,0.28029569037816215,0.19389357470570956,0.7548559792390985,wang,0.4,1.0,0.0,12.0
Subj08,walk_27,0.75,61.5,5904,0.0,0.560000000000004,0.8906716591954821,True,8.743032316172231,8.345479469345742,2.726152679717924,6.978701562278825,6.335525453745052,0.4282371997890618,0.9287880486413531,0.38364953994979073,0.1706621469251048,0.582959293098709,0.36456629588527817,2.5687713356584876,3.1815966348187925,0.09369327029518668,0.9843215991205684,0.15977388890395486,0.8766519788036179,0.19654598963960385,0.7421201124400842,7.840573094265048,6.62310301552218,0.4330587594488526,0.8919576423664751,0.4042674752248585,0.21618353177141159,0.6205231873336658,0.3910951331368922,4.761647264693283,5.623641372647171,0.4803627462380817,0.8619128945114992,0.20077271995978171,0.28029569037816215,0.19389357470570956,0.7548559792390985,wang,0.3,0.5,0.0,12.0
Subj08,walk_27,0.75,61.5,5904,0.0,0.560000000000004,0.8906716591954821,True,8.743032316172231,8.345479469345742,2.726152679717924,7.113761947116084,6.512026866233984,0.4261713243548701,0.9324666379724457,0.38988820926973206,0.16635425866580775,0.5979650101368138,0.35056523100091397,2.9485765790380594,3.7359291241234622,0.09317337074898935,0.9842340947805527,0.15713621816187828,0.8789448448339009,0.198518823738373,0.710147015827691,7.840573094265048,6.62310301552218,0.4330587594488526,0.8919576423664751,0.4042674752248585,0.21618353177141159,0.6205231873336658,0.3910951331368922,4.761647264693283,5.623641372647171,0.4803627462380817,0.8619128945114992,0.20077271995978171,0.28029569037816215,0.19389357470570956,0.7548559792390985,wang,0.2,0.5,0.0,12.0
Subj08,walk_27,0.75,61.5,5904,0.0,0.560000000000004,0.8906716591954821,True,8.743032316172231,8.345479469345742,2.726152679717924,6.0560235423902915,5.8113428536120795,0.4373705159895048,0.928451960042984,0.34260679382854287,0.1748547224273117,0.4985206786315554,0.40801147700373575,2.1348747932849252,2.8040624275530304,0.09373363196125123,0.9856555788964166,0.16017096247556317,0.8685852128640477,0.175463776178878,0.8291461683640471,7.840573094265048,6.62310301552218,0.4330587594488526,0.8919576423664751,0.4042674752248585,0.21618353177141159,0.6205231873336658,0.3910951331368922,4.761647264693283,5.623641372647171,0.4803627462380817,0.8619128945114992,0.20077271995978171,0.28029569037816215,0.19389357470570956,0.7548559792390985,wang,0.4,2.0,0.0,12.0
Subj08,walk_27,0.75,61.5,5904,0.0,0.560000000000004,0.8906716591954821,True,8.743032316172231,8.345479469345742,2.726152679717924,6.751512295133542,6.337804046495512,0.42919633987491695,0.9342025813799026,0.3747686604519917,0.1655529603574573,0.5678828659175658,0.3602347459485674,2.909883553003996,3.7744867608946593,0.0932470068318359,0.9847036455334334,0.15716489467356332,0.8811816687942832,0.1907666458807426,0.7424047211214141,7.840573094265048,6.62310301552218,0.4330587594488526,0.8919576423664751,0.4042674752248585,0.21618353177141159,0.6205231873336658,0.3910951331368922,4.761647264693283,5.623641372647171,0.4803627462380817,0.8619128945114992,0.20077271995978171,0.28029569037816215,0.19389357470570956,0.7548559792390985,wang,0.2,1.0,0.0,12.0
Subj08,walk_27,0.75,61.5,5904,0.0,0.560000000000004,0.8906716591954821,True,8.743032316172231,8.345479469345742,2.726152679717924,6.872491228897075,6.203111171108708,0.43001073809108314,0.9254923892311864,0.37861751738682503,0.17420399360675407,0.5708106273427408,0.37606030268490576,2.2787207104297895,2.7513362821667684,0.09435179790839296,0.9842981934198094,0.16334816786752665,0.8700899964785584,0.19888713374262665,0.762433402102174,7.840573094265048,6.62310301552218,0.4330587594488526,0.8919576423664751,0.4042674752248585,0.21618353177141159,0.6205231873336658,0.3910951331368922,4.761647264693283,5.623641372647171,0.4803627462380817,0.8619128945114992,0.20077271995978171,0.28029569037816215,0.19389357470570956,0.7548559792390985,wang,0.4,0.5,0.0,12.0
Subj08,walk_27,0.75,61.5,5904,0.0,0.560000000000004,0.8906716591954821,True,8.743032316172231,8.345479469345742,2.726152679717924,6.393426614772009,6.148534007699168,0.43250841821163666,0.9354291247316336,0.35920282057632974,0.16548899036865555,0.5367307950030972,0.3740163011891505,2.9505923436659187,3.8806828247827374,0.09344363702560003,0.9851961159428547,0.1586176666363702,0.882857830688122,0.18575915867776813,0.7820228450564627,7.840573094265048,6.62310301552218,0.4330587594488526,0.8919576423664751,0.4042674752248585,0.21618353177141159,0.6205231873336658,0.3910951331368922,4.761647264693283,5.623641372647171,0.4803627462380817,0.8619128945114992,0.20077271995978171,0.28029569037816215,0.19389357470570956,0.7548559792390985,wang,0.2,2.0,0.0,12.0
Subj08,walk_27,0.75,61.5,5904,0.0,0.560000000000004,0.8906716591954821,True,8.743032316172231,8.345479469345742,2.726152679717924,6.9765328412676935,6.39134165543627,0.4283021506808511,0.9295179949811805,0.3832098556323532,0.17146689767935805,0.5786773579218769,0.3761632438792659,2.4481831472915863,2.913962925942675,0.09439874946421642,0.9840979518159728,0.15835679162568195,0.8841578022187438,0.19141929803448493,0.7593844412881662,7.840573094265048,6.62310301552218,0.4330587594488526,0.8919576423664751,0.4042674752248585,0.21618353177141159,0.6205231873336658,0.3910951331368922,4.761647264693283,5.623641372647171,0.4803627462380817,0.8619128945114992,0.20077271995978171,0.28029569037816215,0.19389357470570956,0.7548559792390985,wang,0.3,0.5,2.0,5.0
Subj08,walk_27,0.75,61.5,5904,0.0,0.560000000000004,0.8906716591954821,True,8.743032316172231,8.345479469345742,2.726152679717924,6.87921882855637,6.28013546635088,0.4298958721151041,0.9264549971893011,0.37867787729524166,0.17447437424377288,0.5677448643184059,0.3860308408419126,2.195477942859022,2.5397232456560044,0.09500736376968474,0.9840747236616126,0.16240288013741694,0.8761314217176724,0.19541116555355423,0.7739415732634899,7.840573094265048,6.62310301552218,0.4330587594488526,0.8919576423664751,0.4042674752248585,0.21618353177141159,0.6205231873336658,0.3910951331368922,4.761647264693283,5.623641372647171,0.4803627462380817,0.8619128945114992,0.20077271995978171,0.28029569037816215,0.19389357470570956,0.7548559792390985,wang,0.4,0.5,2.0,5.0
Subj08,walk_27,0.75,61.5,5904,0.0,0.560000000000004,0.8906716591954821,True,8.743032316172231,8.345479469345742,2.726152679717924,6.974432953337839,6.358817402985435,0.4282061713707333,0.9292827755728814,0.3835078802015071,0.16975062824122314,0.5813863919812489,0.3685187628398537,2.5447869305171533,3.131859654672641,0.09376598274096996,0.9843073573123102,0.15940277457961824,0.878764571037754,0.1952242930782424,0.7463090434154442,7.840573094265048,6.62310301552218,0.4330587594488526,0.8919576423664751,0.4042674752248585,0.21618353177141159,0.6205231873336658,0.3910951331368922,4.761647264693283,5.623641372647171,0.4803627462380817,0.8619128945114992,0.20077271995978171,0.28029569037816215,0.19389357470570956,0.7548559792390985,wang,0.3,0.5,2.0,8.0
Subj08,walk_27,0.75,61.5,5904,0.0,0.560000000000004,0.8906716591954821,True,8.743032316172231,8.345479469345742,2.726152679717924,6.87147798828346,6.233464974737417,0.42992985629812563,0.926032909380429,0.3786302048600466,0.1732623417955396,0.5696105524550623,0.3795380626973659,2.264982968571009,2.7163908020969423,0.09442790519945599,0.9842761731995276,0.1631208928153473,0.8718903998393017,0.19806327238057,0.7649002651484165,7.840573094265048,6.62310301552218,0.4330587594488526,0.8919576423664751,0.4042674752248585,0.21618353177141159,0.6205231873336658,0.3910951331368922,4.761647264693283,5.623641372647171,0.4803627462380817,0.8619128945114992,0.20077271995978171,0.28029569037816215,0.19389357470570956,0.7548559792390985,wang,0.4,0.5,2.0,8.0
Subj08,walk_36,1.0,61.5,5894,0.0,0.564000000000004,0.9127703081266071,True,12.33788792370966,10.076746552721442,3.0612878175239624,7.822947437821824,7.869494728910031,0.5049012231078241,0.8204681093528328,0.3916484804837465,-0.018700253042919994,0.6136719511990141,0.27514220590002153,3.7823292602142407,5.23968015105397,0.1325950990732424,0.9671203478568785,0.14548382650860056,0.9210712786058417,0.1988677336403998,0.8501771850633298,9.266679739445124,8.977365244334454,0.5003280972817414,0.8076244483131269,0.4361409007807406,-0.03511400463053328,0.7079657447874177,0.22348508078226262,6.576028879559137,7.960258564071449,0.5546683675422902,0.6507103437043686,0.22950437696784878,0.11344632212110208,0.24817316362610325,0.7538563926407661,wang,0.3,1.0,0.0,12.0
Subj08,walk_36,1.0,61.5,5894,0.0,0.564000000000004,0.9127703081266071,True,12.33788792370966,10.076746552721442,3.0612878175239624,7.4243427126364105,7.551623397568121,0.5083172942558231,0.8198507835684211,0.3742537599873081,-0.007208051694822557,0.5792966942558954,0.29480376981206585,3.8912149557861793,5.483923512183799,0.13202324650753625,0.9676533330288619,0.14424508610187312,0.9186444826857021,0.18547770724525575,0.8797117885850309,9.266679739445124,8.977365244334454,0.5003280972817414,0.8076244483131269,0.4361409007807406,-0.03511400463053328,0.7079657447874177,0.22348508078226262,6.576028879559137,7.960258564071449,0.5546683675422902,0.6507103437043686,0.22950437696784878,0.11344632212110208,0.24817316362610325,0.7538563926407661,wang,0.3,2.0,0.0,12.0
Subj08,walk_36,1.0,61.5,5894,0.0,0.564000000000004,0.9127703081266071,True,12.33788792370966,10.076746552721442,3.0612878175239624,7.748136995525146,7.84020935759019,0.5068205519842555,0.8156412217970153,0.3859910479071992,-0.017037948253356236,0.6007273274077197,0.2855917109180702,3.3646500488915687,4.6526119296749595,0.13406447523825538,0.9663345218514816,0.14428807237450264,0.9243075000632965,0.19710686591588525,0.8642751100440105,9.266679739445124,8.977365244334454,0.5003280972817414,0.8076244483131269,0.4361409007807406,-0.03511400463053328,0.7079657447874177,0.22348508078226262,6.576028879559137,7.960258564071449,0.5546683675422902,0.6507103437043686,0.22950437696784878,0.11344632212110208,0.24817316362610325,0.7538563926407661,wang,0.4,1.0,0.0,12.0
Subj08,walk_36,1.0,61.5,5894,0.0,0.564000000000004,0.9127703081266071,True,12.33788792370966,10.076746552721442,3.0612878175239624,8.218506013593078,8.161815276603877,0.5016659922123797,0.8205887850494333,0.4084644481410582,-0.026377910853502676,0.6474538628935379,0.258744969783336,3.7624519374142147,5.094102746002953,0.13326021353862544,0.9665746973647397,0.1482156612770017,0.920297111412487,0.21371601416537764,0.8217593625841322,9.266679739445124,8.977365244334454,0.5003280972817414,0.8076244483131269,0.4361409007807406,-0.03511400463053328,0.7079657447874177,0.22348508078226262,6.576028879559137,7.960258564071449,0.5546683675422902,0.6507103437043686,0.22950437696784878,0.11344632212110208,0.24817316362610325,0.7538563926407661,wang,0.3,0.5,0.0,12.0
Subj08,walk_36,1.0,61.5,5894,0.0,0.564000000000004,0.9127703081266071,True,12.33788792370966,10.076746552721442,3.0612878175239624,8.29171652265866,8.204112903400171,0.4997957688595418,0.8251473399105147,0.41380652660432177,-0.028578395633465897,0.6594583459579532,0.24988532266261815,4.2671593372475485,5.826440879703501,0.13158249610720282,0.9674377378732154,0.15133596814339048,0.9079240291331269,0.21981770649850063,0.7984124917268748,9.266679739445124,8.977365244334454,0.5003280972817414,0.8076244483131269,0.4361409007807406,-0.03511400463053328,0.7079657447874177,0.22348508078226262,6.576028879559137,7.960258564071449,0.5546683675422902,0.6507103437043686,0.22950437696784878,0.11344632212110208,0.24817316362610325,0.7538563926407661,wang,0.2,0.5,0.0,12.0
Subj08,walk_36,1.0,61.5,5894,0.0,0.564000000000004,0.9127703081266071,True,12.33788792370966,10.076746552721442,3.0612878175239624,7.334608786717614,7.521161870088274,0.5105536220166758,0.8141369799024797,0.36731538347755105,-0.005493390183739838,0.5632406562344233,0.3091107204969811,3.4606433933669933,4.894176774423086,0.13332442626328112,0.9669351938229718,0.14184529244778774,0.9214913169415581,0.18058977273455018,0.8923882902049973,9.266679739445124,8.977365244334454,0.5003280972817414,0.8076244483131269,0.4361409007807406,-0.03511400463053328,0.7079657447874177,0.22348508078226262,6.576028879559137,7.960258564071449,0.5546683675422902,0.6507103437043686,0.22950437696784878,0.11344632212110208,0.24817316362610325,0.7538563926407661,wang,0.4,2.0,0.0,12.0
Subj08,walk_36,1.0,61.5,5894,0.0,0.564000000000004,0.9127703081266071,True,12.33788792370966,10.076746552721442,3.0612878175239624,7.919421842813567,7.918513291665,0.5026476370226953,0.8259285158034873,0.39850716809405257,-0.02064414326437011,0.6293264383445074,0.26275059376679716,4.321311569211361,5.99270946144533,0.1311055222300665,0.9679105333386331,0.1501853595662671,0.9077270452437198,0.20916505079504527,0.8269715170040977,9.266679739445124,8.977365244334454,0.5003280972817414,0.8076244483131269,0.4361409007807406,-0.03511400463053328,0.7079657447874177,0.22348508078226262,6.576028879559137,7.960258564071449,0.5546683675422902,0.6507103437043686,0.22950437696784878,0.11344632212110208,0.24817316362610325,0.7538563926407661,wang,0.2,1.0,0.0,12.0
Subj08,walk_36,1.0,61.5,5894,0.0,0.564000000000004,0.9127703081266071,True,12.33788792370966,10.076746552721442,3.0612878175239624,8.162088122120814,8.137166009088485,0.503264024362215,0.8165501369580827,0.40409897497634856,-0.02451436550637182,0.637648658501928,0.266117239487667,3.3735565231200106,4.525585890062959,0.13488629539810165,0.965724361471883,0.14816379621740716,0.923910325338219,0.2147318607575702,0.8361859257149084,9.266679739445124,8.977365244334454,0.5003280972817414,0.8076244483131269,0.4361409007807406,-0.03511400463053328,0.7079657447874177,0.22348508078226262,6.576028879559137,7.960258564071449,0.5546683675422902,0.6507103437043686,0.22950437696784878,0.11344632212110208,0.24817316362610325,0.7538563926407661,wang,0.4,0.5,0.0,12.0
Subj08,walk_36,1.0,61.5,5894,0.0,0.564000000000004,0.9127703081266071,True,12.33788792370966,10.076746552721442,3.0612878175239624,7.540714827578114,7.603581455267543,0.505685363272767,0.8263023748237689,0.38261764403067977,-0.009193101529403813,0.5985550910519035,0.2780870681301596,4.4503753282092715,6.242730875201111,0.1307368511280587,0.9683683425000555,0.1505986662990198,0.9038488465713845,0.20042738449319739,0.8582439601741783,9.266679739445124,8.977365244334454,0.5003280972817414,0.8076244483131269,0.4361409007807406,-0.03511400463053328,0.7079657447874177,0.22348508078226262,6.576028879559137,7.960258564071449,0.5546683675422902,0.6507103437043686,0.22950437696784878,0.11344632212110208,0.24817316362610325,0.7538563926407661,wang,0.2,2.0,0.0,12.0
Subj08,walk_36,1.0,61.5,5894,0.0,0.564000000000004,0.9127703081266071,True,12.33788792370966,10.076746552721442,3.0612878175239624,8.150004144823969,7.93900643455398,0.5008344364238386,0.8317695652017134,0.40706043062644,-0.025780023643050785,0.6403463780078844,0.2713336956875301,3.5183440004006656,4.611139572920824,0.13540391823209116,0.96532028290082,0.1437742654061011,0.930266926397221,0.20368479533975736,0.8423671700672235,9.266679739445124,8.977365244334454,0.5003280972817414,0.8076244483131269,0.4361409007807406,-0.03511400463053328,0.7079657447874177,0.22348508078226262,6.576028879559137,7.960258564071449,0.5546683675422902,0.6507103437043686,0.22950437696784878,0.11344632212110208,0.24817316362610325,0.7538563926407661,wang,0.3,0.5,2.0,5.0
Subj08,walk_36,1.0,61.5,5894,0.0,0.564000000000004,0.9127703081266071,True,12.33788792370966,10.076746552721442,3.0612878175239624,8.090943221523055,7.911163761049782,0.5022118576504312,0.8281609494623552,0.4031163306306483,-0.024462044939396133,0.6315574202228186,0.2774665332851055,3.1848667170192217,4.13377883104707,0.13671822688248042,0.9646396785532746,0.1448286309961717,0.9304518096822417,0.20723939138321318,0.8514502513388374,9.266679739445124,8.977365244334454,0.5003280972817414,0.8076244483131269,0.4361409007807406,-0.03511400463053328,0.7079657447874177,0.22348508078226262,6.576028879559137,7.960258564071449,0.5546683675422902,0.6507103437043686,0.22950437696784878,0.11344632212110208,0.24817316362610325,0.7538563926407661,wang,0.4,0.5,2.0,5.0
Subj08,walk_36,1.0,61.5,5894,0.0,0.564000000000004,0.9127703081266071,True,12.33788792370966,10.076746552721442,3.0612878175239624,8.192652788275238,8.11223514854619,0.5011476259794049,0.8257255281074014,0.40821632764319177,-0.0287162647737815,0.6455317832187794,0.26128458002441424,3.707203509222611,4.991853028741889,0.13355044258483123,0.9664088878842089,0.1469198117410881,0.9232539668758608,0.21074832318666184,0.8270712516168641,9.266679739445124,8.977365244334454,0.5003280972817414,0.8076244483131269,0.4361409007807406,-0.03511400463053328,0.7079657447874177,0.22348508078226262,6.576028879559137,7.960258564071449,0.5546683675422902,0.6507103437043686,0.22950437696784878,0.11344632212110208,0.24817316362610325,0.7538563926407661,wang,0.3,0.5,2.0,8.0
Subj08,walk_36,1.0,61.5,5894,0.0,0.564000000000004,0.9127703081266071,True,12.33788792370966,10.076746552721442,3.0612878175239624,8.13712674039728,8.089587311549927,0.5026712102786037,0.8217762384585416,0.4040291210804919,-0.0269964956408226,0.636192321886717,0.2680966774017969,3.329122699852221,4.441186733449987,0.13510094811833362,0.9655999084125889,0.14705401227889897,0.9262874796698244,0.2123775679194928,0.8398096153316759,9.266679739445124,8.977365244334454,0.5003280972817414,0.8076244483131269,0.4361409007807406,-0.03511400463053328,0.7079657447874177,0.22348508078226262,6.576028879559137,7.960258564071449,0.5546683675422902,0.6507103437043686,0.22950437696784878,0.11344632212110208,0.24817316362610325,0.7538563926407661,wang,0.4,0.5,2.0,8.0
Subj08,walk_45,1.25,61.5,5939,0.0,0.564000000000004,0.932065455017813,True,14.627995857047987,12.12714795800771,3.680806746434197,9.39721149288426,9.694558329908165,0.5703736381420124,0.6962579127842572,0.40857032039864855,-0.12973085310857257,0.6715401960534929,0.22794288920449504,4.497891325891628,6.182121552061704,0.11524439798335843,0.97718035596036,0.23444204718339465,0.8843849403554087,0.25509548558864303,0.8766961248427938,11.084384776028521,11.4849550184908,0.5722702980240144,0.6718452947098881,0.4483117779632313,-0.1310654652354888,0.726223195715566,0.2636737480906428,8.60858227717507,10.550045762672932,0.6309702480807441,0.2654634109512964,0.2505192984458929,-0.016132273509269428,0.2755013748299834,0.8048081654024688,wang,0.3,1.0,0.0,12.0
Subj08,walk_45,1.25,61.5,5939,0.0,0.564000000000004,0.932065455017813,True,14.627995857047987,12.12714795800771,3.680806746434197,9.044163587568494,9.369496660540252,0.5730443222375871,0.6913527234184536,0.3924110561250756,-0.11470706322160834,0.6431408319081621,0.24184941851878614,4.610086571369119,6.486555023993325,0.11406016776707839,0.9777228995562861,0.2304351869499654,0.8836073640937145,0.23934799355876318,0.8958039993844565,11.084384776028521,11.4849550184908,0.5722702980240144,0.6718452947098881,0.4483117779632313,-0.1310654652354888,0.726223195715566,0.2636737480906428,8.60858227717507,10.550045762672932,0.6309702480807441,0.2654634109512964,0.2505192984458929,-0.016132273509269428,0.2755013748299834,0.8048081654024688,wang,0.3,2.0,0.0,12.0
Subj08,walk_45,1.25,61.5,5939,0.0,0.564000000000004,0.932065455017813,True,14.627995857047987,12.12714795800771,3.680806746434197,9.323555246999932,9.687814386596465,0.5729261746033443,0.6890329550984807,0.40212379519979075,-0.12803060205022648,0.6551469533832527,0.24394780608631908,3.9023884377815428,5.313212895510976,0.11751450411073988,0.9763248392143588,0.24171205483014557,0.8699453138715814,0.2666429739447023,0.8861384118340104,11.084384776028521,11.4849550184908,0.5722702980240144,0.6718452947098881,0.4483117779632313,-0.1310654652354888,0.726223195715566,0.2636737480906428,8.60858227717507,10.550045762672932,0.6309702480807441,0.2654634109512964,0.2505192984458929,-0.016132273509269428,0.2755013748299834,0.8048081654024688,wang,0.4,1.0,0.0,12.0
Subj08,walk_45,1.25,61.5,5939,0.0,0.564000000000004,0.932065455017813,True,14.627995857047987,12.12714795800771,3.680806746434197,9.739875020560136,9.995102702743587,0.5681345184874608,0.6982823178669192,0.42329532234886535,-0.13892044142103996,0.6979931977163804,0.21835150827540326,4.4520668143403945,5.958209240586896,0.1165619063393553,0.9765882095141001,0.23874704374118044,0.8840726682536055,0.27073382287870235,0.8590452620528606,11.084384776028521,11.4849550184908,0.5722702980240144,0.6718452947098881,0.4483117779632313,-0.1310654652354888,0.726223195715566,0.2636737480906428,8.60858227717507,10.550045762672932,0.6309702480807441,0.2654634109512964,0.2505192984458929,-0.016132273509269428,0.2755013748299834,0.8048081654024688,wang,0.3,0.5,0.0,12.0
Subj08,walk_45,1.25,61.5,5939,0.0,0.564000000000004,0.932065455017813,True,14.627995857047987,12.12714795800771,3.680806746434197,9.813334959658905,10.01837940886463,0.5656413358383277,0.703433329391026,0.42952527327528145,-0.14219616609540764,0.7134788087347682,0.2037926547286371,5.164871318434427,7.038464342659488,0.11414728109350618,0.9774912708764353,0.23225213843183318,0.8924754161072387,0.2642623502698788,0.8449386646581932,11.084384776028521,11.4849550184908,0.5722702980240144,0.6718452947098881,0.4483117779632313,-0.1310654652354888,0.726223195715566,0.2636737480906428,8.60858227717507,10.550045762672932,0.6309702480807441,0.2654634109512964,0.2505192984458929,-0.016132273509269428,0.2755013748299834,0.8048081654024688,wang,0.2,0.5,0.0,12.0
Subj08,walk_45,1.25,61.5,5939,0.0,0.564000000000004,0.932065455017813,True,14.627995857047987,12.12714795800771,3.680806746434197,8.95422852156535,9.364089459509012,0.5760091571966635,0.681220665019185,0.3845405306273245,-0.1140382760780323,0.6229739263201822,0.2626722751907359,3.993485469621836,5.620683985796228,0.11603490742624809,0.9770040866187404,0.23682089195999326,0.8661524385084005,0.24864058844036374,0.9050580748613903,11.084384776028521,11.4849550184908,0.5722702980240144,0.6718452947098881,0.4483117779632313,-0.1310654652354888,0.726223195715566,0.2636737480906428,8.60858227717507,10.550045762672932,0.6309702480807441,0.2654634109512964,0.2505192984458929,-0.016132273509269428,0.2755013748299834,0.8048081654024688,wang,0.4,2.0,0.0,12.0
Subj08,walk_45,1.25,61.5,5939,0.0,0.564000000000004,0.932065455017813,True,14.627995857047987,12.12714795800771,3.680806746434197,9.495717097864977,9.722432153731114,0.5673791570209233,0.7042179868093227,0.41648227222306156,-0.13165368624695273,0.6914288136488332,0.20901336978008359,5.2585038012066505,7.282667955978423,0.11317280279922134,0.9779417881083272,0.2292651383807253,0.8943672678234988,0.2526419202442763,0.8615708651519884,11.084384776028521,11.4849550184908,0.5722702980240144,0.6718452947098881,0.4483117779632313,-0.1310654652354888,0.726223195715566,0.2636737480906428,8.60858227717507,10.550045762672932,0.6309702480807441,0.2654634109512964,0.2505192984458929,-0.016132273509269428,0.2755013748299834,0.8048081654024688,wang,0.2,1.0,0.0,12.0
Subj08,walk_45,1.25,61.5,5939,0.0,0.564000000000004,0.932065455017813,True,14.627995857047987,12.12714795800771,3.680806746434197,9.685427075568624,9.990694273303527,0.5702668437065812,0.6934873057620715,0.41826769246926626,-0.1361076021549802,0.6853855827946499,0.23050084887679007,3.896910937841495,5.1052545146479495,0.11910687770710969,0.9756063835396688,0.24682138067019482,0.8721158345479517,0.28437042193017303,0.8678840635091909,11.084384776028521,11.4849550184908,0.5722702980240144,0.6718452947098881,0.4483117779632313,-0.1310654652354888,0.726223195715566,0.2636737480906428,8.60858227717507,10.550045762672932,0.6309702480807441,0.2654634109512964,0.2505192984458929,-0.016132273509269428,0.2755013748299834,0.8048081654024688,wang,0.4,0.5,0.0,12.0
Subj08,walk_45,1.25,61.5,5939,0.0,0.564000000000004,0.932065455017813,True,14.627995857047987,12.12714795800771,3.680806746434197,9.16516261954443,9.397905822935636,0.569557807751891,0.7025782803949036,0.4020187153728738,-0.1153946469542219,0.6674072635534878,0.21759564838061105,5.402955161330604,7.590578189079506,0.11235778492603989,0.9783332010367468,0.22673796547885763,0.8952578253639206,0.24143858400996482,0.880722690828409,11.084384776028521,11.4849550184908,0.5722702980240144,0.6718452947098881,0.4483117779632313,-0.1310654652354888,0.726223195715566,0.2636737480906428,8.60858227717507,10.550045762672932,0.6309702480807441,0.2654634109512964,0.2505192984458929,-0.016132273509269428,0.2755013748299834,0.8048081654024688,wang,0.2,2.0,0.0,12.0
Subj08,walk_45,1.25,61.5,5939,0.0,0.564000000000004,0.932065455017813,True,14.627995857047987,12.12714795800771,3.680806746434197,9.66073587769608,9.753265357348562,0.5686264244879685,0.709689989640668,0.4160636051990527,-0.12265420135924157,0.678666681610367,0.24458374830559104,4.1163248604524325,5.2419727936921525,0.12171903657907032,0.9743285235504837,0.24087180786003518,0.8837205699033706,0.27215739444238024,0.8722479368261336,11.084384776028521,11.4849550184908,0.5722702980240144,0.6718452947098881,0.4483117779632313,-0.1310654652354888,0.726223195715566,0.2636737480906428,8.60858227717507,10.550045762672932,0.6309702480807441,0.2654634109512964,0.2505192984458929,-0.016132273509269428,0.2755013748299834,0.8048081654024688,wang,0.3,0.5,2.0,5.0
Subj08,walk_45,1.25,61.5,5939,0.0,0.564000000000004,0.932065455017813,True,14.627995857047987,12.12714795800771,3.680806746434197,9.605997083314206,9.750972250425763,0.5704313009127268,0.7054485853504123,0.4117721516513181,-0.12112722294486349,0.6677018792613792,0.2547015018216139,3.6749921077779817,4.584694590637823,0.12373815351288442,0.973543319025315,0.24954454911493942,0.8700696390156285,0.2884743106166121,0.8777567042716802,11.084384776028521,11.4849550184908,0.5722702980240144,0.6718452947098881,0.4483117779632313,-0.1310654652354888,0.726223195715566,0.2636737480906428,8.60858227717507,10.550045762672932,0.6309702480807441,0.2654634109512964,0.2505192984458929,-0.016132273509269428,0.2755013748299834,0.8048081654024688,wang,0.4,0.5,2.0,5.0
Subj08,walk_45,1.25,61.5,5939,0.0,0.564000000000004,0.932065455017813,True,14.627995857047987,12.12714795800771,3.680806746434197,9.70183682016247,9.903313874876357,0.5682078839583012,0.7043140115095678,0.42065614546286756,-0.13787485731902796,0.6900557678384727,0.2273509670918406,4.363746725793327,5.773396697794132,0.11762123717228205,0.9761334658360185,0.23882319647106665,0.8862335555840507,0.2699059383991219,0.8624741091443292,11.084384776028521,11.4849550184908,0.5722702980240144,0.6718452947098881,0.4483117779632313,-0.1310654652354888,0.726223195715566,0.2636737480906428,8.60858227717507,10.550045762672932,0.6309702480807441,0.2654634109512964,0.2505192984458929,-0.016132273509269428,0.2755013748299834,0.8048081654024688,wang,0.3,0.5,2.0,8.0
Subj08,walk_45,1.25,61.5,5939,0.0,0.564000000000004,0.932065455017813,True,14.627995857047987,12.12714795800771,3.680806746434197,9.649432345810771,9.903810133029825,0.5702280803618776,0.6995919230348523,0.4159392979558283,-0.1353681169809254,0.6781637642084947,0.2387482847417448,3.833574484127815,4.962594958849318,0.12002715441730619,0.97520467612196,0.247029341853254,0.8739342391204448,0.2843098170037997,0.8700951571881079,11.084384776028521,11.4849550184908,0.5722702980240144,0.6718452947098881,0.4483117779632313,-0.1310654652354888,0.726223195715566,0.2636737480906428,8.60858227717507,10.550045762672932,0.6309702480807441,0.2654634109512964,0.2505192984458929,-0.016132273509269428,0.2755013748299834,0.8048081654024688,wang,0.4,0.5,2.0,8.0
Subj08,walk_54,1.5,61.5,5871,0.0,0.564000000000004,0.9321925352066578,True,29.122273364576913,14.214755725679106,4.075734360489619,11.37599593626255,12.887248722580983,0.5737069744278389,0.5827358710136255,0.4643982872365881,0.09257127582158665,0.70564459591687,0.3861905028253004,8.175664931921178,12.407737530563773,0.3031448637760136,0.8549679607506716,0.17337063915512563,0.9196952467481129,0.41577975327767164,0.7452025931081763,12.258958454455165,13.160134491671943,0.5557966633378629,0.6483773562957352,0.5243135098568387,0.01781302791159152,0.8491147429716918,0.24276249119008977,11.446587723464363,13.998257535889932,0.6286889498568448,0.3023477332858984,0.3422756653462375,0.16227595257732294,0.34725293711992367,0.8342044624595387,wang,0.3,1.0,0.0,12.0
Subj08,walk_54,1.5,61.5,5871,0.0,0.564000000000004,0.9321925352066578,True,29.122273364576913,14.214755725679106,4.075734360489619,11.084171432374077,12.741450769897465,0.5797955907529836,0.5580518497232123,0.441300583276133,0.12714924146261666,0.6593854450329548,0.42998563526936034,8.28762232217466,12.73192068965103,0.30261930866312475,0.8547545250785865,0.15229873781800346,0.9220067593725516,0.3601406210437621,0.8025051518219223,12.258958454455165,13.160134491671943,0.5557966633378629,0.6483773562957352,0.5243135098568387,0.01781302791159152,0.8491147429716918,0.24276249119008977,11.446587723464363,13.998257535889932,0.6286889498568448,0.3023477332858984,0.3422756653462375,0.16227595257732294,0.34725293711992367,0.8342044624595387,wang,0.3,2.0,0.0,12.0
Subj08,walk_54,1.5,61.5,5871,0.0,0.564000000000004,0.9321925352066578,True,29.122273364576913,14.214755725679106,4.075734360489619,11.35732157598078,12.914488433441665,0.5752031008333728,0.5791055421106944,0.4609381863976749,0.09032384097117478,0.6956267589180415,0.39489703541963544,7.417810643734649,11.283134954545057,0.305066757672037,0.8525033595725277,0.1696600181618662,0.91836468647532,0.41854822375996775,0.769684306244548,12.258958454455165,13.160134491671943,0.5557966633378629,0.6483773562957352,0.5243135098568387,0.01781302791159152,0.8491147429716918,0.24276249119008977,11.446587723464363,13.998257535889932,0.6286889498568448,0.3023477332858984,0.3422756653462375,0.16227595257732294,0.34725293711992367,0.8342044624595387,wang,0.4,1.0,0.0,12.0
Subj08,walk_54,1.5,61.5,5871,0.0,0.564000000000004,0.9321925352066578,True,29.122273364576913,14.214755725679106,4.075734360489619,11.622712653923452,12.963181975897875,0.5673392505342905,0.605775658544635,0.4860900519034642,0.06768697919420964,0.7534982278667136,0.3429652092048307,8.152562443621907,12.183784853728303,0.3035805913027965,0.8552446174192487,0.1928004504031804,0.9174025808401146,0.46221698825780855,0.6961973517797733,12.258958454455165,13.160134491671943,0.5557966633378629,0.6483773562957352,0.5243135098568387,0.01781302791159152,0.8491147429716918,0.24276249119008977,11.446587723464363,13.998257535889932,0.6286889498568448,0.3023477332858984,0.3422756653462375,0.16227595257732294,0.34725293711992367,0.8342044624595387,wang,0.3,0.5,0.0,12.0
Subj08,walk_54,1.5,61.5,5871,0.0,0.564000000000004,0.9321925352066578,True,29.122273364576913,14.214755725679106,4.075734360489619,11.657747798457738,12.960316193395023,0.5661344847510864,0.6074914328344666,0.4894255839202529,0.06903684394910294,0.7617223600906696,0.33770743569323497,9.126743666697834,13.625059839961542,0.3018973906410702,0.8574698669517324,0.204591908329136,0.9083840801702435,0.46973102169610953,0.6538173448933375,12.258958454455165,13.160134491671943,0.5557966633378629,0.6483773562957352,0.5243135098568387,0.01781302791159152,0.8491147429716918,0.24276249119008977,11.446587723464363,13.998257535889932,0.6286889498568448,0.3023477332858984,0.3422756653462375,0.16227595257732294,0.34725293711992367,0.8342044624595387,wang,0.2,0.5,0.0,12.0
Subj08,walk_54,1.5,61.5,5871,0.0,0.564000000000004,0.9321925352066578,True,29.122273364576913,14.214755725679106,4.075734360489619,11.07794201936255,12.79120312213002,0.5817252553613493,0.5520466102365995,0.4371597630592138,0.12369497223642557,0.6460181637625488,0.443925803051943,7.5625715526863715,11.642744601207973,0.3047864127172893,0.8519147471097683,0.1484294027603712,0.9191309867817316,0.36303849367573787,0.8215456685817872,12.258958454455165,13.160134491671943,0.5557966633378629,0.6483773562957352,0.5243135098568387,0.01781302791159152,0.8491147429716918,0.24276249119008977,11.446587723464363,13.998257535889932,0.6286889498568448,0.3023477332858984,0.3422756653462375,0.16227595257732294,0.34725293711992367,0.8342044624595387,wang,0.4,2.0,0.0,12.0
Subj08,walk_54,1.5,61.5,5871,0.0,0.564000000000004,0.9321925352066578,True,29.122273364576913,14.214755725679106,4.075734360489619,11.400938910033684,12.856989613423645,0.5719465324010933,0.5869852082091667,0.46858963186037533,0.09518802300129618,0.7176527509628606,0.37582631017389023,9.142625598777553,13.828206609852774,0.30114529104344745,0.8576427847305439,0.18660323164306555,0.9099130991570259,0.42526263934025815,0.7067608380302017,12.258958454455165,13.160134491671943,0.5557966633378629,0.6483773562957352,0.5243135098568387,0.01781302791159152,0.8491147429716918,0.24276249119008977,11.446587723464363,13.998257535889932,0.6286889498568448,0.3023477332858984,0.3422756653462375,0.16227595257732294,0.34725293711992367,0.8342044624595387,wang,0.2,1.0,0.0,12.0
Subj08,walk_54,1.5,61.5,5871,0.0,0.564000000000004,0.9321925352066578,True,29.122273364576913,14.214755725679106,4.075734360489619,11.593893606190603,12.965842821418919,0.568362098605915,0.6043060357256219,0.4833234226504617,0.06649845550796875,0.7466658077494849,0.34732759142373004,7.380706931644483,11.033965785957951,0.30522876576872954,0.8531656145837313,0.18938329462380166,0.9170709431742204,0.4652294731884587,0.7238833712977364,12.258958454455165,13.160134491671943,0.5557966633378629,0.6483773562957352,0.5243135098568387,0.01781302791159152,0.8491147429716918,0.24276249119008977,11.446587723464363,13.998257535889932,0.6286889498568448,0.3023477332858984,0.3422756653462375,0.16227595257732294,0.34725293711992367,0.8342044624595387,wang,0.4,0.5,0.0,12.0
Subj08,walk_54,1.5,61.5,5871,0.0,0.564000000000004,0.9321925352066578,True,29.122273364576913,14.214755725679106,4.075734360489619,11.096412760485908,12.685291747596622,0.577520216272786,0.5650807098703515,0.44633346597754786,0.1311342981499661,0.6753369697976397,0.4134726564502334,9.229414346365695,14.120170936078027,0.3003290951777012,0.8578677136691254,0.16720955652771097,0.9110262526583062,0.37198682045531845,0.7715676348707148,12.258958454455165,13.160134491671943,0.5557966633378629,0.6483773562957352,0.5243135098568387,0.01781302791159152,0.8491147429716918,0.24276249119008977,11.446587723464363,13.998257535889932,0.6286889498568448,0.3023477332858984,0.3422756653462375,0.16227595257732294,0.34725293711992367,0.8342044624595387,wang,0.2,2.0,0.0,12.0
Subj08,walk_54,1.5,61.5,5871,0.0,0.564000000000004,0.9321925352066578,True,29.122273364576913,14.214755725679106,4.075734360489619,11.44482720568579,12.70312308392477,0.5708506476684183,0.5893300970835195,0.4731095035630999,0.11181852056324768,0.7196604472974851,0.3906279199974934,7.4144899572010265,10.974311189086373,0.3098362734616073,0.8492477141039538,0.18007065635107106,0.9392942145545078,0.44827185302348116,0.7383436573726355,12.258958454455165,13.160134491671943,0.5557966633378629,0.6483773562957352,0.5243135098568387,0.01781302791159152,0.8491147429716918,0.24276249119008977,11.446587723464363,13.998257535889932,0.6286889498568448,0.3023477332858984,0.3422756653462375,0.16227595257732294,0.34725293711992367,0.8342044624595387,wang,0.3,0.5,2.0,5.0
Subj08,walk_54,1.5,61.5,5871,0.0,0.564000000000004,0.9321925352066578,True,29.122273364576913,14.214755725679106,4.075734360489619,11.42091842396327,12.713537658553207,0.5718484187701698,0.587730848645014,0.4705009124566757,0.11045094617706712,0.7131690998099417,0.3946899373628732,6.763353787575156,10.041250668013149,0.31131326525894615,0.8472788956453263,0.1810797091599656,0.9318005058371538,0.4558648206904599,0.7585060119628884,12.258958454455165,13.160134491671943,0.5557966633378629,0.6483773562957352,0.5243135098568387,0.01781302791159152,0.8491147429716918,0.24276249119008977,11.446587723464363,13.998257535889932,0.6286889498568448,0.3023477332858984,0.3422756653462375,0.16227595257732294,0.34725293711992367,0.8342044624595387,wang,0.4,0.5,2.0,5.0
Subj08,walk_54,1.5,61.5,5871,0.0,0.564000000000004,0.9321925352066578,True,29.122273364576913,14.214755725679106,4.075734360489619,11.496471440832453,12.746970123264184,0.5675590027474623,0.6052855915347032,0.4816734938142041,0.07888075698344155,0.7428935343998803,0.35469969137895324,8.000009683630003,11.93106069471484,0.304695410265714,0.8542340395329641,0.18855326977614184,0.924582022592826,0.4577396200364097,0.7053078469647112,12.258958454455165,13.160134491671943,0.5557966633378629,0.6483773562957352,0.5243135098568387,0.01781302791159152,0.8491147429716918,0.24276249119008977,11.446587723464363,13.998257535889932,0.6286889498568448,0.3023477332858984,0.3422756653462375,0.16227595257732294,0.34725293711992367,0.8342044624595387,wang,0.3,0.5,2.0,8.0
Subj08,walk_54,1.5,61.5,5871,0.0,0.564000000000004,0.9321925352066578,True,29.122273364576913,14.214755725679106,4.075734360489619,11.468811439476557,12.752169824452722,0.56856164847871,0.6037899707281363,0.47898380056727674,0.07743741666402942,0.7362449677865074,0.35883215917459516,7.244591124419327,10.814257516323558,0.30626934612597495,0.8522082967053769,0.18590224915715062,0.9227759012994005,0.4616125412375734,0.7312408202400851,12.258958454455165,13.160134491671943,0.5557966633378629,0.6483773562957352,0.5243135098568387,0.01781302791159152,0.8491147429716918,0.24276249119008977,11.446587723464363,13.998257535889932,0.6286889498568448,0.3023477332858984,0.3422756653462375,0.16227595257732294,0.34725293711992367,0.8342044624595387,wang,0.4,0.5,2.0,8.0
Subj09,walk_09,0.25,81.0,5869,0.0,0.564000000000004,0.8917885266544356,True,6.984686309142457,1.464386065174185,1.2784602514120698,1.0487629178828843,1.0760929030867412,0.1662934784668726,0.9719033664664297,0.19958968524101198,0.9626355797203949,0.5637326530748938,-0.7791954938083998,1.0011248594518378,1.1388945206926346,0.14911311241043398,0.9714283617252283,0.09483179246242518,0.982116319895498,0.14632101808200412,0.7692596138017007,1.429449894906546,1.5890200673528467,0.17751011881798628,0.9751621081813842,0.2543995340058988,0.8928437325624237,0.6648997987805014,-0.5139813620149074,2.2205988183599232,2.3909228003258183,0.1687515637546094,0.9813241582377649,0.22490949049860642,0.8305480202604569,0.5864139076181248,-0.2741024127698606,wang,0.3,1.0,0.0,12.0
Subj09,walk_09,0.25,81.0,5869,0.0,0.564000000000004,0.8917885266544356,True,6.984686309142457,1.464386065174185,1.2784602514120698,1.3028894494065224,1.2040620561766766,0.16331349878035004,0.9735034219054584,0.18549501086164008,0.964463779008365,0.5343238912729115,-0.7742235901436132,0.9643990442047851,1.1204342679133383,0.15056566232776394,0.9709998524222139,0.10039414650814192,0.9818117039155905,0.1534240654203822,0.8173119443438909,1.429449894906546,1.5890200673528467,0.17751011881798628,0.9751621081813842,0.2543995340058988,0.8928437325624237,0.6648997987805014,-0.5139813620149074,2.2205988183599232,2.3909228003258183,0.1687515637546094,0.9813241582377649,0.22490949049860642,0.8305480202604569,0.5864139076181248,-0.2741024127698606,wang,0.3,2.0,0.0,12.0
Subj09,walk_09,0.25,81.0,5869,0.0,0.564000000000004,0.8917885266544356,True,6.984686309142457,1.464386065174185,1.2784602514120698,0.9526035212345813,0.9621078048821713,0.16667742152713996,0.9724491459437632,0.20078689986476753,0.9593735116875954,0.5657673928936024,-0.7510513366086284,0.8935107265795028,0.9945895646414118,0.14884673228784145,0.9722919960042528,0.09266665907925141,0.9815894045818274,0.139255686959294,0.8146312060423269,1.429449894906546,1.5890200673528467,0.17751011881798628,0.9751621081813842,0.2543995340058988,0.8928437325624237,0.6648997987805014,-0.5139813620149074,2.2205988183599232,2.3909228003258183,0.1687515637546094,0.9813241582377649,0.22490949049860642,0.8305480202604569,0.5864139076181248,-0.2741024127698606,wang,0.4,1.0,0.0,12.0
Subj09,walk_09,0.25,81.0,5869,0.0,0.564000000000004,0.8917885266544356,True,6.984686309142457,1.464386065174185,1.2784602514120698,0.889064136362566,0.9995148680216523,0.16917118008471996,0.970292046338773,0.21364102668385893,0.9598867311977816,0.5924566509440553,-0.7809931390945458,1.0927319044109083,1.185679756712243,0.14774591546057403,0.9718503802062362,0.09042583280320902,0.9807037979169421,0.14162054110512845,0.7271916139462595,1.429449894906546,1.5890200673528467,0.17751011881798628,0.9751621081813842,0.2543995340058988,0.8928437325624237,0.6648997987805014,-0.5139813620149074,2.2205988183599232,2.3909228003258183,0.1687515637546094,0.9813241582377649,0.22490949049860642,0.8305480202604569,0.5864139076181248,-0.2741024127698606,wang,0.3,0.5,0.0,12.0
Subj09,walk_09,0.25,81.0,5869,0.0,0.564000000000004,0.8917885266544356,True,6.984686309142457,1.464386065174185,1.2784602514120698,1.014048597171882,1.1528233104389625,0.16886395633114318,0.9695890421860043,0.2130807266410627,0.9628588088598249,0.5915653664861937,-0.807966891361803,1.2245365158536834,1.3649481415231888,0.14797851042130714,0.9708697966730446,0.09313769485290625,0.9802103915730688,0.15020362396260842,0.6564234652973984,1.429449894906546,1.5890200673528467,0.17751011881798628,0.9751621081813842,0.2543995340058988,0.8928437325624237,0.6648997987805014,-0.5139813620149074,2.2205988183599232,2.3909228003258183,0.1687515637546094,0.9813241582377649,0.22490949049860642,0.8305480202604569,0.5864139076181248,-0.2741024127698606,wang,0.2,0.5,0.0,12.0
Subj09,walk_09,0.25,81.0,5869,0.0,0.564000000000004,0.8917885266544356,True,6.984686309142457,1.464386065174185,1.2784602514120698,1.2062860900748913,1.0965839981031975,0.1638058416098461,0.9739978589701678,0.1871705190051222,0.9610522378400025,0.5373154878463312,-0.7416845652532125,0.8562757652071152,0.9822603576897203,0.15021064859726396,0.9718894438645113,0.09789618046026076,0.980993113978282,0.14585905758717718,0.8563109832504672,1.429449894906546,1.5890200673528467,0.17751011881798628,0.9751621081813842,0.2543995340058988,0.8928437325624237,0.6648997987805014,-0.5139813620149074,2.2205988183599232,2.3909228003258183,0.1687515637546094,0.9813241582377649,0.22490949049860642,0.8305480202604569,0.5864139076181248,-0.2741024127698606,wang,0.4,2.0,0.0,12.0
Subj09,walk_09,0.25,81.0,5869,0.0,0.564000000000004,0.8917885266544356,True,6.984686309142457,1.464386065174185,1.2784602514120698,1.175518756583785,1.226680764683799,0.16586390434432358,0.9712614593419676,0.1985037492554606,0.9657098934593011,0.5617822418980882,-0.8101300534251312,1.1405390969033287,1.3189626872283096,0.1494406978485006,0.9704108263539261,0.09789552885058231,0.9818740074501298,0.1554915722529724,0.6898573736067454,1.429449894906546,1.5890200673528467,0.17751011881798628,0.9751621081813842,0.2543995340058988,0.8928437325624237,0.6648997987805014,-0.5139813620149074,2.2205988183599232,2.3909228003258183,0.1687515637546094,0.9813241582377649,0.22490949049860642,0.8305480202604569,0.5864139076181248,-0.2741024127698606,wang,0.2,1.0,0.0,12.0
Subj09,walk_09,0.25,81.0,5869,0.0,0.564000000000004,0.8917885266544356,True,6.984686309142457,1.464386065174185,1.2784602514120698,0.794952273500366,0.8827429936317578,0.16944893443566145,0.9708900931185531,0.2143523711130834,0.9567972733640554,0.5935387837923733,-0.7563693261692941,0.9911217213785524,1.0415648705311673,0.14756184242307457,0.972682540290883,0.08858239695555899,0.9803863797812338,0.13510023010328656,0.7722892163571264,1.429449894906546,1.5890200673528467,0.17751011881798628,0.9751621081813842,0.2543995340058988,0.8928437325624237,0.6648997987805014,-0.5139813620149074,2.2205988183599232,2.3909228003258183,0.1687515637546094,0.9813241582377649,0.22490949049860642,0.8305480202604569,0.5864139076181248,-0.2741024127698606,wang,0.4,0.5,0.0,12.0
Subj09,walk_09,0.25,81.0,5869,0.0,0.564000000000004,0.8917885266544356,True,6.984686309142457,1.464386065174185,1.2784602514120698,1.429594313430092,1.347871527801068,0.16275928230046252,0.9729210837603327,0.18390468016739153,0.9675813523313296,0.5313234530826402,-0.8101285585198003,1.1063072922091253,1.2957678007622397,0.15099560799612638,0.9699515811588398,0.10382650750398534,0.9819031162120616,0.1631444711848796,0.7342566995412005,1.429449894906546,1.5890200673528467,0.17751011881798628,0.9751621081813842,0.2543995340058988,0.8928437325624237,0.6648997987805014,-0.5139813620149074,2.2205988183599232,2.3909228003258183,0.1687515637546094,0.9813241582377649,0.22490949049860642,0.8305480202604569,0.5864139076181248,-0.2741024127698606,wang,0.2,2.0,0.0,12.0
Subj09,walk_09,0.25,81.0,5869,0.0,0.564000000000004,0.8917885266544356,True,6.984686309142457,1.464386065174185,1.2784602514120698,0.8399818741623853,0.9506997606473986,0.1693930342138063,0.9704793827578593,0.21467510541522472,0.9604600342611749,0.5944828711657322,-0.7835468175650695,1.071212749317633,1.1788895878422612,0.1475656944636239,0.972118362965991,0.08928674380324043,0.9820526935856758,0.13916282012354672,0.7523548317612934,1.429449894906546,1.5890200673528467,0.17751011881798628,0.9751621081813842,0.2543995340058988,0.8928437325624237,0.6648997987805014,-0.5139813620149074,2.2205988183599232,2.3909228003258183,0.1687515637546094,0.9813241582377649,0.22490949049860642,0.8305480202604569,0.5864139076181248,-0.2741024127698606,wang,0.3,0.5,2.0,5.0
Subj09,walk_09,0.25,81.0,5869,0.0,0.564000000000004,0.8917885266544356,True,6.984686309142457,1.464386065174185,1.2784602514120698,0.7471938190348061,0.8371548524691218,0.16966202683227377,0.9710651936673916,0.21535504206632003,0.957380833472126,0.5955290760451787,-0.7592701542008364,0.9734315532365878,1.0424406915974573,0.14738712130943424,0.9729267084240052,0.08747667966238297,0.981779872887959,0.132775545894927,0.7946269376329232,1.429449894906546,1.5890200673528467,0.17751011881798628,0.9751621081813842,0.2543995340058988,0.8928437325624237,0.6648997987805014,-0.5139813620149074,2.2205988183599232,2.3909228003258183,0.1687515637546094,0.9813241582377649,0.22490949049860642,0.8305480202604569,0.5864139076181248,-0.2741024127698606,wang,0.4,0.5,2.0,5.0
Subj09,walk_09,0.25,81.0,5869,0.0,0.564000000000004,0.8917885266544356,True,6.984686309142457,1.464386065174185,1.2784602514120698,0.872974088852771,0.9835296382732135,0.16925687077293053,0.9703476557109935,0.21402978402757397,0.9601142936191873,0.5932694994559929,-0.782192843103234,1.089021899674911,1.1855267083156789,0.1476812769393864,0.9719424912361262,0.09005547462738353,0.9811051828936495,0.14089364069869695,0.7347599470858663,1.429449894906546,1.5890200673528467,0.17751011881798628,0.9751621081813842,0.2543995340058988,0.8928437325624237,0.6648997987805014,-0.5139813620149074,2.2205988183599232,2.3909228003258183,0.1687515637546094,0.9813241582377649,0.22490949049860642,0.8305480202604569,0.5864139076181248,-0.2741024127698606,wang,0.3,0.5,2.0,8.0
Subj09,walk_09,0.25,81.0,5869,0.0,0.564000000000004,0.8917885266544356,True,6.984686309142457,1.464386065174185,1.2784602514120698,0.779030544446618,0.8673813535575614,0.16953057423631235,0.9709436824377664,0.21472570975681846,0.9570339547025728,0.5943313665052359,-0.7577031654452016,0.9887082683028715,1.043755452340332,0.14749836471743963,0.9727684714301739,0.08822151474571291,0.9808094077527816,0.13441839738578698,0.7789542570955249,1.429449894906546,1.5890200673528467,0.17751011881798628,0.9751621081813842,0.2543995340058988,0.8928437325624237,0.6648997987805014,-0.5139813620149074,2.2205988183599232,2.3909228003258183,0.1687515637546094,0.9813241582377649,0.22490949049860642,0.8305480202604569,0.5864139076181248,-0.2741024127698606,wang,0.4,0.5,2.0,8.0
Subj09,walk_18,0.5,81.0,5904,0.0,0.560000000000004,0.95397060650221,True,7.921931856427979,2.382372886279018,2.5001014333671003,1.0681187742252487,1.2474721765108494,0.18712630033993585,0.9702251933052688,0.20280073544330612,0.926281686464883,0.5369489919408159,-0.3949555408649781,1.4896950767586146,1.7317038436600711,0.1689523325923745,0.9717678158305564,0.14220078142793346,0.9377078128883517,0.18173872522155862,0.7080743109302716,3.226525205066601,3.948851373856528,0.2001562885933374,0.9795252015471687,0.30158409492290356,0.7097863023633666,0.6869789417588154,0.03514820228902815,4.180135659498699,4.769052166501173,0.1920608268905225,0.9852498331859771,0.28837772095264136,0.49313790555134124,0.6040135828499251,0.33121066328233567,wang,0.3,1.0,0.0,12.0
Subj09,walk_18,0.5,81.0,5904,0.0,0.560000000000004,0.95397060650221,True,7.921931856427979,2.382372886279018,2.5001014333671003,1.1708837659049003,1.3291667000680545,0.1850316198020321,0.9708623025790534,0.19134146749911346,0.9271574847609811,0.5117047871904904,-0.36074198204587354,1.3179456106809746,1.6051701137866117,0.17121254094486257,0.9707059698407011,0.14427627394381445,0.9408152304378713,0.17941774129784213,0.7645672333649172,3.226525205066601,3.948851373856528,0.2001562885933374,0.9795252015471687,0.30158409492290356,0.7097863023633666,0.6869789417588154,0.03514820228902815,4.180135659498699,4.769052166501173,0.1920608268905225,0.9852498331859771,0.28837772095264136,0.49313790555134124,0.6040135828499251,0.33121066328233567,wang,0.3,2.0,0.0,12.0
Subj09,walk_18,0.5,81.0,5904,0.0,0.560000000000004,0.95397060650221,True,7.921931856427979,2.382372886279018,2.5001014333671003,0.9635347517168181,1.099531895970201,0.18743700305674618,0.9713711618709285,0.20581286138632227,0.9141389355466413,0.5379853249424243,-0.3233935057755619,1.3153561454982563,1.4847102579584843,0.168896173630393,0.9731077006359766,0.1457773022299472,0.924974025758332,0.17995103183760497,0.7387729641585702,3.226525205066601,3.948851373856528,0.2001562885933374,0.9795252015471687,0.30158409492290356,0.7097863023633666,0.6869789417588154,0.03514820228902815,4.180135659498699,4.769052166501173,0.1920608268905225,0.9852498331859771,0.28837772095264136,0.49313790555134124,0.6040135828499251,0.33121066328233567,wang,0.4,1.0,0.0,12.0
Subj09,walk_18,0.5,81.0,5904,0.0,0.560000000000004,0.95397060650221,True,7.921931856427979,2.382372886279018,2.5001014333671003,1.0965131336902256,1.250115780628296,0.18927147125262841,0.9694738361655625,0.2145703431280545,0.9243446436500575,0.5623779006901939,-0.42224397627067406,1.7160696276709386,1.9005749159110403,0.16696765121161888,0.9726309885257285,0.14159553326844143,0.9318001131301623,0.18767914534863672,0.6586244640121522,3.226525205066601,3.948851373856528,0.2001562885933374,0.9795252015471687,0.30158409492290356,0.7097863023633666,0.6869789417588154,0.03514820228902815,4.180135659498699,4.769052166501173,0.1920608268905225,0.9852498331859771,0.28837772095264136,0.49313790555134124,0.6040135828499251,0.33121066328233567,wang,0.3,0.5,0.0,12.0
Subj09,walk_18,0.5,81.0,5904,0.0,0.560000000000004,0.95397060650221,True,7.921931856427979,2.382372886279018,2.5001014333671003,1.272637635553159,1.4975768927749562,0.1890089152319093,0.9681120044197089,0.21218164932139427,0.9353805936861033,0.5625088740668704,-0.49792787979081055,1.9411114494151893,2.221368968709409,0.16701720243710208,0.9710903507634218,0.1383151560725192,0.9429654845287792,0.192477015176256,0.6000328987017713,3.226525205066601,3.948851373856528,0.2001562885933374,0.9795252015471687,0.30158409492290356,0.7097863023633666,0.6869789417588154,0.03514820228902815,4.180135659498699,4.769052166501173,0.1920608268905225,0.9852498331859771,0.28837772095264136,0.49313790555134124,0.6040135828499251,0.33121066328233567,wang,0.2,0.5,0.0,12.0
Subj09,walk_18,0.5,81.0,5904,0.0,0.560000000000004,0.95397060650221,True,7.921931856427979,2.382372886279018,2.5001014333671003,1.0746848479649405,1.1918471630347576,0.1853853131202783,0.9719985357889391,0.1946940254310895,0.9140984209932295,0.5129310249826652,-0.28153098561263523,1.1376934710085755,1.359667510796818,0.1710791356432242,0.9720810710436854,0.14749927148671316,0.927451694623727,0.1770059981939123,0.7848945039121381,3.226525205066601,3.948851373856528,0.2001562885933374,0.9795252015471687,0.30158409492290356,0.7097863023633666,0.6869789417588154,0.03514820228902815,4.180135659498699,4.769052166501173,0.1920608268905225,0.9852498331859771,0.28837772095264136,0.49313790555134124,0.6040135828499251,0.33121066328233567,wang,0.4,2.0,0.0,12.0
Subj09,walk_18,0.5,81.0,5904,0.0,0.560000000000004,0.95397060650221,True,7.921931856427979,2.382372886279018,2.5001014333671003,1.2544433632054586,1.4989783804102832,0.18681937335617207,0.9688706934807287,0.20014239144796955,0.9380148767772247,0.5370184032641664,-0.4803469764550908,1.7344882637799761,2.065472473105406,0.16908973592787968,0.9701752521091802,0.1393284984289733,0.9492570713287194,0.187548339612958,0.6497362153693277,3.226525205066601,3.948851373856528,0.2001562885933374,0.9795252015471687,0.30158409492290356,0.7097863023633666,0.6869789417588154,0.03514820228902815,4.180135659498699,4.769052166501173,0.1920608268905225,0.9852498331859771,0.28837772095264136,0.49313790555134124,0.6040135828499251,0.33121066328233567,wang,0.2,1.0,0.0,12.0
Subj09,walk_18,0.5,81.0,5904,0.0,0.560000000000004,0.95397060650221,True,7.921931856427979,2.382372886279018,2.5001014333671003,0.9982448398256591,1.1051193634254997,0.1895426191518218,0.9706241718464255,0.21728813337565117,0.9130299238370087,0.5632690548746229,-0.35785594402508175,1.5566727296579181,1.665210985090474,0.16698874365202154,0.973925484978343,0.14549000189200964,0.9195369387810062,0.18663256266993206,0.6933789249668593,3.226525205066601,3.948851373856528,0.2001562885933374,0.9795252015471687,0.30158409492290356,0.7097863023633666,0.6869789417588154,0.03514820228902815,4.180135659498699,4.769052166501173,0.1920608268905225,0.9852498331859771,0.28837772095264136,0.49313790555134124,0.6040135828499251,0.33121066328233567,wang,0.4,0.5,0.0,12.0
Subj09,walk_18,0.5,81.0,5904,0.0,0.560000000000004,0.95397060650221,True,7.921931856427979,2.382372886279018,2.5001014333671003,1.3482492968953081,1.568799473360437,0.18467663916379515,0.9695211036263667,0.18837526413935027,0.9396225218088557,0.5116857588023599,-0.45717984563593095,1.574309878027067,1.9399997810512943,0.17143653739275147,0.9690754964981801,0.1418496472534782,0.9529186051611458,0.18605539870717608,0.7158770769481315,3.226525205066601,3.948851373856528,0.2001562885933374,0.9795252015471687,0.30158409492290356,0.7097863023633666,0.6869789417588154,0.03514820228902815,4.180135659498699,4.769052166501173,0.1920608268905225,0.9852498331859771,0.28837772095264136,0.49313790555134124,0.6040135828499251,0.33121066328233567,wang,0.2,2.0,0.0,12.0
Subj09,walk_18,0.5,81.0,5904,0.0,0.560000000000004,0.95397060650221,True,7.921931856427979,2.382372886279018,2.5001014333671003,0.9732145595764747,1.1444505319556901,0.18965947148152687,0.9698192280645251,0.21589835561752138,0.9256195539682623,0.5648083966189522,-0.4208931635679794,1.6668507336931138,1.8444552975597939,0.16714462014557188,0.9728628137541994,0.1420741456229642,0.933928774145604,0.1882883051896268,0.6701395460584573,3.226525205066601,3.948851373856528,0.2001562885933374,0.9795252015471687,0.30158409492290356,0.7097863023633666,0.6869789417588154,0.03514820228902815,4.180135659498699,4.769052166501173,0.1920608268905225,0.9852498331859771,0.28837772095264136,0.49313790555134124,0.6040135828499251,0.33121066328233567,wang,0.3,0.5,2.0,5.0
Subj09,walk_18,0.5,81.0,5904,0.0,0.560000000000004,0.95397060650221,True,7.921931856427979,2.382372886279018,2.5001014333671003,0.884740063918133,1.0164628524721442,0.189927134691972,0.9709343937051942,0.2186378319257567,0.9145020822398762,0.5659164186031922,-0.35763563652433566,1.5201820713676861,1.628551842090574,0.16716760315498105,0.9741098814819514,0.14602129422595583,0.9217454189927115,0.1880070395780504,0.7002527385796318,3.226525205066601,3.948851373856528,0.2001562885933374,0.9795252015471687,0.30158409492290356,0.7097863023633666,0.6869789417588154,0.03514820228902815,4.180135659498699,4.769052166501173,0.1920608268905225,0.9852498331859771,0.28837772095264136,0.49313790555134124,0.6040135828499251,0.33121066328233567,wang,0.4,0.5,2.0,5.0
Subj09,walk_18,0.5,81.0,5904,0.0,0.560000000000004,0.95397060650221,True,7.921931856427979,2.382372886279018,2.5001014333671003,1.0689943293765074,1.2328529520350697,0.1894173143968097,0.9695996627157829,0.21515055856569354,0.9252017464894747,0.5636202526698196,-0.42412138971282953,1.7149817981192106,1.8996584444225844,0.16698445573354043,0.9727422546790349,0.14183463140326535,0.9324637939486586,0.18833600882569024,0.6612739459162134,3.226525205066601,3.948851373856528,0.2001562885933374,0.9795252015471687,0.30158409492290356,0.7097863023633666,0.6869789417588154,0.03514820228902815,4.180135659498699,4.769052166501173,0.1920608268905225,0.9852498331859771,0.28837772095264136,0.49313790555134124,0.6040135828499251,0.33121066328233567,wang,0.3,0.5,2.0,8.0
Subj09,walk_18,0.5,81.0,5904,0.0,0.560000000000004,0.95397060650221,True,7.921931856427979,2.382372886279018,2.5001014333671003,0.9712415061561916,1.0887031610558506,0.18968570306104054,0.9707419629813157,0.21785245228920072,0.9139842040505105,0.5645463727736051,-0.35987424631423215,1.5588214303585006,1.6689853613435972,0.16700624588994978,0.9740226317935465,0.14573306766007316,0.9202465850284364,0.18749467322496757,0.694826859847362,3.226525205066601,3.948851373856528,0.2001562885933374,0.9795252015471687,0.30158409492290356,0.7097863023633666,0.6869789417588154,0.03514820228902815,4.180135659498699,4.769052166501173,0.1920608268905225,0.9852498331859771,0.28837772095264136,0.49313790555134124,0.6040135828499251,0.33121066328233567,wang,0.4,0.5,2.0,8.0
Subj09,walk_27,0.75,81.0,5768,0.0,0.560000000000004,0.9673021901421809,True,9.151185043078012,2.671624803829104,2.985176613461241,1.6235983667530043,2.028009134595702,0.18697571356420148,0.9898589458318567,0.14962044393166513,0.956458047837536,0.49040037366881906,-0.09436067441832112,1.6603590372063404,2.102715651485711,0.15268832511757924,0.9938018611274855,0.10653801965076815,0.9673940247011142,0.19919784042785968,0.6687190319902475,4.88934200960614,6.407092784035414,0.20076050990012864,0.9909028216360861,0.2518013134239063,0.7010604292538939,0.6294182824473747,0.3242078277143186,6.24737593676744,7.561943735648482,0.19849508842429783,0.9944747309040488,0.2698663393961583,0.3237489057615169,0.5521871023458391,0.6350078425163173,wang,0.3,1.0,0.0,12.0
Subj09,walk_27,0.75,81.0,5768,0.0,0.560000000000004,0.9673021901421809,True,9.151185043078012,2.671624803829104,2.985176613461241,1.7142911097962599,2.257474829715178,0.1859349592267279,0.9899135120767272,0.14210986181276192,0.9543353369751048,0.46799905572779044,-0.04640680605271742,1.6183644688089738,2.143242821807358,0.1552801813320355,0.9937808264502525,0.10723757247182762,0.96815178956058,0.17964567409905152,0.7524866974355854,4.88934200960614,6.407092784035414,0.20076050990012864,0.9909028216360861,0.2518013134239063,0.7010604292538939,0.6294182824473747,0.3242078277143186,6.24737593676744,7.561943735648482,0.19849508842429783,0.9944747309040488,0.2698663393961583,0.3237489057615169,0.5521871023458391,0.6350078425163173,wang,0.3,2.0,0.0,12.0
Subj09,walk_27,0.75,81.0,5768,0.0,0.560000000000004,0.9673021901421809,True,9.151185043078012,2.671624803829104,2.985176613461241,1.609471173137855,2.0079381170501853,0.1873947982481851,0.9904634829284665,0.14763104602425234,0.9497676683684518,0.4838799536570892,0.001099067060180093,1.5365436626579034,1.9418151569327216,0.15352738906066518,0.9940782563900442,0.10586953455446386,0.9605655274238508,0.19672098052233217,0.7066611494703068,4.88934200960614,6.407092784035414,0.20076050990012864,0.9909028216360861,0.2518013134239063,0.7010604292538939,0.6294182824473747,0.3242078277143186,6.24737593676744,7.561943735648482,0.19849508842429783,0.9944747309040488,0.2698663393961583,0.3237489057615169,0.5521871023458391,0.6350078425163173,wang,0.4,1.0,0.0,12.0
Subj09,walk_27,0.75,81.0,5768,0.0,0.560000000000004,0.9673021901421809,True,9.151185043078012,2.671624803829104,2.985176613461241,1.6624711680084923,1.9004527450791686,0.18821509412174156,0.9896680927365947,0.15896877077988786,0.9555428589839784,0.5136612848733189,-0.1328152075659527,1.8667141784981933,2.225965514090683,0.15043675529627434,0.9937045889088914,0.10946980395818502,0.9629183055157696,0.22109184868547793,0.5979400479769031,4.88934200960614,6.407092784035414,0.20076050990012864,0.9909028216360861,0.2518013134239063,0.7010604292538939,0.6294182824473747,0.3242078277143186,6.24737593676744,7.561943735648482,0.19849508842429783,0.9944747309040488,0.2698663393961583,0.3237489057615169,0.5521871023458391,0.6350078425163173,wang,0.3,0.5,0.0,12.0
Subj09,walk_27,0.75,81.0,5768,0.0,0.560000000000004,0.9673021901421809,True,9.151185043078012,2.671624803829104,2.985176613461241,1.7801686513921582,2.0725516283004914,0.1878268390957362,0.988948541564774,0.16304104728981336,0.9600266545093693,0.5225763437342631,-0.24181833419464124,2.0823632211089667,2.5314857988155555,0.14947127236262317,0.9933939919593806,0.11280191305791999,0.9669764069922906,0.22781671567521913,0.5320921227556686,4.88934200960614,6.407092784035414,0.20076050990012864,0.9909028216360861,0.2518013134239063,0.7010604292538939,0.6294182824473747,0.3242078277143186,6.24737593676744,7.561943735648482,0.19849508842429783,0.9944747309040488,0.2698663393961583,0.3237489057615169,0.5521871023458391,0.6350078425163173,wang,0.2,0.5,0.0,12.0
Subj09,walk_27,0.75,81.0,5768,0.0,0.560000000000004,0.9673021901421809,True,9.151185043078012,2.671624803829104,2.985176613461241,1.7103882643566584,2.2345415408975513,0.18636442037356774,0.9905458548589787,0.1400423742477903,0.9478119853858947,0.4607691337820534,0.057301049210941035,1.5027700729521254,1.990776370941856,0.15601656864469224,0.9941312614626218,0.10638264306669858,0.9610762654560271,0.1762652916240026,0.7794391924266617,4.88934200960614,6.407092784035414,0.20076050990012864,0.9909028216360861,0.2518013134239063,0.7010604292538939,0.6294182824473747,0.3242078277143186,6.24737593676744,7.561943735648482,0.19849508842429783,0.9944747309040488,0.2698663393961583,0.3237489057615169,0.5521871023458391,0.6350078425163173,wang,0.4,2.0,0.0,12.0
Subj09,walk_27,0.75,81.0,5768,0.0,0.560000000000004,0.9673021901421809,True,9.151185043078012,2.671624803829104,2.985176613461241,1.7437136145607133,2.1985587497180026,0.18657756549998403,0.9891050767403167,0.1541009666780681,0.9605173637203553,0.500362864030135,-0.21652295727374768,1.9002660211698412,2.4237785531841243,0.1518290791597717,0.9934116141499267,0.1103884841957439,0.9713281912972372,0.20774157352023476,0.605200947139821,4.88934200960614,6.407092784035414,0.20076050990012864,0.9909028216360861,0.2518013134239063,0.7010604292538939,0.6294182824473747,0.3242078277143186,6.24737593676744,7.561943735648482,0.19849508842429783,0.9944747309040488,0.2698663393961583,0.3237489057615169,0.5521871023458391,0.6350078425163173,wang,0.2,1.0,0.0,12.0
Subj09,walk_27,0.75,81.0,5768,0.0,0.560000000000004,0.9673021901421809,True,9.151185043078012,2.671624803829104,2.985176613461241,1.6454539386377727,1.8869069967198928,0.18862375069695533,0.9902402241530235,0.15717236545453697,0.948707620042402,0.507905820433509,-0.04592742402618535,1.7549604914728314,2.074653628927037,0.15136827687195295,0.9939093236373296,0.10910197834542179,0.9562064820150902,0.21961066875885107,0.6404959465208664,4.88934200960614,6.407092784035414,0.20076050990012864,0.9909028216360861,0.2518013134239063,0.7010604292538939,0.6294182824473747,0.3242078277143186,6.24737593676744,7.561943735648482,0.19849508842429783,0.9944747309040488,0.2698663393961583,0.3237489057615169,0.5521871023458391,0.6350078425163173,wang,0.4,0.5,0.0,12.0
Subj09,walk_27,0.75,81.0,5768,0.0,0.560000000000004,0.9673021901421809,True,9.151185043078012,2.671624803829104,2.985176613461241,1.8222031494483732,2.4175022216707402,0.18552727918956521,0.9891304194968061,0.14688196529923617,0.957922272599624,0.4789750723237791,-0.18277383795694346,1.8573310092221975,2.4539703926181593,0.15453877024786364,0.9933087497781602,0.11140945769513719,0.9720714128161204,0.19001955091464146,0.7010365379938635,4.88934200960614,6.407092784035414,0.20076050990012864,0.9909028216360861,0.2518013134239063,0.7010604292538939,0.6294182824473747,0.3242078277143186,6.24737593676744,7.561943735648482,0.19849508842429783,0.9944747309040488,0.2698663393961583,0.3237489057615169,0.5521871023458391,0.6350078425163173,wang,0.2,2.0,0.0,12.0
Subj09,walk_27,0.75,81.0,5768,0.0,0.560000000000004,0.9673021901421809,True,9.151185043078012,2.671624803829104,2.985176613461241,1.59692637239005,1.8751852621265068,0.1889077869660148,0.9895815009919412,0.15743653590226028,0.9591308931882361,0.5147839973255691,-0.12426481603152569,1.7792976114802415,2.0809537817983332,0.15072878989484945,0.9936995321095601,0.1051869016203473,0.9691179977773579,0.21711944852587126,0.6049332521516183,4.88934200960614,6.407092784035414,0.20076050990012864,0.9909028216360861,0.2518013134239063,0.7010604292538939,0.6294182824473747,0.3242078277143186,6.24737593676744,7.561943735648482,0.19849508842429783,0.9944747309040488,0.2698663393961583,0.3237489057615169,0.5521871023458391,0.6350078425163173,wang,0.3,0.5,2.0,5.0
Subj09,walk_27,0.75,81.0,5768,0.0,0.560000000000004,0.9673021901421809,True,9.151185043078012,2.671624803829104,2.985176613461241,1.6134870443521372,1.918752202961378,0.18927268078773965,0.9901331892318238,0.15601940572956383,0.9521148140984403,0.5094217515800611,-0.04382242434699484,1.6966657438160075,1.9786340444191768,0.15153935075120076,0.9939226672705059,0.10498913452566486,0.9625961341786865,0.21576799070971947,0.644082477588675,4.88934200960614,6.407092784035414,0.20076050990012864,0.9909028216360861,0.2518013134239063,0.7010604292538939,0.6294182824473747,0.3242078277143186,6.24737593676744,7.561943735648482,0.19849508842429783,0.9944747309040488,0.2698663393961583,0.3237489057615169,0.5521871023458391,0.6350078425163173,wang,0.4,0.5,2.0,5.0
Subj09,walk_27,0.75,81.0,5768,0.0,0.560000000000004,0.9673021901421809,True,9.151185043078012,2.671624803829104,2.985176613461241,1.6354277131226969,1.8773570801782749,0.18840735133458644,0.9896448698237675,0.1588346662282118,0.9568294977373472,0.514733816617703,-0.13519555808846914,1.8581235341211255,2.2079257644522716,0.1503983563713939,0.9937411359080381,0.10843668878624459,0.964776354997269,0.22036369146776172,0.598036538385595,4.88934200960614,6.407092784035414,0.20076050990012864,0.9909028216360861,0.2518013134239063,0.7010604292538939,0.6294182824473747,0.3242078277143186,6.24737593676744,7.561943735648482,0.19849508842429783,0.9944747309040488,0.2698663393961583,0.3237489057615169,0.5521871023458391,0.6350078425163173,wang,0.3,0.5,2.0,8.0
Subj09,walk_27,0.75,81.0,5768,0.0,0.560000000000004,0.9673021901421809,True,9.151185043078012,2.671624803829104,2.985176613461241,1.6250456479720474,1.876005874552883,0.1888016069168574,0.9902156277688672,0.15705927545206277,0.9500912741887237,0.5090143448739128,-0.04953664662507461,1.7526880901525177,2.0668559228473047,0.15129667431863844,0.9939526857100143,0.1080030269335918,0.958278923650988,0.21880070355647474,0.6400932242005803,4.88934200960614,6.407092784035414,0.20076050990012864,0.9909028216360861,0.2518013134239063,0.7010604292538939,0.6294182824473747,0.3242078277143186,6.24737593676744,7.561943735648482,0.19849508842429783,0.9944747309040488,0.2698663393961583,0.3237489057615169,0.5521871023458391,0.6350078425163173,wang,0.4,0.5,2.0,8.0
Subj09,walk_36,1.0,81.0,5834,0.0,0.560000000000004,0.964149634920166,True,8.255797973377168,3.1466797248175626,4.135832239711844,1.692932645390752,2.217617029155704,0.2003198728362628,0.9836108939763892,0.1996743504493983,0.9189061172609778,0.5155017111406983,0.2796895371486879,1.9941211550763795,2.5682980619295646,0.1559748616532012,0.9914228559870405,0.1767163051777403,0.9215384865746126,0.26748339799129706,0.7070382822153793,6.4808516611827764,9.026009975861403,0.21788292728071199,0.9886529049535498,0.35972083132657373,0.6046719103411103,0.7469308077532939,0.5535548910491264,8.655990217952754,10.927214416052276,0.22099902026497337,0.9952718803180568,0.41002365125586515,0.08960943801988286,0.7291608344479686,0.7822330747095859,wang,0.3,1.0,0.0,12.0
Subj09,walk_36,1.0,81.0,5834,0.0,0.560000000000004,0.964149634920166,True,8.255797973377168,3.1466797248175626,4.135832239711844,1.8102950547753482,2.5015033481956013,0.19924835212342934,0.9837067751148402,0.19065281444715163,0.9187627482015006,0.49041484135616015,0.332925415955474,1.7652954489909776,2.4147006559876614,0.1588138078924888,0.9912484081210002,0.172688728071611,0.9229806335422942,0.23697804077616905,0.7862066313454863,6.4808516611827764,9.026009975861403,0.21788292728071199,0.9886529049535498,0.35972083132657373,0.6046719103411103,0.7469308077532939,0.5535548910491264,8.655990217952754,10.927214416052276,0.22099902026497337,0.9952718803180568,0.41002365125586515,0.08960943801988286,0.7291608344479686,0.7822330747095859,wang,0.3,2.0,0.0,12.0
Subj09,walk_36,1.0,81.0,5834,0.0,0.560000000000004,0.964149634920166,True,8.255797973377168,3.1466797248175626,4.135832239711844,1.7311646815638584,2.257120599242118,0.20072814283620938,0.9848408374653413,0.2027901635999552,0.9035911453484109,0.5102280195215194,0.367749793370577,1.7883737345506634,2.291174442877882,0.15693737214474218,0.9922003414946148,0.182270134266421,0.9038043890568643,0.27186531817166876,0.7430882181951437,6.4808516611827764,9.026009975861403,0.21788292728071199,0.9886529049535498,0.35972083132657373,0.6046719103411103,0.7469308077532939,0.5535548910491264,8.655990217952754,10.927214416052276,0.22099902026497337,0.9952718803180568,0.41002365125586515,0.08960943801988286,0.7291608344479686,0.7822330747095859,wang,0.4,1.0,0.0,12.0
Subj09,walk_36,1.0,81.0,5834,0.0,0.560000000000004,0.964149634920166,True,8.255797973377168,3.1466797248175626,4.135832239711844,1.7446729750330978,2.073323760460242,0.20170762859375568,0.9833322019685385,0.21027976599901574,0.9165009949604319,0.541684915290764,0.23264264843488489,2.3932585751486775,2.9255871868264394,0.15366996431904875,0.9914107402588033,0.18338134490772037,0.9177291964940024,0.29909686977205435,0.6353143816509176,6.4808516611827764,9.026009975861403,0.21788292728071199,0.9886529049535498,0.35972083132657373,0.6046719103411103,0.7469308077532939,0.5535548910491264,8.655990217952754,10.927214416052276,0.22099902026497337,0.9952718803180568,0.41002365125586515,0.08960943801988286,0.7291608344479686,0.7822330747095859,wang,0.3,0.5,0.0,12.0
Subj09,walk_36,1.0,81.0,5834,0.0,0.560000000000004,0.964149634920166,True,8.255797973377168,3.1466797248175626,4.135832239711844,1.894194911331713,2.3165633787039943,0.20147953985126274,0.9818517018533178,0.20981665234677335,0.928260318800978,0.5511933825912299,0.11459253583631777,2.7321957958082854,3.4226765891843045,0.15276703965695368,0.990491105290008,0.1803523529780908,0.9319759064621588,0.3011225471150542,0.5700602522352242,6.4808516611827764,9.026009975861403,0.21788292728071199,0.9886529049535498,0.35972083132657373,0.6046719103411103,0.7469308077532939,0.5535548910491264,8.655990217952754,10.927214416052276,0.22099902026497337,0.9952718803180568,0.41002365125586515,0.08960943801988286,0.7291608344479686,0.7822330747095859,wang,0.2,0.5,0.0,12.0
Subj09,walk_36,1.0,81.0,5834,0.0,0.560000000000004,0.964149634920166,True,8.255797973377168,3.1466797248175626,4.135832239711844,1.8722815358933478,2.5461522273805013,0.19972033154782068,0.9849624491506898,0.1942869161902916,0.9024420525142426,0.4848811107874293,0.4214070366180627,1.575947673562295,2.1506979314028025,0.1597273470454986,0.9921227326926028,0.1785463380535141,0.9037772612130843,0.24196768299459773,0.8115874387904187,6.4808516611827764,9.026009975861403,0.21788292728071199,0.9886529049535498,0.35972083132657373,0.6046719103411103,0.7469308077532939,0.5535548910491264,8.655990217952754,10.927214416052276,0.22099902026497337,0.9952718803180568,0.41002365125586515,0.08960943801988286,0.7291608344479686,0.7822330747095859,wang,0.4,2.0,0.0,12.0
Subj09,walk_36,1.0,81.0,5834,0.0,0.560000000000004,0.964149634920166,True,8.255797973377168,3.1466797248175626,4.135832239711844,1.837684555971108,2.4490468432903794,0.20002433108235643,0.9821040717011055,0.1990456463999706,0.931078126290706,0.5258453261089996,0.15405755633112359,2.379582356434193,3.1107636552930207,0.15511504194606293,0.9904036466694435,0.17371456676749653,0.9364347703686092,0.270560542909124,0.647721479970681,6.4808516611827764,9.026009975861403,0.21788292728071199,0.9886529049535498,0.35972083132657373,0.6046719103411103,0.7469308077532939,0.5535548910491264,8.655990217952754,10.927214416052276,0.22099902026497337,0.9952718803180568,0.41002365125586515,0.08960943801988286,0.7291608344479686,0.7822330747095859,wang,0.2,1.0,0.0,12.0
Subj09,walk_36,1.0,81.0,5834,0.0,0.560000000000004,0.964149634920166,True,8.255797973377168,3.1466797248175626,4.135832239711844,1.768601608105985,2.117214988345078,0.20206063938370467,0.9845290871384577,0.21306660064160515,0.9020434028811916,0.5369335932595708,0.3178204320884247,2.2108053329757977,2.6743604295071965,0.15467695237857815,0.9920932599662577,0.18878090947913673,0.9011175840840572,0.30350029766324726,0.6774471508789708,6.4808516611827764,9.026009975861403,0.21788292728071199,0.9886529049535498,0.35972083132657373,0.6046719103411103,0.7469308077532939,0.5535548910491264,8.655990217952754,10.927214416052276,0.22099902026497337,0.9952718803180568,0.41002365125586515,0.08960943801988286,0.7291608344479686,0.7822330747095859,wang,0.4,0.5,0.0,12.0
Subj09,walk_36,1.0,81.0,5834,0.0,0.560000000000004,0.964149634920166,True,8.255797973377168,3.1466797248175626,4.135832239711844,1.9238797611754712,2.6982960401295464,0.19888122907377498,0.9821794584288841,0.1896708200969952,0.9314636878782643,0.5014316904958802,0.20186983662620822,2.1582851417220454,2.9558001893665464,0.1580005431684226,0.9901294041970867,0.1695103358482461,0.9387628541152132,0.2406420298397303,0.7405884560592395,6.4808516611827764,9.026009975861403,0.21788292728071199,0.9886529049535498,0.35972083132657373,0.6046719103411103,0.7469308077532939,0.5535548910491264,8.655990217952754,10.927214416052276,0.22099902026497337,0.9952718803180568,0.41002365125586515,0.08960943801988286,0.7291608344479686,0.7822330747095859,wang,0.2,2.0,0.0,12.0
Subj09,walk_36,1.0,81.0,5834,0.0,0.560000000000004,0.964149634920166,True,8.255797973377168,3.1466797248175626,4.135832239711844,1.5467071665423662,1.8073461148114538,0.20270376286371408,0.9835096601261163,0.20722211043804453,0.9241660431641218,0.5427416138110032,0.2590626572795842,2.2547646375254846,2.589771729007089,0.1540900967374709,0.9915442502032655,0.17802732765483353,0.9262272105622539,0.2949638421047117,0.6481624396215473,6.4808516611827764,9.026009975861403,0.21788292728071199,0.9886529049535498,0.35972083132657373,0.6046719103411103,0.7469308077532939,0.5535548910491264,8.655990217952754,10.927214416052276,0.22099902026497337,0.9952718803180568,0.41002365125586515,0.08960943801988286,0.7291608344479686,0.7822330747095859,wang,0.3,0.5,2.0,5.0
Subj09,walk_36,1.0,81.0,5834,0.0,0.560000000000004,0.964149634920166,True,8.255797973377168,3.1466797248175626,4.135832239711844,1.6870171433601084,2.0783745732609513,0.20302350508332703,0.9846446278922973,0.21101306973465925,0.9085152834853093,0.5394046376001753,0.33263431799555826,2.146795033643412,2.4873337449448174,0.15493546554930898,0.9922204336417784,0.18390652665848328,0.9095739274258688,0.2999992655199489,0.6842576590527684,6.4808516611827764,9.026009975861403,0.21788292728071199,0.9886529049535498,0.35972083132657373,0.6046719103411103,0.7469308077532939,0.5535548910491264,8.655990217952754,10.927214416052276,0.22099902026497337,0.9952718803180568,0.41002365125586515,0.08960943801988286,0.7291608344479686,0.7822330747095859,wang,0.4,0.5,2.0,5.0
Subj09,walk_36,1.0,81.0,5834,0.0,0.560000000000004,0.964149634920166,True,8.255797973377168,3.1466797248175626,4.135832239711844,1.634097467944927,1.9252417958846233,0.20199609263494564,0.9833852555230983,0.20926102737342114,0.9199844858046395,0.5420155644748295,0.23714753668259983,2.389883721766199,2.892236890091151,0.15358396086831064,0.9915031773029642,0.1820284886485619,0.9204400779119726,0.2983733478758777,0.6362109054087725,6.4808516611827764,9.026009975861403,0.21788292728071199,0.9886529049535498,0.35972083132657373,0.6046719103411103,0.7469308077532939,0.5535548910491264,8.655990217952754,10.927214416052276,0.22099902026497337,0.9952718803180568,0.41002365125586515,0.08960943801988286,0.7291608344479686,0.7822330747095859,wang,0.3,0.5,2.0,8.0
Subj09,walk_36,1.0,81.0,5834,0.0,0.560000000000004,0.964149634920166,True,8.255797973377168,3.1466797248175626,4.135832239711844,1.6864339424234072,2.025527331414944,0.2023256967301918,0.9845794988076493,0.21220355262152388,0.9053700511615494,0.53742888281512,0.3204544830705781,2.224883719187503,2.674324830568609,0.15453918627318558,0.9921901403531193,0.18745719923065265,0.9039599711698492,0.3028236623662929,0.6772058620854002,6.4808516611827764,9.026009975861403,0.21788292728071199,0.9886529049535498,0.35972083132657373,0.6046719103411103,0.7469308077532939,0.5535548910491264,8.655990217952754,10.927214416052276,0.22099902026497337,0.9952718803180568,0.41002365125586515,0.08960943801988286,0.7291608344479686,0.7822330747095859,wang,0.4,0.5,2.0,8.0
Subj09,walk_45,1.25,81.0,5937,0.0,0.5360000000000045,0.923753502867709,True,9.707900497006703,4.447709133388951,4.694378773811732,2.692306816914201,3.445094569402097,0.21557747199101376,0.9811691282579067,0.2481320840331423,0.8744525438090132,0.5625124929976173,0.416528372732743,2.390463449036279,3.151554108781219,0.16177711006692516,0.9920291885831568,0.189016153709221,0.9286975377513925,0.3051546401419769,0.7548545265763101,7.633083230153015,10.857025239743436,0.23558782858691438,0.982237891032953,0.4125942805785238,0.6236867817386504,0.7948591804330326,0.6371615644677392,10.6383417009783,13.459399764873202,0.2447050159381178,0.9895703377091605,0.4868766816313383,0.08221031376347217,0.8108223393062522,0.8472717512425741,wang,0.3,1.0,0.0,12.0
Subj09,walk_45,1.25,81.0,5937,0.0,0.5360000000000045,0.923753502867709,True,9.707900497006703,4.447709133388951,4.694378773811732,2.7399514059810595,3.6153525962911193,0.21428852889921204,0.9817038766180234,0.23512980458624644,0.8781300872788539,0.5318876068294732,0.47415823439180027,2.21655557471011,3.12579733798007,0.16499276657504522,0.9920248018206437,0.18338846253883032,0.9286707254576647,0.2673733556285946,0.8303367640875571,7.633083230153015,10.857025239743436,0.23558782858691438,0.982237891032953,0.4125942805785238,0.6236867817386504,0.7948591804330326,0.6371615644677392,10.6383417009783,13.459399764873202,0.2447050159381178,0.9895703377091605,0.4868766816313383,0.08221031376347217,0.8108223393062522,0.8472717512425741,wang,0.3,2.0,0.0,12.0
Subj09,walk_45,1.25,81.0,5937,0.0,0.5360000000000045,0.923753502867709,True,9.707900497006703,4.447709133388951,4.694378773811732,2.7199181575377747,3.469878322502739,0.21614510858897806,0.9823325856987002,0.2504487052449634,0.8604911888718505,0.5518617970329315,0.4957507220790353,2.1424466847581085,2.799321017077027,0.16316110753136415,0.9926593390759153,0.19456287976872272,0.9137819330016289,0.3068350586823719,0.7869519382836669,7.633083230153015,10.857025239743436,0.23558782858691438,0.982237891032953,0.4125942805785238,0.6236867817386504,0.7948591804330326,0.6371615644677392,10.6383417009783,13.459399764873202,0.2447050159381178,0.9895703377091605,0.4868766816313383,0.08221031376347217,0.8108223393062522,0.8472717512425741,wang,0.4,1.0,0.0,12.0
Subj09,walk_45,1.25,81.0,5937,0.0,0.5360000000000045,0.923753502867709,True,9.707900497006703,4.447709133388951,4.694378773811732,2.8036205578150817,3.433412512903209,0.21713436539603306,0.9805335910552715,0.26188419126305895,0.870205526018654,0.5937601401819232,0.3651858939980484,2.8122932839803854,3.4588746490655193,0.159139152470477,0.9918776915978502,0.1983761704193066,0.9260896912315875,0.3447601371176804,0.679382309523161,7.633083230153015,10.857025239743436,0.23558782858691438,0.982237891032953,0.4125942805785238,0.6236867817386504,0.7948591804330326,0.6371615644677392,10.6383417009783,13.459399764873202,0.2447050159381178,0.9895703377091605,0.4868766816313383,0.08221031376347217,0.8108223393062522,0.8472717512425741,wang,0.3,0.5,0.0,12.0
Subj09,walk_45,1.25,81.0,5937,0.0,0.5360000000000045,0.923753502867709,True,9.707900497006703,4.447709133388951,4.694378773811732,2.9546063383127326,3.686918241252591,0.21683875160676308,0.9790887801984206,0.26302767838716723,0.880053680767114,0.6103536957052634,0.25594168558240127,3.2292391376255605,4.09518679736794,0.15790720951618054,0.9910895422503229,0.19666626638650292,0.9369841197239127,0.35097831295088366,0.6183966631905501,7.633083230153015,10.857025239743436,0.23558782858691438,0.982237891032953,0.4125942805785238,0.6236867817386504,0.7948591804330326,0.6371615644677392,10.6383417009783,13.459399764873202,0.2447050159381178,0.9895703377091605,0.4868766816313383,0.08221031376347217,0.8108223393062522,0.8472717512425741,wang,0.2,0.5,0.0,12.0
Subj09,walk_45,1.25,81.0,5937,0.0,0.5360000000000045,0.923753502867709,True,9.707900497006703,4.447709133388951,4.694378773811732,2.806535182937604,3.667659773500996,0.21497238003044764,0.982890818376076,0.2384490231786696,0.8622917854253603,0.521242778530502,0.5510309778437301,2.01720889838633,2.8179750289066066,0.16637501022724835,0.992764884670227,0.18972256260298873,0.9121160749785424,0.2697670216944159,0.8523589294875251,7.633083230153015,10.857025239743436,0.23558782858691438,0.982237891032953,0.4125942805785238,0.6236867817386504,0.7948591804330326,0.6371615644677392,10.6383417009783,13.459399764873202,0.2447050159381178,0.9895703377091605,0.4868766816313383,0.08221031376347217,0.8108223393062522,0.8472717512425741,wang,0.4,2.0,0.0,12.0
Subj09,walk_45,1.25,81.0,5937,0.0,0.5360000000000045,0.923753502867709,True,9.707900497006703,4.447709133388951,4.694378773811732,2.830928167699363,3.6831027924097595,0.21516633227491339,0.9796950109968261,0.24881952696023799,0.8854570696532602,0.5800646332709594,0.30254648627406105,2.8516755072189457,3.823596325374346,0.1605360361801949,0.9911283058635505,0.18717149750846135,0.9401260006920721,0.3131153777282589,0.702062195645184,7.633083230153015,10.857025239743436,0.23558782858691438,0.982237891032953,0.4125942805785238,0.6236867817386504,0.7948591804330326,0.6371615644677392,10.6383417009783,13.459399764873202,0.2447050159381178,0.9895703377091605,0.4868766816313383,0.08221031376347217,0.8108223393062522,0.8472717512425741,wang,0.2,1.0,0.0,12.0
Subj09,walk_45,1.25,81.0,5937,0.0,0.5360000000000045,0.923753502867709,True,9.707900497006703,4.447709133388951,4.694378773811732,2.808971844031181,3.444516438275719,0.21760192326819752,0.9816580857005199,0.26355987765392924,0.8578294171806558,0.5836375164871759,0.4433844229637209,2.582458849227184,3.125379753276638,0.16052528768587046,0.9923979314050783,0.20350471592126743,0.9122883906320058,0.3467655341602949,0.7184282190120721,7.633083230153015,10.857025239743436,0.23558782858691438,0.982237891032953,0.4125942805785238,0.6236867817386504,0.7948591804330326,0.6371615644677392,10.6383417009783,13.459399764873202,0.2447050159381178,0.9895703377091605,0.4868766816313383,0.08221031376347217,0.8108223393062522,0.8472717512425741,wang,0.4,0.5,0.0,12.0
Subj09,walk_45,1.25,81.0,5937,0.0,0.5360000000000045,0.923753502867709,True,9.707900497006703,4.447709133388951,4.694378773811732,2.838354121235862,3.8096308492927533,0.21374231393633006,0.9802161180030732,0.2349539296434468,0.890517418816373,0.5499039929021041,0.35913268168075074,2.653928309078974,3.7591467226788295,0.16373356138660247,0.9910154745222853,0.18087368869547205,0.9410686444925654,0.2761867395992135,0.791550443484486,7.633083230153015,10.857025239743436,0.23558782858691438,0.982237891032953,0.4125942805785238,0.6236867817386504,0.7948591804330326,0.6371615644677392,10.6383417009783,13.459399764873202,0.2447050159381178,0.9895703377091605,0.4868766816313383,0.08221031376347217,0.8108223393062522,0.8472717512425741,wang,0.2,2.0,0.0,12.0
Subj09,walk_45,1.25,81.0,5937,0.0,0.5360000000000045,0.923753502867709,True,9.707900497006703,4.447709133388951,4.694378773811732,2.594288480745038,3.180592302132896,0.21793001205582777,0.9814073953624974,0.25614999979881364,0.8814230621502309,0.590273780171994,0.4107472126828873,2.572339871163187,2.886459628301844,0.15967417000275197,0.9922089756137992,0.19093416064156118,0.935916144382396,0.3410226204441644,0.6972415803336661,7.633083230153015,10.857025239743436,0.23558782858691438,0.982237891032953,0.4125942805785238,0.6236867817386504,0.7948591804330326,0.6371615644677392,10.6383417009783,13.459399764873202,0.2447050159381178,0.9895703377091605,0.4868766816313383,0.08221031376347217,0.8108223393062522,0.8472717512425741,wang,0.3,0.5,2.0,5.0
Subj09,walk_45,1.25,81.0,5937,0.0,0.5360000000000045,0.923753502867709,True,9.707900497006703,4.447709133388951,4.694378773811732,2.73014510575982,3.4529737611153233,0.21839264712445144,0.9824224743593428,0.2595362891717346,0.8669877716395835,0.5828655596124424,0.4742990311205243,2.466332696166476,2.8267321785466213,0.1608416344186386,0.992713204607605,0.19725644603943226,0.9213132914486698,0.3443931275547992,0.7290740577306193,7.633083230153015,10.857025239743436,0.23558782858691438,0.982237891032953,0.4125942805785238,0.6236867817386504,0.7948591804330326,0.6371615644677392,10.6383417009783,13.459399764873202,0.2447050159381178,0.9895703377091605,0.4868766816313383,0.08221031376347217,0.8108223393062522,0.8472717512425741,wang,0.4,0.5,2.0,5.0
Subj09,walk_45,1.25,81.0,5937,0.0,0.5360000000000045,0.923753502867709,True,9.707900497006703,4.447709133388951,4.694378773811732,2.691824776424987,3.29323437961965,0.21730254756105294,0.9808319319932322,0.2596056433897317,0.8755024573604734,0.5923279917559503,0.3760271089575341,2.7943928534358626,3.405033514964798,0.1589241966684472,0.9920665468189969,0.19648848873146865,0.9294038569309447,0.344571559630866,0.6807587396317273,7.633083230153015,10.857025239743436,0.23558782858691438,0.982237891032953,0.4125942805785238,0.6236867817386504,0.7948591804330326,0.6371615644677392,10.6383417009783,13.459399764873202,0.2447050159381178,0.9895703377091605,0.4868766816313383,0.08221031376347217,0.8108223393062522,0.8472717512425741,wang,0.3,0.5,2.0,8.0
Subj09,walk_45,1.25,81.0,5937,0.0,0.5360000000000045,0.923753502867709,True,9.707900497006703,4.447709133388951,4.694378773811732,2.73132563627142,3.3734845808367355,0.21774841728852445,0.9819456013986454,0.26163250849951797,0.8626429905980344,0.5825518998069732,0.4517478504884096,2.59468567925707,3.1358285736192775,0.1602406864351914,0.992586543995637,0.2018058618345886,0.9155049955077005,0.3467982741289019,0.7183790462423709,7.633083230153015,10.857025239743436,0.23558782858691438,0.982237891032953,0.4125942805785238,0.6236867817386504,0.7948591804330326,0.6371615644677392,10.6383417009783,13.459399764873202,0.2447050159381178,0.9895703377091605,0.4868766816313383,0.08221031376347217,0.8108223393062522,0.8472717512425741,wang,0.4,0.5,2.0,8.0
Subj09,walk_54,1.5,81.0,5946,0.0,0.5360000000000045,0.9680308690008405,True,12.035021075383614,4.106361567212904,5.4661541844258705,2.0452153445346024,2.3157797928089785,0.23466702226290045,0.9776755912791169,0.31186384401506445,0.8678752705428612,0.6373506102960504,0.5690258288102584,2.572377843843589,2.9015581654685847,0.181333360702933,0.9863541289878193,0.2707833416830482,0.8808122598572837,0.40245591612396353,0.776821781088588,7.981263759322224,11.672531361729106,0.26424011478657583,0.9803686179736133,0.5133133584384882,0.6609943738622536,0.9153650890165121,0.6993347059539481,12.276254344280247,15.337554088454466,0.2788983301639562,0.9915980001028727,0.6002104182498587,0.1431533315975193,0.9490229538020221,0.8638945124840487,wang,0.3,1.0,0.0,12.0
Subj09,walk_54,1.5,81.0,5946,0.0,0.5360000000000045,0.9680308690008405,True,12.035021075383614,4.106361567212904,5.4661541844258705,2.256238321784838,2.7434134949398152,0.2338980050427826,0.977609748902366,0.29744768369034796,0.8694219621454342,0.6046060483987079,0.6084199948858867,2.246092113732324,2.8797741895543876,0.18553543502156405,0.9856363175832249,0.2587003870566146,0.88481077872673,0.36057774179090213,0.8368493631090281,7.981263759322224,11.672531361729106,0.26424011478657583,0.9803686179736133,0.5133133584384882,0.6609943738622536,0.9153650890165121,0.6993347059539481,12.276254344280247,15.337554088454466,0.2788983301639562,0.9915980001028727,0.6002104182498587,0.1431533315975193,0.9490229538020221,0.8638945124840487,wang,0.3,2.0,0.0,12.0
Subj09,walk_54,1.5,81.0,5946,0.0,0.5360000000000045,0.9680308690008405,True,12.035021075383614,4.106361567212904,5.4661541844258705,2.196139256699598,2.4582523872144555,0.23569302554853525,0.9793324285114561,0.3199567048069114,0.8506799938606793,0.6298141197458927,0.6273034501769469,2.303051733502613,2.4363012223004,0.18247781776814323,0.9876532751911978,0.28164235274587757,0.8618995745966485,0.4064752366927575,0.8026697248824248,7.981263759322224,11.672531361729106,0.26424011478657583,0.9803686179736133,0.5133133584384882,0.6609943738622536,0.9153650890165121,0.6993347059539481,12.276254344280247,15.337554088454466,0.2788983301639562,0.9915980001028727,0.6002104182498587,0.1431533315975193,0.9490229538020221,0.8638945124840487,wang,0.4,1.0,0.0,12.0
Subj09,walk_54,1.5,81.0,5946,0.0,0.5360000000000045,0.9680308690008405,True,12.035021075383614,4.106361567212904,5.4661541844258705,2.093572836001929,2.148700986947789,0.23590423085297785,0.977459466662415,0.32654104674124074,0.8656014640371863,0.6703127952503487,0.5307148420242803,3.1834595035587117,3.2391566340996794,0.17803663736240713,0.9867188541761857,0.28567446600588514,0.8749507011417308,0.44817379092961374,0.7127044039406069,7.981263759322224,11.672531361729106,0.26424011478657583,0.9803686179736133,0.5133133584384882,0.6609943738622536,0.9153650890165121,0.6993347059539481,12.276254344280247,15.337554088454466,0.2788983301639562,0.9915980001028727,0.6002104182498587,0.1431533315975193,0.9490229538020221,0.8638945124840487,wang,0.3,0.5,0.0,12.0
Subj09,walk_54,1.5,81.0,5946,0.0,0.5360000000000045,0.9680308690008405,True,12.035021075383614,4.106361567212904,5.4661541844258705,2.221944626031489,2.49534682213643,0.23517205483651932,0.9754605521148083,0.32072448396028025,0.8791045383347913,0.683547286226988,0.44651531420505697,3.6405825736618285,4.059072297173793,0.1772085853391631,0.9851671110414859,0.2769961187764849,0.8903265984040931,0.45102280830843416,0.6659719508540399,7.981263759322224,11.672531361729106,0.26424011478657583,0.9803686179736133,0.5133133584384882,0.6609943738622536,0.9153650890165121,0.6993347059539481,12.276254344280247,15.337554088454466,0.2788983301639562,0.9915980001028727,0.6002104182498587,0.1431533315975193,0.9490229538020221,0.8638945124840487,wang,0.2,0.5,0.0,12.0
Subj09,walk_54,1.5,81.0,5946,0.0,0.5360000000000045,0.9680308690008405,True,12.035021075383614,4.106361567212904,5.4661541844258705,2.456064505240434,2.8950624810161574,0.2350224245293421,0.9793573381635963,0.3066223809153434,0.8497325962370749,0.5969779094425062,0.6643033124535646,2.036246771331673,2.470459232991745,0.18663913178139122,0.987101730761411,0.27044243554713315,0.8633235469862065,0.36499100577748433,0.8557380152924803,7.981263759322224,11.672531361729106,0.26424011478657583,0.9803686179736133,0.5133133584384882,0.6609943738622536,0.9153650890165121,0.6993347059539481,12.276254344280247,15.337554088454466,0.2788983301639562,0.9915980001028727,0.6002104182498587,0.1431533315975193,0.9490229538020221,0.8638945124840487,wang,0.4,2.0,0.0,12.0
Subj09,walk_54,1.5,81.0,5946,0.0,0.5360000000000045,0.9680308690008405,True,12.035021075383614,4.106361567212904,5.4661541844258705,2.14698504825139,2.6469883409271877,0.2338335809586887,0.9755897780109346,0.30550348266638194,0.883013426603678,0.6519045700857792,0.48279410888006974,3.0973838772275792,3.7862089944196438,0.18054013745865213,0.9846352758319724,0.26187429730050465,0.8975262053328587,0.4074098216019171,0.7357719280218404,7.981263759322224,11.672531361729106,0.26424011478657583,0.9803686179736133,0.5133133584384882,0.6609943738622536,0.9153650890165121,0.6993347059539481,12.276254344280247,15.337554088454466,0.2788983301639562,0.9915980001028727,0.6002104182498587,0.1431533315975193,0.9490229538020221,0.8638945124840487,wang,0.2,1.0,0.0,12.0
Subj09,walk_54,1.5,81.0,5946,0.0,0.5360000000000045,0.9680308690008405,True,12.035021075383614,4.106361567212904,5.4661541844258705,2.203621490238342,2.3007441110598346,0.2368430160614484,0.9790239461855728,0.3339466249700284,0.8504309286272035,0.6635275231602932,0.5891163132852519,2.941169103128043,2.8181595365370686,0.179235959428965,0.9878532957459203,0.2960882437137275,0.8579116695101378,0.45298419515186605,0.7433670342071471,7.981263759322224,11.672531361729106,0.26424011478657583,0.9803686179736133,0.5133133584384882,0.6609943738622536,0.9153650890165121,0.6993347059539481,12.276254344280247,15.337554088454466,0.2788983301639562,0.9915980001028727,0.6002104182498587,0.1431533315975193,0.9490229538020221,0.8638945124840487,wang,0.4,0.5,0.0,12.0
Subj09,walk_54,1.5,81.0,5946,0.0,0.5360000000000045,0.9680308690008405,True,12.035021075383614,4.106361567212904,5.4661541844258705,2.2878986340200127,2.9968998168647127,0.23294824234578007,0.9754424710053504,0.2900803496295473,0.8866278934097657,0.6198135003504224,0.5232123947295146,2.7562874259205272,3.7215678514656045,0.18475797729230675,0.9837525755977671,0.2490064198307835,0.9034972795579512,0.36648710988421285,0.8052339178005029,7.981263759322224,11.672531361729106,0.26424011478657583,0.9803686179736133,0.5133133584384882,0.6609943738622536,0.9153650890165121,0.6993347059539481,12.276254344280247,15.337554088454466,0.2788983301639562,0.9915980001028727,0.6002104182498587,0.1431533315975193,0.9490229538020221,0.8638945124840487,wang,0.2,2.0,0.0,12.0
Subj09,walk_54,1.5,81.0,5946,0.0,0.5360000000000045,0.9680308690008405,True,12.035021075383614,4.106361567212904,5.4661541844258705,2.0632119696284414,2.4715681151738713,0.23747918132409707,0.9787831996601326,0.3206032450149277,0.8773329171642916,0.6552068480705062,0.5947788300762556,3.0146026243188113,2.5868600459694964,0.17918481777261086,0.9872023811641932,0.28266329976585847,0.8804103307246113,0.4439674625071267,0.7380380369070879,7.981263759322224,11.672531361729106,0.26424011478657583,0.9803686179736133,0.5133133584384882,0.6609943738622536,0.9153650890165121,0.6993347059539481,12.276254344280247,15.337554088454466,0.2788983301639562,0.9915980001028727,0.6002104182498587,0.1431533315975193,0.9490229538020221,0.8638945124840487,wang,0.3,0.5,2.0,5.0
Subj09,walk_54,1.5,81.0,5946,0.0,0.5360000000000045,0.9680308690008405,True,12.035021075383614,4.106361567212904,5.4661541844258705,2.370585060389417,3.0114556135870747,0.23843756866819238,0.9801893169006305,0.33041152918155803,0.8597501733057132,0.6545120263945311,0.634353588214073,2.9585608028622055,2.669030059762675,0.180264690149903,0.9882397844360747,0.2947972845585344,0.8620789872982534,0.4536604273461912,0.7582534783186765,7.981263759322224,11.672531361729106,0.26424011478657583,0.9803686179736133,0.5133133584384882,0.6609943738622536,0.9153650890165121,0.6993347059539481,12.276254344280247,15.337554088454466,0.2788983301639562,0.9915980001028727,0.6002104182498587,0.1431533315975193,0.9490229538020221,0.8638945124840487,wang,0.4,0.5,2.0,5.0
Subj09,walk_54,1.5,81.0,5946,0.0,0.5360000000000045,0.9680308690008405,True,12.035021075383614,4.106361567212904,5.4661541844258705,1.9236172165907324,1.9378168315986093,0.2361237222548173,0.9779319595025948,0.3233948601188914,0.8726808467925032,0.6660343326952372,0.546894318066791,3.170264444775602,3.1134938500546054,0.1778246360117944,0.9869755270304361,0.2847393020878809,0.8780656239772359,0.4496276816196285,0.7135990052029559,7.981263759322224,11.672531361729106,0.26424011478657583,0.9803686179736133,0.5133133584384882,0.6609943738622536,0.9153650890165121,0.6993347059539481,12.276254344280247,15.337554088454466,0.2788983301639562,0.9915980001028727,0.6002104182498587,0.1431533315975193,0.9490229538020221,0.8638945124840487,wang,0.3,0.5,2.0,8.0
Subj09,walk_54,1.5,81.0,5946,0.0,0.5360000000000045,0.9680308690008405,True,12.035021075383614,4.106361567212904,5.4661541844258705,2.110274159170079,2.2676270326854255,0.23704057222865257,0.9794780665179781,0.33155106822834657,0.8565835292898792,0.6606590159936199,0.6007439053104021,2.9789885655800385,2.823445633579287,0.17896451350595893,0.9880951144778206,0.2957149630997888,0.8604823034906581,0.4558553041987073,0.7416581533012412,7.981263759322224,11.672531361729106,0.26424011478657583,0.9803686179736133,0.5133133584384882,0.6609943738622536,0.9153650890165121,0.6993347059539481,12.276254344280247,15.337554088454466,0.2788983301639562,0.9915980001028727,0.6002104182498587,0.1431533315975193,0.9490229538020221,0.8638945124840487,wang,0.4,0.5,2.0,8.0
Subj10,walk_09,0.25,61.6,5848,0.0,0.552000000000004,0.8479836816615198,True,12.503345924674944,1.1883258470912341,1.3886449874340514,2.069801809977498,1.959965227581426,0.21250760769052193,0.9707008329974977,0.14654410882222288,0.5061018000262483,0.25605189343101825,-0.12981504069350946,1.0196859660842472,1.1056662720030797,0.18119981430827267,0.9814289684358661,0.09623193187242468,0.7750369814720798,0.16512576362407305,0.7065106041042879,2.4512226163363984,2.7549718485698875,0.2167784450092477,0.9773211773761311,0.1379428100643515,0.593139878498067,0.25411426158827327,0.4766132350804529,2.944980986754295,3.272365259202297,0.2220323210558992,0.9815014490712735,0.12443930081716707,0.5824988405179791,0.29783021032679735,0.530293461030841,wang,0.3,1.0,0.0,12.0
Subj10,walk_09,0.25,61.6,5848,0.0,0.552000000000004,0.8479836816615198,True,12.503345924674944,1.1883258470912341,1.3886449874340514,2.2354118676694257,2.074953465807001,0.21028889129891284,0.9710702697189352,0.15248890361355777,0.48359191327731743,0.23986264749799416,-0.032124740898990645,0.9639854806361661,1.10079406620854,0.18222831821010854,0.9814085821613032,0.09769181829248307,0.7712679047092195,0.16584185099504886,0.7606204245922157,2.4512226163363984,2.7549718485698875,0.2167784450092477,0.9773211773761311,0.1379428100643515,0.593139878498067,0.25411426158827327,0.4766132350804529,2.944980986754295,3.272365259202297,0.2220323210558992,0.9815014490712735,0.12443930081716707,0.5824988405179791,0.29783021032679735,0.530293461030841,wang,0.3,2.0,0.0,12.0
Subj10,walk_09,0.25,61.6,5848,0.0,0.552000000000004,0.8479836816615198,True,12.503345924674944,1.1883258470912341,1.3886449874340514,1.9793727518694582,1.8746825765914268,0.2129143121200017,0.9715981659134806,0.14130462917857808,0.5303482036241896,0.25025068061278055,0.03280178953753828,0.948855474970505,1.0071007952144533,0.18078718573188757,0.9822046686866065,0.09088391474161549,0.7964622775865142,0.15295640518378945,0.7811376905841391,2.4512226163363984,2.7549718485698875,0.2167784450092477,0.9773211773761311,0.1379428100643515,0.593139878498067,0.25411426158827327,0.4766132350804529,2.944980986754295,3.272365259202297,0.2220323210558992,0.9815014490712735,0.12443930081716707,0.5824988405179791,0.29783021032679735,0.530293461030841,wang,0.4,1.0,0.0,12.0
Subj10,walk_09,0.25,61.6,5848,0.0,0.552000000000004,0.8479836816615198,True,12.503345924674944,1.1883258470912341,1.3886449874340514,1.9392435761614568,1.8900224144684192,0.21455979661897837,0.9702239823047246,0.14163832516976202,0.5236947000897824,0.27162700240770754,-0.19865912249819737,1.1245577454846367,1.142091653656886,0.18017122294836743,0.981438143655751,0.09546996541161096,0.775259353972742,0.16600047738685267,0.650334903927563,2.4512226163363984,2.7549718485698875,0.2167784450092477,0.9773211773761311,0.1379428100643515,0.593139878498067,0.25411426158827327,0.4766132350804529,2.944980986754295,3.272365259202297,0.2220323210558992,0.9815014490712735,0.12443930081716707,0.5824988405179791,0.29783021032679735,0.530293461030841,wang,0.3,0.5,0.0,12.0
Subj10,walk_09,0.25,61.6,5848,0.0,0.552000000000004,0.8479836816615198,True,12.503345924674944,1.1883258470912341,1.3886449874340514,2.051261247640835,2.0170725400760934,0.21433438598140028,0.969144097511442,0.14740992168269937,0.49751114715240363,0.2801556498800253,-0.35474431736733636,1.236230307019074,1.2997005701239432,0.1806100045817825,0.9805470976490195,0.10195569660760757,0.7495496900299442,0.1802199316703239,0.5348634819814901,2.4512226163363984,2.7549718485698875,0.2167784450092477,0.9773211773761311,0.1379428100643515,0.593139878498067,0.25411426158827327,0.4766132350804529,2.944980986754295,3.272365259202297,0.2220323210558992,0.9815014490712735,0.12443930081716707,0.5824988405179791,0.29783021032679735,0.530293461030841,wang,0.2,0.5,0.0,12.0
Subj10,walk_09,0.25,61.6,5848,0.0,0.552000000000004,0.8479836816615198,True,12.503345924674944,1.1883258470912341,1.3886449874340514,2.1326334098674047,1.9877850533552868,0.21089736414607024,0.9719773630468991,0.146489550294747,0.510301250745503,0.23472926911636363,0.14422913090461129,0.8971429600623144,1.0108649356171355,0.18175413738588045,0.9822261191438396,0.09222083004887736,0.793057899960438,0.15336667269957258,0.8273119645180528,2.4512226163363984,2.7549718485698875,0.2167784450092477,0.9773211773761311,0.1379428100643515,0.593139878498067,0.25411426158827327,0.4766132350804529,2.944980986754295,3.272365259202297,0.2220323210558992,0.9815014490712735,0.12443930081716707,0.5824988405179791,0.29783021032679735,0.530293461030841,wang,0.4,2.0,0.0,12.0
Subj10,walk_09,0.25,61.6,5848,0.0,0.552000000000004,0.8479836816615198,True,12.503345924674944,1.1883258470912341,1.3886449874340514,2.1955492750131564,2.088780783707996,0.21206005511445153,0.9696172987843741,0.15316123013236704,0.4774204669662054,0.2640018580811452,-0.31246894780767287,1.1381985999328688,1.2633435563348925,0.18170661110040268,0.9804863163963603,0.10295177231664118,0.7483321377794575,0.1799145103355205,0.582885039046695,2.4512226163363984,2.7549718485698875,0.2167784450092477,0.9773211773761311,0.1379428100643515,0.593139878498067,0.25411426158827327,0.4766132350804529,2.944980986754295,3.272365259202297,0.2220323210558992,0.9815014490712735,0.12443930081716707,0.5824988405179791,0.29783021032679735,0.530293461030841,wang,0.2,1.0,0.0,12.0
Subj10,walk_09,0.25,61.6,5848,0.0,0.552000000000004,0.8479836816615198,True,12.503345924674944,1.1883258470912341,1.3886449874340514,1.8610149313850288,1.8067565244350652,0.2147752862039371,0.9711172217643499,0.13713918567104266,0.5455256814983555,0.26516198327449453,-0.05476942110752138,1.0561571957402078,1.041429090074978,0.17981708595382034,0.9821699796047334,0.09032292086411178,0.7958356777780614,0.1543394721185697,0.7264465771658939,2.4512226163363984,2.7549718485698875,0.2167784450092477,0.9773211773761311,0.1379428100643515,0.593139878498067,0.25411426158827327,0.4766132350804529,2.944980986754295,3.272365259202297,0.2220323210558992,0.9815014490712735,0.12443930081716707,0.5824988405179791,0.29783021032679735,0.530293461030841,wang,0.4,0.5,0.0,12.0
Subj10,walk_09,0.25,61.6,5848,0.0,0.552000000000004,0.8479836816615198,True,12.503345924674944,1.1883258470912341,1.3886449874340514,2.3754732678213677,2.205222810447602,0.2096075208661975,0.9699756526948276,0.15998600142329725,0.45236877677738696,0.2473037147861991,-0.2467359520088263,1.0826387635260806,1.2516539614036242,0.18280680747551648,0.9804164739867406,0.10457187511794437,0.7440648955306165,0.18101242655816732,0.636409647460792,2.4512226163363984,2.7549718485698875,0.2167784450092477,0.9773211773761311,0.1379428100643515,0.593139878498067,0.25411426158827327,0.4766132350804529,2.944980986754295,3.272365259202297,0.2220323210558992,0.9815014490712735,0.12443930081716707,0.5824988405179791,0.29783021032679735,0.530293461030841,wang,0.2,2.0,0.0,12.0
Subj10,walk_09,0.25,61.6,5848,0.0,0.552000000000004,0.8479836816615198,True,12.503345924674944,1.1883258470912341,1.3886449874340514,1.9027813708446837,1.8340952212300674,0.21446233711843887,0.9701840584553574,0.14084887470396404,0.5323691603199026,0.27020576484121733,-0.21374177381681406,1.099002730573355,1.121409588759515,0.1799718484826776,0.9815900041216968,0.09414298011808446,0.779912110757555,0.1636324049134632,0.671082023622354,2.4512226163363984,2.7549718485698875,0.2167784450092477,0.9773211773761311,0.1379428100643515,0.593139878498067,0.25411426158827327,0.4766132350804529,2.944980986754295,3.272365259202297,0.2220323210558992,0.9815014490712735,0.12443930081716707,0.5824988405179791,0.29783021032679735,0.530293461030841,wang,0.3,0.5,2.0,5.0
Subj10,walk_09,0.25,61.6,5848,0.0,0.552000000000004,0.8479836816615198,True,12.503345924674944,1.1883258470912341,1.3886449874340514,1.8320093664899382,1.762108987734129,0.21466513805596488,0.9710711345502828,0.1365998753899041,0.5527756517568007,0.26408163959530406,-0.06841855901946706,1.0368995093922662,1.0304870973691869,0.1796180971211055,0.9823050903430198,0.08913048752800531,0.7998047723081047,0.15228590781183204,0.7422713261985622,2.4512226163363984,2.7549718485698875,0.2167784450092477,0.9773211773761311,0.1379428100643515,0.593139878498067,0.25411426158827327,0.4766132350804529,2.944980986754295,3.272365259202297,0.2220323210558992,0.9815014490712735,0.12443930081716707,0.5824988405179791,0.29783021032679735,0.530293461030841,wang,0.4,0.5,2.0,5.0
Subj10,walk_09,0.25,61.6,5848,0.0,0.552000000000004,0.8479836816615198,True,12.503345924674944,1.1883258470912341,1.3886449874340514,1.9252051388976117,1.8696195131125444,0.21454086355496899,0.97019066109803,0.14133348943286497,0.5269082369911646,0.27126834468491456,-0.20642674849021878,1.121161290368151,1.1412755238454424,0.18010908181914895,0.981478295880405,0.0951270197841912,0.7761762472151829,0.16544967446858264,0.6551024331846327,2.4512226163363984,2.7549718485698875,0.2167784450092477,0.9773211773761311,0.1379428100643515,0.593139878498067,0.25411426158827327,0.4766132350804529,2.944980986754295,3.272365259202297,0.2220323210558992,0.9815014490712735,0.12443930081716707,0.5824988405179791,0.29783021032679735,0.530293461030841,wang,0.3,0.5,2.0,8.0
Subj10,walk_09,0.25,61.6,5848,0.0,0.552000000000004,0.8479836816615198,True,12.503345924674944,1.1883258470912341,1.3886449874340514,1.8495738226817373,1.7902141104444051,0.21475090290959584,0.9710849394413886,0.1369191129909537,0.5482658171507049,0.2649118057220544,-0.06186427686734458,1.0549444197490143,1.044061485793953,0.17975436086531718,0.9822061677215024,0.09002183346131262,0.7965458811138385,0.15389681155143808,0.72973946164403,2.4512226163363984,2.7549718485698875,0.2167784450092477,0.9773211773761311,0.1379428100643515,0.593139878498067,0.25411426158827327,0.4766132350804529,2.944980986754295,3.272365259202297,0.2220323210558992,0.9815014490712735,0.12443930081716707,0.5824988405179791,0.29783021032679735,0.530293461030841,wang,0.4,0.5,2.0,8.0
Subj10,walk_18,0.5,61.6,5880,0.0,0.556000000000004,0.9174655857916741,True,12.423260229667285,1.8412780264793944,2.4349631305211386,2.5254943283404097,2.2280245115204798,0.20468862619119071,0.977003679799055,0.15231092239971386,0.5180985397429829,0.2714582907373887,0.24357449106912724,1.5647492435591523,1.7539499337079794,0.1843736408465184,0.9831347956062559,0.1016482480014281,0.88911624188522,0.1820821126746511,0.7289850669309661,3.7382497426660954,4.558416268518426,0.211739278956205,0.9763118940154507,0.1644527126082694,0.5495181289819377,0.3119175958621215,0.44894052274197077,5.150071965750346,5.912047549632283,0.22096654121177045,0.9886190136962999,0.16707892819946146,0.23758141440750552,0.362413000645733,0.7130044944590951,wang,0.3,1.0,0.0,12.0
Subj10,walk_18,0.5,61.6,5880,0.0,0.556000000000004,0.9174655857916741,True,12.423260229667285,1.8412780264793944,2.4349631305211386,2.65421390932725,2.2519851045655055,0.20272160876013615,0.9779881510458218,0.15454251567012164,0.48823931844537366,0.2513798654337791,0.4078913426115059,1.4388017630837577,1.7279312800385915,0.1855914203469311,0.9836274033081676,0.10023347761997199,0.8945491980773987,0.17590101047532244,0.7980209395768658,3.7382497426660954,4.558416268518426,0.211739278956205,0.9763118940154507,0.1644527126082694,0.5495181289819377,0.3119175958621215,0.44894052274197077,5.150071965750346,5.912047549632283,0.22096654121177045,0.9886190136962999,0.16707892819946146,0.23758141440750552,0.362413000645733,0.7130044944590951,wang,0.3,2.0,0.0,12.0
Subj10,walk_18,0.5,61.6,5880,0.0,0.556000000000004,0.9174655857916741,True,12.423260229667285,1.8412780264793944,2.4349631305211386,2.489002266714529,2.2422076319322026,0.20530868111787498,0.9776923250698677,0.14600621897860627,0.5370284261238958,0.2633900590234731,0.3653868909646582,1.5736010993827356,1.754341118568783,0.18422509785309646,0.9837067823388608,0.09538803283365338,0.901025228147897,0.16929279539994216,0.7758890663711021,3.7382497426660954,4.558416268518426,0.211739278956205,0.9763118940154507,0.1644527126082694,0.5495181289819377,0.3119175958621215,0.44894052274197077,5.150071965750346,5.912047549632283,0.22096654121177045,0.9886190136962999,0.16707892819946146,0.23758141440750552,0.362413000645733,0.7130044944590951,wang,0.4,1.0,0.0,12.0
Subj10,walk_18,0.5,61.6,5880,0.0,0.556000000000004,0.9174655857916741,True,12.423260229667285,1.8412780264793944,2.4349631305211386,2.432352259564019,2.2422101108983123,0.20655059948662732,0.975985688835353,0.15100804592541087,0.5426671556126296,0.2910311868071864,0.10493817431330728,1.7582382645876296,1.8246295882966634,0.18312168757233846,0.9826658694229432,0.10458773656951598,0.8789173240160723,0.19100652786862002,0.657363651272192,3.7382497426660954,4.558416268518426,0.211739278956205,0.9763118940154507,0.1644527126082694,0.5495181289819377,0.3119175958621215,0.44894052274197077,5.150071965750346,5.912047549632283,0.22096654121177045,0.9886190136962999,0.16707892819946146,0.23758141440750552,0.362413000645733,0.7130044944590951,wang,0.3,0.5,0.0,12.0
Subj10,walk_18,0.5,61.6,5880,0.0,0.556000000000004,0.9174655857916741,True,12.423260229667285,1.8412780264793944,2.4349631305211386,2.500270879243496,2.3021740707949925,0.20610764495355888,0.975216542704512,0.15812996145149255,0.521863968163717,0.3021846298850269,-0.07231390192877667,1.8100928039415503,1.9157994590745335,0.18324741442284306,0.9820727208175598,0.11220775966099422,0.8629678472550519,0.205812121029092,0.5787804632311048,3.7382497426660954,4.558416268518426,0.211739278956205,0.9763118940154507,0.1644527126082694,0.5495181289819377,0.3119175958621215,0.44894052274197077,5.150071965750346,5.912047549632283,0.22096654121177045,0.9886190136962999,0.16707892819946146,0.23758141440750552,0.362413000645733,0.7130044944590951,wang,0.2,0.5,0.0,12.0
Subj10,walk_18,0.5,61.6,5880,0.0,0.556000000000004,0.9174655857916741,True,12.423260229667285,1.8412780264793944,2.4349631305211386,2.6107633738205056,2.2756348246491225,0.2035562505897885,0.9787449747521976,0.14740844711378895,0.5089126041434207,0.24366570778090538,0.5085586350988269,1.466345550123227,1.742370637492981,0.1853596886478735,0.9843036844720875,0.09363956610979848,0.9066324039077337,0.1619352293706,0.8358276884294672,3.7382497426660954,4.558416268518426,0.211739278956205,0.9763118940154507,0.1644527126082694,0.5495181289819377,0.3119175958621215,0.44894052274197077,5.150071965750346,5.912047549632283,0.22096654121177045,0.9886190136962999,0.16707892819946146,0.23758141440750552,0.362413000645733,0.7130044944590951,wang,0.4,2.0,0.0,12.0
Subj10,walk_18,0.5,61.6,5880,0.0,0.556000000000004,0.9174655857916741,True,12.423260229667285,1.8412780264793944,2.4349631305211386,2.608086700717045,2.2844179379470178,0.20401490266132705,0.9761558879118479,0.16056064031528747,0.49508431419798216,0.2827803279891528,0.046532860438478305,1.616375848294736,1.8435763732655326,0.18459884958284578,0.9824157375929117,0.10999080526403525,0.8720962159209267,0.19877216511511853,0.6502022773314471,3.7382497426660954,4.558416268518426,0.211739278956205,0.9763118940154507,0.1644527126082694,0.5495181289819377,0.3119175958621215,0.44894052274197077,5.150071965750346,5.912047549632283,0.22096654121177045,0.9886190136962999,0.16707892819946146,0.23758141440750552,0.362413000645733,0.7130044944590951,wang,0.2,1.0,0.0,12.0
Subj10,walk_18,0.5,61.6,5880,0.0,0.556000000000004,0.9174655857916741,True,12.423260229667285,1.8412780264793944,2.4349631305211386,2.406877056908755,2.251600711333274,0.20697028078913876,0.9766048611994764,0.14566140308978934,0.5593084573895267,0.28284402100032746,0.22883520580013145,1.7576131903452707,1.8186373506233033,0.1830569641836591,0.9831306488412137,0.0989061800581876,0.8900664616308224,0.17981348745654913,0.7079966585663052,3.7382497426660954,4.558416268518426,0.211739278956205,0.9763118940154507,0.1644527126082694,0.5495181289819377,0.3119175958621215,0.44894052274197077,5.150071965750346,5.912047549632283,0.22096654121177045,0.9886190136962999,0.16707892819946146,0.23758141440750552,0.362413000645733,0.7130044944590951,wang,0.4,0.5,0.0,12.0
Subj10,walk_18,0.5,61.6,5880,0.0,0.556000000000004,0.9174655857916741,True,12.423260229667285,1.8412780264793944,2.4349631305211386,2.7474312311734757,2.298523944650514,0.20180175650586618,0.9770624934729408,0.16380216751243482,0.46365498876104433,0.26274018726157056,0.21182334799976055,1.480481626086846,1.8057520370385827,0.18591588861415956,0.9827852814429392,0.10906507743137918,0.877002175198065,0.19407402533557708,0.7278351158266455,3.7382497426660954,4.558416268518426,0.211739278956205,0.9763118940154507,0.1644527126082694,0.5495181289819377,0.3119175958621215,0.44894052274197077,5.150071965750346,5.912047549632283,0.22096654121177045,0.9886190136962999,0.16707892819946146,0.23758141440750552,0.362413000645733,0.7130044944590951,wang,0.2,2.0,0.0,12.0
Subj10,walk_18,0.5,61.6,5880,0.0,0.556000000000004,0.9174655857916741,True,12.423260229667285,1.8412780264793944,2.4349631305211386,2.3626310676542204,2.1165498989393035,0.20646575821585086,0.9758394100432114,0.14830370320953365,0.5571959143091969,0.28839092329795235,0.09508604670842875,1.7332259173218354,1.8277193894274169,0.18308160221969477,0.9828334527999814,0.1027626679111216,0.884598119975165,0.1878180800321445,0.6764273572539682,3.7382497426660954,4.558416268518426,0.211739278956205,0.9763118940154507,0.1644527126082694,0.5495181289819377,0.3119175958621215,0.44894052274197077,5.150071965750346,5.912047549632283,0.22096654121177045,0.9886190136962999,0.16707892819946146,0.23758141440750552,0.362413000645733,0.7130044944590951,wang,0.3,0.5,2.0,5.0
Subj10,walk_18,0.5,61.6,5880,0.0,0.556000000000004,0.9174655857916741,True,12.423260229667285,1.8412780264793944,2.4349631305211386,2.3451967417385586,2.145063089526264,0.20683726462363874,0.9764373018859823,0.14336740415016166,0.5722971085406631,0.2809880769000411,0.21340519592000923,1.7441760538504476,1.8431873722329797,0.18299172238228792,0.9832617797245876,0.09755512281125171,0.8940719520914293,0.17762603198303273,0.7200208877991406,3.7382497426660954,4.558416268518426,0.211739278956205,0.9763118940154507,0.1644527126082694,0.5495181289819377,0.3119175958621215,0.44894052274197077,5.150071965750346,5.912047549632283,0.22096654121177045,0.9886190136962999,0.16707892819946146,0.23758141440750552,0.362413000645733,0.7130044944590951,wang,0.4,0.5,2.0,5.0
Subj10,walk_18,0.5,61.6,5880,0.0,0.556000000000004,0.9174655857916741,True,12.423260229667285,1.8412780264793944,2.4349631305211386,2.4079840578071274,2.2007666842475677,0.20652091250321378,0.9758940016859183,0.1501792571211723,0.5481400772295237,0.29076406732875115,0.09166504985560356,1.7574727823851586,1.8348202006857834,0.18306388992107864,0.9827180025313166,0.10430709673091704,0.8795123394545534,0.19060076344435148,0.6603319583235353,3.7382497426660954,4.558416268518426,0.211739278956205,0.9763118940154507,0.1644527126082694,0.5495181289819377,0.3119175958621215,0.44894052274197077,5.150071965750346,5.912047549632283,0.22096654121177045,0.9886190136962999,0.16707892819946146,0.23758141440750552,0.362413000645733,0.7130044944590951,wang,0.3,0.5,2.0,8.0
Subj10,walk_18,0.5,61.6,5880,0.0,0.556000000000004,0.9174655857916741,True,12.423260229667285,1.8412780264793944,2.4349631305211386,2.385262300382593,2.2163263207095167,0.2069252432358695,0.9765115688627112,0.14494379548772895,0.5643995180981699,0.2827929620238344,0.2154797855311312,1.76048150236949,1.835425636128291,0.1829947017876494,0.9831703013792716,0.09876427597575739,0.8901991083485001,0.17973333060213662,0.7090504975437918,3.7382497426660954,4.558416268518426,0.211739278956205,0.9763118940154507,0.1644527126082694,0.5495181289819377,0.3119175958621215,0.44894052274197077,5.150071965750346,5.912047549632283,0.22096654121177045,0.9886190136962999,0.16707892819946146,0.23758141440750552,0.362413000645733,0.7130044944590951,wang,0.4,0.5,2.0,8.0
Subj10,walk_27,0.75,61.6,5836,0.0,0.5400000000000045,0.9275995818345214,False,11.116717119806868,2.9749615649540497,3.8518674495956713,3.0875804362917996,3.148772918003161,,,,,,,2.1308081305007693,2.5653563287472094,,,,,,,5.171562223053761,6.752150749440637,,,,,,,7.312078305845899,8.614285687493506,,,,,,,wang,0.3,1.0,0.0,12.0
Subj10,walk_27,0.75,61.6,5836,0.0,0.5400000000000045,0.9275995818345214,False,11.116717119806868,2.9749615649540497,3.8518674495956713,3.1264405433773828,3.085881183630535,,,,,,,2.00352131764429,2.5407455076517924,,,,,,,5.171562223053761,6.752150749440637,,,,,,,7.312078305845899,8.614285687493506,,,,,,,wang,0.3,2.0,0.0,12.0
Subj10,walk_27,0.75,61.6,5836,0.0,0.5400000000000045,0.9275995818345214,False,11.116717119806868,2.9749615649540497,3.8518674495956713,3.133653172312089,3.280197386979419,,,,,,,2.257472137061452,2.737797419077518,,,,,,,5.171562223053761,6.752150749440637,,,,,,,7.312078305845899,8.614285687493506,,,,,,,wang,0.4,1.0,0.0,12.0
Subj10,walk_27,0.75,61.6,5836,0.0,0.5400000000000045,0.9275995818345214,False,11.116717119806868,2.9749615649540497,3.8518674495956713,3.1002980483701474,3.2632396801709525,,,,,,,2.3325178303583085,2.642974884416969,,,,,,,5.171562223053761,6.752150749440637,,,,,,,7.312078305845899,8.614285687493506,,,,,,,wang,0.3,0.5,0.0,12.0
Subj10,walk_27,0.75,61.6,5836,0.0,0.5400000000000045,0.9275995818345214,False,11.116717119806868,2.9749615649540497,3.8518674495956713,3.090390696392811,3.194970312617798,,,,,,,2.2685518019501756,2.54583810223373,,,,,,,5.171562223053761,6.752150749440637,,,,,,,7.312078305845899,8.614285687493506,,,,,,,wang,0.2,0.5,0.0,12.0
Subj10,walk_27,0.75,61.6,5836,0.0,0.5400000000000045,0.9275995818345214,False,11.116717119806868,2.9749615649540497,3.8518674495956713,3.178871735532113,3.229187067616758,,,,,,,2.16076940472717,2.7273975504645454,,,,,,,5.171562223053761,6.752150749440637,,,,,,,7.312078305845899,8.614285687493506,,,,,,,wang,0.4,2.0,0.0,12.0
Subj10,walk_27,0.75,61.6,5836,0.0,0.5400000000000045,0.9275995818345214,False,11.116717119806868,2.9749615649540497,3.8518674495956713,3.0849790322842567,3.0806208695887913,,,,,,,2.0503693661719935,2.4634022628528682,,,,,,,5.171562223053761,6.752150749440637,,,,,,,7.312078305845899,8.614285687493506,,,,,,,wang,0.2,1.0,0.0,12.0
Subj10,walk_27,0.75,61.6,5836,0.0,0.5400000000000045,0.9275995818345214,False,11.116717119806868,2.9749615649540497,3.8518674495956713,3.1475568529750153,3.389028845351555,,,,,,,2.435964991607988,2.806396794941448,,,,,,,5.171562223053761,6.752150749440637,,,,,,,7.312078305845899,8.614285687493506,,,,,,,wang,0.4,0.5,0.0,12.0
Subj10,walk_27,0.75,61.6,5836,0.0,0.5400000000000045,0.9275995818345214,False,11.116717119806868,2.9749615649540497,3.8518674495956713,3.1227618642143824,3.009229284030228,,,,,,,1.8978019180359895,2.4252613100080627,,,,,,,5.171562223053761,6.752150749440637,,,,,,,7.312078305845899,8.614285687493506,,,,,,,wang,0.2,2.0,0.0,12.0
Subj10,walk_27,0.75,61.6,5836,0.0,0.5400000000000045,0.9275995818345214,False,11.116717119806868,2.9749615649540497,3.8518674495956713,3.0042684174288152,3.0942149768665828,,,,,,,2.4048497596638856,2.8583866365844477,,,,,,,5.171562223053761,6.752150749440637,,,,,,,7.312078305845899,8.614285687493506,,,,,,,wang,0.3,0.5,2.0,5.0
Subj10,walk_27,0.75,61.6,5836,0.0,0.5400000000000045,0.9275995818345214,False,11.116717119806868,2.9749615649540497,3.8518674495956713,3.0513724240186844,3.2315733600316014,,,,,,,2.520876006144263,3.0423633192704607,,,,,,,5.171562223053761,6.752150749440637,,,,,,,7.312078305845899,8.614285687493506,,,,,,,wang,0.4,0.5,2.0,5.0
Subj10,walk_27,0.75,61.6,5836,0.0,0.5400000000000045,0.9275995818345214,False,11.116717119806868,2.9749615649540497,3.8518674495956713,3.07361482982152,3.2252533490867794,,,,,,,2.346099649913563,2.691558136295103,,,,,,,5.171562223053761,6.752150749440637,,,,,,,7.312078305845899,8.614285687493506,,,,,,,wang,0.3,0.5,2.0,8.0
Subj10,walk_27,0.75,61.6,5836,0.0,0.5400000000000045,0.9275995818345214,False,11.116717119806868,2.9749615649540497,3.8518674495956713,3.1247641152411085,3.3608584884673762,,,,,,,2.456328727115916,2.8663191433637722,,,,,,,5.171562223053761,6.752150749440637,,,,,,,7.312078305845899,8.614285687493506,,,,,,,wang,0.4,0.5,2.0,8.0
Subj10,walk_36,1.0,61.6,5925,0.0,0.552000000000004,0.9417008112187154,True,9.396411202475525,4.125792518851822,4.358708013067486,3.8656592658386693,3.9997832423002495,0.19906621806219582,0.9722336576207299,0.1639091583013518,0.779524819906531,0.3562462589932214,0.6390767919151569,2.8630449976429078,3.7632025341364055,0.16502862861774548,0.9804604518764327,0.16055125986008978,0.874866753497811,0.2543041703913947,0.8122736705409774,6.299384575637068,8.62986662420434,0.21747871076457584,0.963403617688794,0.2626074662750095,0.7130827193120043,0.5139440380399892,0.5727147105118987,9.524607721130728,11.525261588449958,0.22371545619338806,0.9853577606979086,0.3372468006126427,0.14583229121774946,0.5633445451498769,0.9046669688235648,wang,0.3,1.0,0.0,12.0
Subj10,walk_36,1.0,61.6,5925,0.0,0.552000000000004,0.9417008112187154,True,9.396411202475525,4.125792518851822,4.358708013067486,3.935625993623505,3.873161914142847,0.1955428220695125,0.9737566327703601,0.15078670834296937,0.7743966481900163,0.3192672358160517,0.7301737484064261,2.839576027555653,3.870864867420422,0.16512976891191117,0.9810637962878077,0.15722353952508555,0.872545054198787,0.24307532102086973,0.8400318933132488,6.299384575637068,8.62986662420434,0.21747871076457584,0.963403617688794,0.2626074662750095,0.7130827193120043,0.5139440380399892,0.5727147105118987,9.524607721130728,11.525261588449958,0.22371545619338806,0.9853577606979086,0.3372468006126427,0.14583229121774946,0.5633445451498769,0.9046669688235648,wang,0.3,2.0,0.0,12.0
Subj10,walk_36,1.0,61.6,5925,0.0,0.552000000000004,0.9417008112187154,True,9.396411202475525,4.125792518851822,4.358708013067486,3.9040215984182023,4.139142275810494,0.19979570874126173,0.9729013901074377,0.16174783235060508,0.7793826227073819,0.345836736577726,0.6884686784730107,2.950783198793774,3.8618245897252814,0.16529653598711375,0.9809187316643939,0.15971899634082348,0.8685995105276402,0.2491844891274306,0.831688827785205,6.299384575637068,8.62986662420434,0.21747871076457584,0.963403617688794,0.2626074662750095,0.7130827193120043,0.5139440380399892,0.5727147105118987,9.524607721130728,11.525261588449958,0.22371545619338806,0.9853577606979086,0.3372468006126427,0.14583229121774946,0.5633445451498769,0.9046669688235648,wang,0.4,1.0,0.0,12.0
Subj10,walk_36,1.0,61.6,5925,0.0,0.552000000000004,0.9417008112187154,True,9.396411202475525,4.125792518851822,4.358708013067486,3.8800413049660873,4.23142682988557,0.2024576809169126,0.9705681285934804,0.17706773796281572,0.7833673508931628,0.39143279324220137,0.5536626932844342,2.982990838346322,3.717229074365389,0.1649864529623176,0.9798271522073856,0.16570336384904957,0.8731440188234536,0.26922117447878247,0.7790236320772219,6.299384575637068,8.62986662420434,0.21747871076457584,0.963403617688794,0.2626074662750095,0.7130827193120043,0.5139440380399892,0.5727147105118987,9.524607721130728,11.525261588449958,0.22371545619338806,0.9853577606979086,0.3372468006126427,0.14583229121774946,0.5633445451498769,0.9046669688235648,wang,0.3,0.5,0.0,12.0
Subj10,walk_36,1.0,61.6,5925,0.0,0.552000000000004,0.9417008112187154,True,9.396411202475525,4.125792518851822,4.358708013067486,3.895545680845942,4.199886505819666,0.20194047075563962,0.9698921730732092,0.1812148930665759,0.7788084834380997,0.40537553929400255,0.4767970314990244,2.9899609221970147,3.74964888275577,0.16467735033190367,0.9793728997100133,0.16851404403136938,0.8738472697009634,0.278067317413867,0.7487238558429113,6.299384575637068,8.62986662420434,0.21747871076457584,0.963403617688794,0.2626074662750095,0.7130827193120043,0.5139440380399892,0.5727147105118987,9.524607721130728,11.525261588449958,0.22371545619338806,0.9853577606979086,0.3372468006126427,0.14583229121774946,0.5633445451498769,0.9046669688235648,wang,0.2,0.5,0.0,12.0
Subj10,walk_36,1.0,61.6,5925,0.0,0.552000000000004,0.9417008112187154,True,9.396411202475525,4.125792518851822,4.358708013067486,3.977030103471291,4.026649921943553,0.19642646103182526,0.9746102344971815,0.14818695896453596,0.7735111937739839,0.30777663054155074,0.7721423403560603,2.951620673364175,3.974394384724909,0.165233473871139,0.9816886859309408,0.15595182089206863,0.8647820387403902,0.2363172272570426,0.8586448090389435,6.299384575637068,8.62986662420434,0.21747871076457584,0.963403617688794,0.2626074662750095,0.7130827193120043,0.5139440380399892,0.5727147105118987,9.524607721130728,11.525261588449958,0.22371545619338806,0.9853577606979086,0.3372468006126427,0.14583229121774946,0.5633445451498769,0.9046669688235648,wang,0.4,2.0,0.0,12.0
Subj10,walk_36,1.0,61.6,5925,0.0,0.552000000000004,0.9417008112187154,True,9.396411202475525,4.125792518851822,4.358708013067486,3.898237794314286,3.977914605505808,0.19841183697914172,0.9713578688491357,0.1694385838924474,0.7741256601212113,0.3725427878581965,0.5602450465539255,2.8640737986282487,3.8011598523756813,0.16491821693658928,0.9798126130901164,0.16442382653873142,0.8758290886506842,0.26624040558713585,0.7814414047176149,6.299384575637068,8.62986662420434,0.21747871076457584,0.963403617688794,0.2626074662750095,0.7130827193120043,0.5139440380399892,0.5727147105118987,9.524607721130728,11.525261588449958,0.22371545619338806,0.9853577606979086,0.3372468006126427,0.14583229121774946,0.5633445451498769,0.9046669688235648,wang,0.2,1.0,0.0,12.0
Subj10,walk_36,1.0,61.6,5925,0.0,0.552000000000004,0.9417008112187154,True,9.396411202475525,4.125792518851822,4.358708013067486,3.9259048031004324,4.368620477838657,0.2030517335678757,0.9710585977014101,0.1756830327658561,0.7833670263976513,0.38246009658842156,0.6047361438852686,3.054603768870372,3.8182844239941183,0.1654164596775213,0.9801173975332067,0.16549876332129204,0.8679497432584203,0.2661338357892078,0.7985085425221369,6.299384575637068,8.62986662420434,0.21747871076457584,0.963403617688794,0.2626074662750095,0.7130827193120043,0.5139440380399892,0.5727147105118987,9.524607721130728,11.525261588449958,0.22371545619338806,0.9853577606979086,0.3372468006126427,0.14583229121774946,0.5633445451498769,0.9046669688235648,wang,0.4,0.5,0.0,12.0
Subj10,walk_36,1.0,61.6,5925,0.0,0.552000000000004,0.9417008112187154,True,9.396411202475525,4.125792518851822,4.358708013067486,3.972947969585262,3.84302872866434,0.19473449718707786,0.9726715571587481,0.15746575684043973,0.7684294843405369,0.33779853612059396,0.6574718779191675,2.823969616669694,3.90277941203088,0.1652211485496105,0.9802247758116857,0.16198186578205642,0.8740377055989511,0.2577408637345118,0.8097349522137863,6.299384575637068,8.62986662420434,0.21747871076457584,0.963403617688794,0.2626074662750095,0.7130827193120043,0.5139440380399892,0.5727147105118987,9.524607721130728,11.525261588449958,0.22371545619338806,0.9853577606979086,0.3372468006126427,0.14583229121774946,0.5633445451498769,0.9046669688235648,wang,0.2,2.0,0.0,12.0
Subj10,walk_36,1.0,61.6,5925,0.0,0.552000000000004,0.9417008112187154,True,9.396411202475525,4.125792518851822,4.358708013067486,3.626688727903497,3.871774407935221,0.20300613997693806,0.9696553487007378,0.1586006601104763,0.8193765275578401,0.37821829455763784,0.5750178392307854,3.141443907764146,4.134984248090402,0.16770376137584198,0.9790669445574356,0.16969203800844926,0.870206346395688,0.2780651994094571,0.7815880377195151,6.299384575637068,8.62986662420434,0.21747871076457584,0.963403617688794,0.2626074662750095,0.7130827193120043,0.5139440380399892,0.5727147105118987,9.524607721130728,11.525261588449958,0.22371545619338806,0.9853577606979086,0.3372468006126427,0.14583229121774946,0.5633445451498769,0.9046669688235648,wang,0.3,0.5,2.0,5.0
Subj10,walk_36,1.0,61.6,5925,0.0,0.552000000000004,0.9417008112187154,True,9.396411202475525,4.125792518851822,4.358708013067486,3.6760480277748044,4.047590374370858,0.20338934236840622,0.970217589387501,0.15724984361459343,0.8175467755647275,0.37053277620169556,0.6167459442675817,3.2574903036496834,4.319705323152465,0.16800711076606972,0.9793137360583116,0.17058989320580148,0.8617320029880893,0.2778023670790484,0.7960345709176752,6.299384575637068,8.62986662420434,0.21747871076457584,0.963403617688794,0.2626074662750095,0.7130827193120043,0.5139440380399892,0.5727147105118987,9.524607721130728,11.525261588449958,0.22371545619338806,0.9853577606979086,0.3372468006126427,0.14583229121774946,0.5633445451498769,0.9046669688235648,wang,0.4,0.5,2.0,5.0
Subj10,walk_36,1.0,61.6,5925,0.0,0.552000000000004,0.9417008112187154,True,9.396411202475525,4.125792518851822,4.358708013067486,3.7797854027128257,4.096369779070726,0.20255541303625846,0.970220758172623,0.17128230235363717,0.7970354314284218,0.3884697070861892,0.5529852733018625,2.999991275422604,3.7858770605004692,0.1655432701731077,0.9796812880560336,0.16615844961645593,0.8739269719083037,0.2706999143528852,0.779144920684614,6.299384575637068,8.62986662420434,0.21747871076457584,0.963403617688794,0.2626074662750095,0.7130827193120043,0.5139440380399892,0.5727147105118987,9.524607721130728,11.525261588449958,0.22371545619338806,0.9853577606979086,0.3372468006126427,0.14583229121774946,0.5633445451498769,0.9046669688235648,wang,0.3,0.5,2.0,8.0
Subj10,walk_36,1.0,61.6,5925,0.0,0.552000000000004,0.9417008112187154,True,9.396411202475525,4.125792518851822,4.358708013067486,3.8324206703704684,4.2564569541611785,0.20308298702575528,0.9707449816403859,0.17002123030543592,0.7962041046673606,0.3799336180439815,0.6019058652552604,3.0838208716840154,3.9113429953006675,0.16594133451859774,0.9799601139329384,0.16621095010982959,0.8679474048407031,0.2683842738707997,0.7969987401006159,6.299384575637068,8.62986662420434,0.21747871076457584,0.963403617688794,0.2626074662750095,0.7130827193120043,0.5139440380399892,0.5727147105118987,9.524607721130728,11.525261588449958,0.22371545619338806,0.9853577606979086,0.3372468006126427,0.14583229121774946,0.5633445451498769,0.9046669688235648,wang,0.4,0.5,2.0,8.0
Subj10,walk_45,1.25,61.6,6100,0.0,0.5480000000000045,0.9616520492754409,True,9.29772795833462,5.775037688820146,4.547367019678503,4.501885267502053,3.990709136081304,0.18861244608431812,0.9743931330046761,0.2501575960617411,0.6666861223049177,0.4675905597043663,0.6357904353421482,2.9914894659301257,3.961698112255291,0.1557919181911565,0.9816318509481632,0.1984815662191181,0.8708718079528925,0.29334714452360894,0.8492452980423232,6.978611093456043,9.545951338044215,0.21521859613653302,0.9635717425493211,0.35357897225954565,0.6743233547561087,0.6643121947849587,0.5887153449281045,11.925177277896069,14.091576362437678,0.22352655098203633,0.9850671812398757,0.4496203875042533,0.17942237278798473,0.7420983242217782,0.8992575662835602,wang,0.3,1.0,0.0,12.0
Subj10,walk_45,1.25,61.6,6100,0.0,0.5480000000000045,0.9616520492754409,True,9.29772795833462,5.775037688820146,4.547367019678503,4.60136138084094,3.739924976606501,0.18295384684538077,0.9759127015371806,0.22942955361295622,0.6670061705694317,0.4130184542143067,0.7190694524745991,3.054857839349453,4.248648938587377,0.1555281263098659,0.9822097653835363,0.19526342877160982,0.8678344290930846,0.28177296549085834,0.8697304391605227,6.978611093456043,9.545951338044215,0.21521859613653302,0.9635717425493211,0.35357897225954565,0.6743233547561087,0.6643121947849587,0.5887153449281045,11.925177277896069,14.091576362437678,0.22352655098203633,0.9850671812398757,0.4496203875042533,0.17942237278798473,0.7420983242217782,0.8992575662835602,wang,0.3,2.0,0.0,12.0
Subj10,walk_45,1.25,61.6,6100,0.0,0.5480000000000045,0.9616520492754409,True,9.29772795833462,5.775037688820146,4.547367019678503,4.501089967269943,4.032948911854713,0.18958033869076513,0.9749920245674621,0.25006641151913,0.6665626791903291,0.458965827586865,0.682280090774571,3.0372158553273745,3.9320468241946824,0.1559516945929608,0.9823387944660641,0.20178239036008355,0.8597700238145886,0.2912812253863717,0.8631235048853967,6.978611093456043,9.545951338044215,0.21521859613653302,0.9635717425493211,0.35357897225954565,0.6743233547561087,0.6643121947849587,0.5887153449281045,11.925177277896069,14.091576362437678,0.22352655098203633,0.9850671812398757,0.4496203875042533,0.17942237278798473,0.7420983242217782,0.8992575662835602,wang,0.4,1.0,0.0,12.0
Subj10,walk_45,1.25,61.6,6100,0.0,0.5480000000000045,0.9616520492754409,True,9.29772795833462,5.775037688820146,4.547367019678503,4.538584316735642,4.463104572465418,0.19401443783134006,0.9726823287901404,0.26930935417755003,0.6673120302101497,0.5165139476085213,0.5651803739973396,3.072856971891747,3.7697699936372224,0.15629517188378175,0.9809639650449552,0.20423713084581138,0.8697007291476596,0.31046138370635834,0.8218862832125406,6.978611093456043,9.545951338044215,0.21521859613653302,0.9635717425493211,0.35357897225954565,0.6743233547561087,0.6643121947849587,0.5887153449281045,11.925177277896069,14.091576362437678,0.22352655098203633,0.9850671812398757,0.4496203875042533,0.17942237278798473,0.7420983242217782,0.8992575662835602,wang,0.3,0.5,0.0,12.0
Subj10,walk_45,1.25,61.6,6100,0.0,0.5480000000000045,0.9616520492754409,True,9.29772795833462,5.775037688820146,4.547367019678503,4.627018613347845,4.626036375122042,0.19332637452920684,0.9720646241913335,0.27127754672207854,0.6628797751483484,0.5295771751318928,0.49741946694439204,3.200306460186978,4.061025898130984,0.15632174278739597,0.9801253217202175,0.2033843968941428,0.8745242088274068,0.31860210375327375,0.798827810658356,6.978611093456043,9.545951338044215,0.21521859613653302,0.9635717425493211,0.35357897225954565,0.6743233547561087,0.6643121947849587,0.5887153449281045,11.925177277896069,14.091576362437678,0.22352655098203633,0.9850671812398757,0.4496203875042533,0.17942237278798473,0.7420983242217782,0.8992575662835602,wang,0.2,0.5,0.0,12.0
Subj10,walk_45,1.25,61.6,6100,0.0,0.5480000000000045,0.9616520492754409,True,9.29772795833462,5.775037688820146,4.547367019678503,4.604098752059358,3.798937913886075,0.18401067255275327,0.9767487953608773,0.22889267365784255,0.665489096294603,0.40337148636715453,0.7603071012170555,3.1407571469177626,4.232024648927522,0.15551967420314594,0.9830704882955719,0.198262098960405,0.8543643587658417,0.2783650348580466,0.8830714357306723,6.978611093456043,9.545951338044215,0.21521859613653302,0.9635717425493211,0.35357897225954565,0.6743233547561087,0.6643121947849587,0.5887153449281045,11.925177277896069,14.091576362437678,0.22352655098203633,0.9850671812398757,0.4496203875042533,0.17942237278798473,0.7420983242217782,0.8992575662835602,wang,0.4,2.0,0.0,12.0
Subj10,walk_45,1.25,61.6,6100,0.0,0.5480000000000045,0.9616520492754409,True,9.29772795833462,5.775037688820146,4.547367019678503,4.616063000742558,4.194641277269971,0.18787096815485985,0.9735419505424144,0.253535416640954,0.6619221954632557,0.4831658498219611,0.5642153367216418,3.108828732312749,4.24893608202943,0.1560159854079953,0.9806220706832649,0.1986265872596778,0.8766681121645514,0.3047915099914478,0.8263894558735985,6.978611093456043,9.545951338044215,0.21521859613653302,0.9635717425493211,0.35357897225954565,0.6743233547561087,0.6643121947849587,0.5887153449281045,11.925177277896069,14.091576362437678,0.22352655098203633,0.9850671812398757,0.4496203875042533,0.17942237278798473,0.7420983242217782,0.8992575662835602,wang,0.2,1.0,0.0,12.0
Subj10,walk_45,1.25,61.6,6100,0.0,0.5480000000000045,0.9616520492754409,True,9.29772795833462,5.775037688820146,4.547367019678503,4.5487585916975615,4.511782537298861,0.19489505928230733,0.9730707449845667,0.2699359493470882,0.6677944021309138,0.5091748569115239,0.6114786764274943,3.093153914772367,3.741933809067988,0.15661767924217423,0.9815143301356982,0.20800151918342416,0.8604402063971301,0.3102815916295518,0.8360511473309511,6.978611093456043,9.545951338044215,0.21521859613653302,0.9635717425493211,0.35357897225954565,0.6743233547561087,0.6643121947849587,0.5887153449281045,11.925177277896069,14.091576362437678,0.22352655098203633,0.9850671812398757,0.4496203875042533,0.17942237278798473,0.7420983242217782,0.8992575662835602,wang,0.4,0.5,0.0,12.0
Subj10,walk_45,1.25,61.6,6100,0.0,0.5480000000000045,0.9616520492754409,True,9.29772795833462,5.775037688820146,4.547367019678503,4.723537746992156,3.948089942385063,0.18216471636979398,0.9748007410690653,0.23407570280217158,0.6623222663714617,0.43123088721131814,0.6505445794657946,3.139986169254456,4.509731842810516,0.15595559232150735,0.9810347123246305,0.1962498472976144,0.8749904237971714,0.295966935480506,0.8474371501050932,6.978611093456043,9.545951338044215,0.21521859613653302,0.9635717425493211,0.35357897225954565,0.6743233547561087,0.6643121947849587,0.5887153449281045,11.925177277896069,14.091576362437678,0.22352655098203633,0.9850671812398757,0.4496203875042533,0.17942237278798473,0.7420983242217782,0.8992575662835602,wang,0.2,2.0,0.0,12.0
Subj10,walk_45,1.25,61.6,6100,0.0,0.5480000000000045,0.9616520492754409,True,9.29772795833462,5.775037688820146,4.547367019678503,4.224889406226402,4.195866229795906,0.19427244139580482,0.9722514903902221,0.24424157731259932,0.7125046798501142,0.49651409510646827,0.5907430368385982,3.358676747715893,4.521240388524841,0.16112548254942127,0.9797310303734904,0.21855361488386682,0.8596170370101558,0.3379092488868971,0.8080116237710091,6.978611093456043,9.545951338044215,0.21521859613653302,0.9635717425493211,0.35357897225954565,0.6743233547561087,0.6643121947849587,0.5887153449281045,11.925177277896069,14.091576362437678,0.22352655098203633,0.9850671812398757,0.4496203875042533,0.17942237278798473,0.7420983242217782,0.8992575662835602,wang,0.3,0.5,2.0,5.0
Subj10,walk_45,1.25,61.6,6100,0.0,0.5480000000000045,0.9616520492754409,True,9.29772795833462,5.775037688820146,4.547367019678503,4.2798092033057475,4.409106916157738,0.19494055847329966,0.9727589167472938,0.24566424523314562,0.7082939204466067,0.49136272733147834,0.62659989643458,3.5015588049291932,4.742756324999623,0.1614560186972379,0.9801555731143419,0.22348224971366049,0.8470110071523237,0.34223143519995414,0.8189013949516701,6.978611093456043,9.545951338044215,0.21521859613653302,0.9635717425493211,0.35357897225954565,0.6743233547561087,0.6643121947849587,0.5887153449281045,11.925177277896069,14.091576362437678,0.22352655098203633,0.9850671812398757,0.4496203875042533,0.17942237278798473,0.7420983242217782,0.8992575662835602,wang,0.4,0.5,2.0,5.0
Subj10,walk_45,1.25,61.6,6100,0.0,0.5480000000000045,0.9616520492754409,True,9.29772795833462,5.775037688820146,4.547367019678503,4.420210406899487,4.323347614219452,0.19370898514725818,0.9726967099358267,0.2623901332014711,0.6789518982557556,0.5106928206276371,0.5679517824740403,3.106583074147602,3.9159897380584647,0.15753259552300647,0.9806412822065143,0.20672231014381892,0.8699624642172048,0.31619034752868397,0.8178599308327575,6.978611093456043,9.545951338044215,0.21521859613653302,0.9635717425493211,0.35357897225954565,0.6743233547561087,0.6643121947849587,0.5887153449281045,11.925177277896069,14.091576362437678,0.22352655098203633,0.9850671812398757,0.4496203875042533,0.17942237278798473,0.7420983242217782,0.8992575662835602,wang,0.3,0.5,2.0,8.0
Subj10,walk_45,1.25,61.6,6100,0.0,0.5480000000000045,0.9616520492754409,True,9.29772795833462,5.775037688820146,4.547367019678503,4.444330031882029,4.426810355199578,0.1945129106464783,0.9731367625349743,0.26328844659546047,0.6777903776308175,0.5038387188802826,0.6120141266618343,3.15804569635071,3.9601644176154385,0.15781578944379784,0.9811815118932886,0.21079709217323858,0.8597578849422977,0.3172268068531998,0.8309223173513196,6.978611093456043,9.545951338044215,0.21521859613653302,0.9635717425493211,0.35357897225954565,0.6743233547561087,0.6643121947849587,0.5887153449281045,11.925177277896069,14.091576362437678,0.22352655098203633,0.9850671812398757,0.4496203875042533,0.17942237278798473,0.7420983242217782,0.8992575662835602,wang,0.4,0.5,2.0,8.0
Subj10,walk_54,1.5,61.6,5748,0.0,0.556000000000004,0.9549320011969062,True,10.26756085038832,6.442503296114509,5.391755150161452,5.089506222268976,4.211815352163224,0.2025387141236828,0.9717001582149692,0.27722395393367477,0.7342726714162582,0.5071310338077606,0.7177393209026638,3.8475185923549606,5.522381093730628,0.17364396776156912,0.9775742054165806,0.25670547944958494,0.8423523677122462,0.358829867379893,0.8614938155113051,8.270797605996524,11.30881879959336,0.23600528272687446,0.9582383791028951,0.43326398155444623,0.6795495699852593,0.7488184091421497,0.68140511154615,14.23059864051107,17.026424744445023,0.25418389267998076,0.9780625937294506,0.5903746893315582,0.0960769966869816,0.9217093566900152,0.9072832978157527,wang,0.3,1.0,0.0,12.0
Subj10,walk_54,1.5,61.6,5748,0.0,0.556000000000004,0.9549320011969062,True,10.26756085038832,6.442503296114509,5.391755150161452,5.218200053738993,4.1126611918035545,0.1965506018741172,0.9728865376145701,0.2524821473864863,0.7395714062323268,0.4481511089788716,0.783566683747525,3.9375458626152464,5.7165426629377505,0.17281202467251783,0.9782755676321163,0.2530457722754646,0.8382177301921346,0.3481473377201016,0.8755440777752286,8.270797605996524,11.30881879959336,0.23600528272687446,0.9582383791028951,0.43326398155444623,0.6795495699852593,0.7488184091421497,0.68140511154615,14.23059864051107,17.026424744445023,0.25418389267998076,0.9780625937294506,0.5903746893315582,0.0960769966869816,0.9217093566900152,0.9072832978157527,wang,0.3,2.0,0.0,12.0
Subj10,walk_54,1.5,61.6,5748,0.0,0.556000000000004,0.9549320011969062,True,10.26756085038832,6.442503296114509,5.391755150161452,5.081278506424492,4.254616574109686,0.20370965803590715,0.9722177597603546,0.2836077213992393,0.7226646688364089,0.5003992560416796,0.7532619768526131,3.8794188592918846,5.446864734049067,0.17427134579461445,0.978188069105512,0.2634900465180577,0.8257015245041571,0.36270608889222855,0.8725015265211805,8.270797605996524,11.30881879959336,0.23600528272687446,0.9582383791028951,0.43326398155444623,0.6795495699852593,0.7488184091421497,0.68140511154615,14.23059864051107,17.026424744445023,0.25418389267998076,0.9780625937294506,0.5903746893315582,0.0960769966869816,0.9217093566900152,0.9072832978157527,wang,0.4,1.0,0.0,12.0
Subj10,walk_54,1.5,61.6,5748,0.0,0.556000000000004,0.9549320011969062,True,10.26756085038832,6.442503296114509,5.391755150161452,5.112604906297369,4.5997149775334405,0.20827184616996375,0.9702809645833215,0.2996642317390098,0.7307153030672218,0.5596111236842035,0.6597929823703294,3.8504236272295977,5.3781902148703775,0.17477513713921078,0.976731608209202,0.2619435006435627,0.8442541263303323,0.37331287075828745,0.8434825485338948,8.270797605996524,11.30881879959336,0.23600528272687446,0.9582383791028951,0.43326398155444623,0.6795495699852593,0.7488184091421497,0.68140511154615,14.23059864051107,17.026424744445023,0.25418389267998076,0.9780625937294506,0.5903746893315582,0.0960769966869816,0.9217093566900152,0.9072832978157527,wang,0.3,0.5,0.0,12.0
Subj10,walk_54,1.5,61.6,5748,0.0,0.556000000000004,0.9549320011969062,True,10.26756085038832,6.442503296114509,5.391755150161452,5.228892489774679,4.842725539734275,0.20752225842854752,0.9697107402902642,0.2959069824860896,0.7369341176304558,0.5724692155625092,0.6046960901800527,4.018692295071919,5.736724659040309,0.17448299674457546,0.9759386140512979,0.2576897306173111,0.8548862185629347,0.3768710424853321,0.8263544821301495,8.270797605996524,11.30881879959336,0.23600528272687446,0.9582383791028951,0.43326398155444623,0.6795495699852593,0.7488184091421497,0.68140511154615,14.23059864051107,17.026424744445023,0.25418389267998076,0.9780625937294506,0.5903746893315582,0.0960769966869816,0.9217093566900152,0.9072832978157527,wang,0.2,0.5,0.0,12.0
Subj10,walk_54,1.5,61.6,5748,0.0,0.556000000000004,0.9549320011969062,True,10.26756085038832,6.442503296114509,5.391755150161452,5.20871047136625,4.160760067890811,0.19777561046550304,0.9736536914935809,0.259553697064041,0.7243628343405907,0.440757477579702,0.8137064034701124,4.018828198769785,5.6607413779904165,0.17332728992994975,0.9790431591200404,0.25992913530557576,0.81830266576358,0.3516151544499303,0.8865388515059818,8.270797605996524,11.30881879959336,0.23600528272687446,0.9582383791028951,0.43326398155444623,0.6795495699852593,0.7488184091421497,0.68140511154615,14.23059864051107,17.026424744445023,0.25418389267998076,0.9780625937294506,0.5903746893315582,0.0960769966869816,0.9217093566900152,0.9072832978157527,wang,0.4,2.0,0.0,12.0
Subj10,walk_54,1.5,61.6,5748,0.0,0.556000000000004,0.9549320011969062,True,10.26756085038832,6.442503296114509,5.391755150161452,5.247232659140081,4.5245761318306865,0.20177135430569812,0.9708971493130233,0.27398272105929805,0.7420888893332483,0.522595649155634,0.6617237694630791,4.002105115661037,5.882078619892171,0.17347771807327206,0.9766254577562046,0.2530845514529738,0.8548188450345418,0.3649730542603132,0.8437975594002088,8.270797605996524,11.30881879959336,0.23600528272687446,0.9582383791028951,0.43326398155444623,0.6795495699852593,0.7488184091421497,0.68140511154615,14.23059864051107,17.026424744445023,0.25418389267998076,0.9780625937294506,0.5903746893315582,0.0960769966869816,0.9217093566900152,0.9072832978157527,wang,0.2,1.0,0.0,12.0
Subj10,walk_54,1.5,61.6,5748,0.0,0.556000000000004,0.9549320011969062,True,10.26756085038832,6.442503296114509,5.391755150161452,5.123727090598699,4.6636015267835145,0.20932777023209986,0.9705865123094892,0.305632962234256,0.7217911240948994,0.5536040261180761,0.6965285603624682,3.8546756667165227,5.301979142976621,0.1754988791407368,0.9771970961390477,0.2688590070016837,0.8301931548783908,0.37832155916538596,0.8541388076137905,8.270797605996524,11.30881879959336,0.23600528272687446,0.9582383791028951,0.43326398155444623,0.6795495699852593,0.7488184091421497,0.68140511154615,14.23059864051107,17.026424744445023,0.25418389267998076,0.9780625937294506,0.5903746893315582,0.0960769966869816,0.9217093566900152,0.9072832978157527,wang,0.4,0.5,0.0,12.0
Subj10,walk_54,1.5,61.6,5748,0.0,0.556000000000004,0.9549320011969062,True,10.26756085038832,6.442503296114509,5.391755150161452,5.394448187779643,4.4408719522452875,0.19580951086372514,0.9718170158212511,0.24952780006534067,0.7495584210566171,0.46652319445647555,0.7326345503898666,4.051149463876767,6.052054854139958,0.17278837293034252,0.977169659202251,0.24983022994298948,0.8530790460269475,0.35613884464716616,0.8577430159938163,8.270797605996524,11.30881879959336,0.23600528272687446,0.9582383791028951,0.43326398155444623,0.6795495699852593,0.7488184091421497,0.68140511154615,14.23059864051107,17.026424744445023,0.25418389267998076,0.9780625937294506,0.5903746893315582,0.0960769966869816,0.9217093566900152,0.9072832978157527,wang,0.2,2.0,0.0,12.0
Subj10,walk_54,1.5,61.6,5748,0.0,0.556000000000004,0.9549320011969062,True,10.26756085038832,6.442503296114509,5.391755150161452,4.75654600131603,4.738277589320466,0.20885840739436803,0.9694585885468894,0.273086585898031,0.7726384205207683,0.5231902760022837,0.7175220805195268,4.151152363755626,5.928307684911323,0.18109533928747376,0.9748193670540815,0.28385257795667584,0.824582670813765,0.41431683736512115,0.8351928778114962,8.270797605996524,11.30881879959336,0.23600528272687446,0.9582383791028951,0.43326398155444623,0.6795495699852593,0.7488184091421497,0.68140511154615,14.23059864051107,17.026424744445023,0.25418389267998076,0.9780625937294506,0.5903746893315582,0.0960769966869816,0.9217093566900152,0.9072832978157527,wang,0.3,0.5,2.0,5.0
Subj10,walk_54,1.5,61.6,5748,0.0,0.556000000000004,0.9549320011969062,True,10.26756085038832,6.442503296114509,5.391755150161452,4.862962480259332,5.078569200515919,0.20976530838789623,0.9698946893716681,0.28026147797502643,0.7592997753127388,0.5211784387869355,0.7400977291030707,4.364774885443035,6.2434391407044645,0.18184325835265355,0.9751220064605295,0.29200787050901106,0.8072405983364048,0.42487783998694645,0.8432249767581044,8.270797605996524,11.30881879959336,0.23600528272687446,0.9582383791028951,0.43326398155444623,0.6795495699852593,0.7488184091421497,0.68140511154615,14.23059864051107,17.026424744445023,0.25418389267998076,0.9780625937294506,0.5903746893315582,0.0960769966869816,0.9217093566900152,0.9072832978157527,wang,0.4,0.5,2.0,5.0
Subj10,walk_54,1.5,61.6,5748,0.0,0.556000000000004,0.9549320011969062,True,10.26756085038832,6.442503296114509,5.391755150161452,4.964451006503039,4.533909555690143,0.2080250358084683,0.9702713521891781,0.2919364442254194,0.7438445300668602,0.5515431470921884,0.6693859574216348,3.8297818916784894,5.387382953160732,0.17660732651228536,0.9760845368786657,0.2657669664127053,0.8435809719651016,0.38153044013207515,0.8400481818505361,8.270797605996524,11.30881879959336,0.23600528272687446,0.9582383791028951,0.43326398155444623,0.6795495699852593,0.7488184091421497,0.68140511154615,14.23059864051107,17.026424744445023,0.25418389267998076,0.9780625937294506,0.5903746893315582,0.0960769966869816,0.9217093566900152,0.9072832978157527,wang,0.3,0.5,2.0,8.0
Subj10,walk_54,1.5,61.6,5748,0.0,0.556000000000004,0.9549320011969062,True,10.26756085038832,6.442503296114509,5.391755150161452,5.00287758814919,4.696878059591252,0.20904320678818178,0.9706383085212361,0.2984088587706034,0.7332896987466626,0.5465738469997377,0.7026930056989084,3.9006743232510543,5.440862630109976,0.17726913721331525,0.9765474765922261,0.27319509072842085,0.8283697580206112,0.3883536799217583,0.849940883882483,8.270797605996524,11.30881879959336,0.23600528272687446,0.9582383791028951,0.43326398155444623,0.6795495699852593,0.7488184091421497,0.68140511154615,14.23059864051107,17.026424744445023,0.25418389267998076,0.9780625937294506,0.5903746893315582,0.0960769966869816,0.9217093566900152,0.9072832978157527,wang,0.4,0.5,2.0,8.0
Subj11,walk_09,0.25,62.4,6016,0.0,0.5720000000000036,0.932490722854641,True,4.97679761736553,2.382658411949704,2.256645278814882,2.65347783340944,2.177364968452045,0.1671762048194576,0.9831374785949442,0.16223313348020388,0.4717472876006125,0.10038769246105722,0.7010769185449348,1.3737404295743396,1.2445135998612313,0.17985198971360916,0.9781231887504808,0.1834574413179476,0.8661108049058173,0.16497085366864053,0.36803182336182005,2.677866636603713,2.413179268254985,0.17369427842082022,0.9855517960805047,0.17008398095719351,0.42647240502306444,0.2075013752605607,0.5494390372122229,1.8302524931713973,1.942261187920781,0.18621068456955753,0.9837540805601581,0.12793208767376246,0.5117939652602839,0.275228856864143,0.3481068908620476,wang,0.3,1.0,0.0,12.0
Subj11,walk_09,0.25,62.4,6016,0.0,0.5720000000000036,0.932490722854641,True,4.97679761736553,2.382658411949704,2.256645278814882,2.728671947136854,2.219748621492651,0.16624591866347974,0.9826525200077081,0.16239023915152387,0.48556187088890185,0.08744993679850696,0.7251420720837604,1.336471585495322,1.2294080428623622,0.17933418841784912,0.9782989391180349,0.18042508765875354,0.8805888694472785,0.156495992694069,0.40281457927493536,2.677866636603713,2.413179268254985,0.17369427842082022,0.9855517960805047,0.17008398095719351,0.42647240502306444,0.2075013752605607,0.5494390372122229,1.8302524931713973,1.942261187920781,0.18621068456955753,0.9837540805601581,0.12793208767376246,0.5117939652602839,0.275228856864143,0.3481068908620476,wang,0.3,2.0,0.0,12.0
Subj11,walk_09,0.25,62.4,6016,0.0,0.5720000000000036,0.932490722854641,True,4.97679761736553,2.382658411949704,2.256645278814882,2.562499815126903,2.088477473740989,0.16806655692201994,0.9834604885875305,0.1601458654180576,0.47125353891858834,0.1074552560239072,0.6931870698824208,1.347027219800832,1.206789254752488,0.18005229758388286,0.9786586884340254,0.18450620025128928,0.859411963457812,0.1665700437204038,0.3931237701594662,2.677866636603713,2.413179268254985,0.17369427842082022,0.9855517960805047,0.17008398095719351,0.42647240502306444,0.2075013752605607,0.5494390372122229,1.8302524931713973,1.942261187920781,0.18621068456955753,0.9837540805601581,0.12793208767376246,0.5117939652602839,0.275228856864143,0.3481068908620476,wang,0.4,1.0,0.0,12.0
Subj11,walk_09,0.25,62.4,6016,0.0,0.5720000000000036,0.932490722854641,True,4.97679761736553,2.382658411949704,2.256645278814882,2.5950260563279905,2.1512304244916955,0.16812464180135991,0.9834353914982618,0.16213807688082943,0.459383808668885,0.11420398817472273,0.6739713378151083,1.4472884871612286,1.2880869524735394,0.1803178969366882,0.9779010832118765,0.1865876838927887,0.8501691212936716,0.17382975400259204,0.3435260583413664,2.677866636603713,2.413179268254985,0.17369427842082022,0.9855517960805047,0.17008398095719351,0.42647240502306444,0.2075013752605607,0.5494390372122229,1.8302524931713973,1.942261187920781,0.18621068456955753,0.9837540805601581,0.12793208767376246,0.5117939652602839,0.275228856864143,0.3481068908620476,wang,0.3,0.5,0.0,12.0
Subj11,walk_09,0.25,62.4,6016,0.0,0.5720000000000036,0.932490722854641,True,4.97679761736553,2.382658411949704,2.256645278814882,2.677726633867196,2.245396934766462,0.16731737787704284,0.9830289822329794,0.1636551544408181,0.4608845053320799,0.1077631931035452,0.675239180911686,1.4765631069218448,1.3352949684723836,0.1801484747157284,0.977276637771732,0.18561452972533854,0.8564458012403487,0.17258270540217166,0.3117888906428411,2.677866636603713,2.413179268254985,0.17369427842082022,0.9855517960805047,0.17008398095719351,0.42647240502306444,0.2075013752605607,0.5494390372122229,1.8302524931713973,1.942261187920781,0.18621068456955753,0.9837540805601581,0.12793208767376246,0.5117939652602839,0.275228856864143,0.3481068908620476,wang,0.2,0.5,0.0,12.0
Subj11,walk_09,0.25,62.4,6016,0.0,0.5720000000000036,0.932490722854641,True,4.97679761736553,2.382658411949704,2.256645278814882,2.610941547752007,2.1111831088394335,0.1673293140049125,0.9829653742572881,0.15921919414399846,0.48655170973984807,0.09493861190688928,0.7122357205544173,1.2987011560370116,1.180710807234532,0.179583119912396,0.9788508135516788,0.1815531791806769,0.8733148414523103,0.15816499543965862,0.4277035372464013,2.677866636603713,2.413179268254985,0.17369427842082022,0.9855517960805047,0.17008398095719351,0.42647240502306444,0.2075013752605607,0.5494390372122229,1.8302524931713973,1.942261187920781,0.18621068456955753,0.9837540805601581,0.12793208767376246,0.5117939652602839,0.275228856864143,0.3481068908620476,wang,0.4,2.0,0.0,12.0
Subj11,walk_09,0.25,62.4,6016,0.0,0.5720000000000036,0.932490722854641,True,4.97679761736553,2.382658411949704,2.256645278814882,2.765785465369087,2.2919193541248033,0.16614738446594332,0.9827462987654119,0.1649377459308625,0.4718401899769758,0.09350303320687343,0.7067132570717769,1.415162607381756,1.3046259726961673,0.17962726730844328,0.9774783820164163,0.18237971677676398,0.8731005126538404,0.1636448760516247,0.33379452363473666,2.677866636603713,2.413179268254985,0.17369427842082022,0.9855517960805047,0.17008398095719351,0.42647240502306444,0.2075013752605607,0.5494390372122229,1.8302524931713973,1.942261187920781,0.18621068456955753,0.9837540805601581,0.12793208767376246,0.5117939652602839,0.275228856864143,0.3481068908620476,wang,0.2,1.0,0.0,12.0
Subj11,walk_09,0.25,62.4,6016,0.0,0.5720000000000036,0.932490722854641,True,4.97679761736553,2.382658411949704,2.256645278814882,2.5292884130398376,2.0799639421838054,0.16882488796906478,0.9837694370534604,0.16103751348715975,0.4577192419774371,0.12052403901848217,0.6707518002127449,1.4299317669476097,1.2609664622332535,0.18047050392779634,0.9784183660592712,0.1875339112721524,0.8441801568257139,0.17529771312938658,0.36759610132151893,2.677866636603713,2.413179268254985,0.17369427842082022,0.9855517960805047,0.17008398095719351,0.42647240502306444,0.2075013752605607,0.5494390372122229,1.8302524931713973,1.942261187920781,0.18621068456955753,0.9837540805601581,0.12793208767376246,0.5117939652602839,0.275228856864143,0.3481068908620476,wang,0.4,0.5,0.0,12.0
Subj11,walk_09,0.25,62.4,6016,0.0,0.5720000000000036,0.932490722854641,True,4.97679761736553,2.382658411949704,2.256645278814882,2.8723195723179793,2.3568962567288074,0.16499244543187072,0.9822751218306116,0.16639747052224363,0.4839084907209551,0.08086180121686469,0.7341886100258336,1.3919689969399514,1.302491060641913,0.179053286208076,0.9776357226813827,0.1792759223466621,0.8880976163307369,0.15519131088431296,0.36696864882656294,2.677866636603713,2.413179268254985,0.17369427842082022,0.9855517960805047,0.17008398095719351,0.42647240502306444,0.2075013752605607,0.5494390372122229,1.8302524931713973,1.942261187920781,0.18621068456955753,0.9837540805601581,0.12793208767376246,0.5117939652602839,0.275228856864143,0.3481068908620476,wang,0.2,2.0,0.0,12.0
Subj11,walk_09,0.25,62.4,6016,0.0,0.5720000000000036,0.932490722854641,True,4.97679761736553,2.382658411949704,2.256645278814882,2.508743695980345,2.009102880181928,0.1682964648710352,0.9835858294064584,0.15901801714142638,0.4710213764389998,0.10548162478000492,0.7071932372819121,1.3899342614661108,1.256798148813575,0.18033756925121766,0.9781035128420009,0.18614576396780486,0.8560083652604548,0.17121790085886035,0.36147859578991476,2.677866636603713,2.413179268254985,0.17369427842082022,0.9855517960805047,0.17008398095719351,0.42647240502306444,0.2075013752605607,0.5494390372122229,1.8302524931713973,1.942261187920781,0.18621068456955753,0.9837540805601581,0.12793208767376246,0.5117939652602839,0.275228856864143,0.3481068908620476,wang,0.3,0.5,2.0,5.0
Subj11,walk_09,0.25,62.4,6016,0.0,0.5720000000000036,0.932490722854641,True,4.97679761736553,2.382658411949704,2.256645278814882,2.4481045174164255,1.9495432100728458,0.16895854671484098,0.983906825770924,0.15806148782967905,0.4691711508497601,0.11239518569541086,0.6989214501579775,1.3757831860594174,1.2377081921702502,0.18048233789947365,0.9785941557559609,0.18708426935477074,0.8502453001000141,0.17276643118259433,0.3833996957963658,2.677866636603713,2.413179268254985,0.17369427842082022,0.9855517960805047,0.17008398095719351,0.42647240502306444,0.2075013752605607,0.5494390372122229,1.8302524931713973,1.942261187920781,0.18621068456955753,0.9837540805601581,0.12793208767376246,0.5117939652602839,0.275228856864143,0.3481068908620476,wang,0.4,0.5,2.0,5.0
Subj11,walk_09,0.25,62.4,6016,0.0,0.5720000000000036,0.932490722854641,True,4.97679761736553,2.382658411949704,2.256645278814882,2.5597914174337064,2.094640215769248,0.16822003973616348,0.9834851820668841,0.1609092729115338,0.46361456182251326,0.11134600996993287,0.68420648330996,1.4362075820669717,1.2829520931446219,0.18032214642077438,0.9779654746179108,0.18653322709487113,0.8514380705146654,0.17328778293819005,0.3483007007862187,2.677866636603713,2.413179268254985,0.17369427842082022,0.9855517960805047,0.17008398095719351,0.42647240502306444,0.2075013752605607,0.5494390372122229,1.8302524931713973,1.942261187920781,0.18621068456955753,0.9837540805601581,0.12793208767376246,0.5117939652602839,0.275228856864143,0.3481068908620476,wang,0.3,0.5,2.0,8.0
Subj11,walk_09,0.25,62.4,6016,0.0,0.5720000000000036,0.932490722854641,True,4.97679761736553,2.382658411949704,2.256645278814882,2.49600118547276,2.0274329329424745,0.1689069879945047,0.9838159043887947,0.15986831798387077,0.4618874996567894,0.11789839512443599,0.6792941591516862,1.4201295289707618,1.258648918498238,0.18047159759501252,0.978475013304613,0.1874747066095336,0.8455301330083532,0.17478075026543255,0.37169943346248674,2.677866636603713,2.413179268254985,0.17369427842082022,0.9855517960805047,0.17008398095719351,0.42647240502306444,0.2075013752605607,0.5494390372122229,1.8302524931713973,1.942261187920781,0.18621068456955753,0.9837540805601581,0.12793208767376246,0.5117939652602839,0.275228856864143,0.3481068908620476,wang,0.4,0.5,2.0,8.0
Subj11,walk_18,0.5,62.4,5878,0.0,0.5880000000000036,0.9311261056425714,True,4.653096883539027,2.8246420839847617,3.6777325392914872,2.7032032275111115,2.2073128565001157,0.17541234128548538,0.9801060192330602,0.13971907687467153,0.6224222571239658,0.1669062009472475,0.7161349252023274,1.9901373732103333,2.3295035952423984,0.17948266921585682,0.9773896380524436,0.1981259177015696,0.8914389225536288,0.21024661473352624,0.6083962366432429,3.6059205292918506,3.9833205939170355,0.18468218579481685,0.9825101663581811,0.1783529665142424,0.5276764586162211,0.3173869321751692,0.66363099026769,3.611718683291389,4.161847258652754,0.1998700655066961,0.986282866883683,0.17126918309331116,0.46628224747277636,0.40633562000014806,0.705862478983999,wang,0.3,1.0,0.0,12.0
Subj11,walk_18,0.5,62.4,5878,0.0,0.5880000000000036,0.9311261056425714,True,4.653096883539027,2.8246420839847617,3.6777325392914872,2.7586061729213656,2.1798057335462238,0.1739100815171705,0.9799619735909325,0.137762562885925,0.6302954573787242,0.14682527890359742,0.7463548406521696,1.8112352891205106,2.154646266295898,0.17935428089072247,0.9776668211493124,0.19299175760823867,0.9061511574171937,0.19710597604605729,0.6475252337636149,3.6059205292918506,3.9833205939170355,0.18468218579481685,0.9825101663581811,0.1783529665142424,0.5276764586162211,0.3173869321751692,0.66363099026769,3.611718683291389,4.161847258652754,0.1998700655066961,0.986282866883683,0.17126918309331116,0.46628224747277636,0.40633562000014806,0.705862478983999,wang,0.3,2.0,0.0,12.0
Subj11,walk_18,0.5,62.4,5878,0.0,0.5880000000000036,0.9311261056425714,True,4.653096883539027,2.8246420839847617,3.6777325392914872,2.6255066824817077,2.162548081575167,0.17651080861146,0.9807293734550219,0.1386491898678406,0.62161010062717,0.17475861243761248,0.7302011756071409,1.9549003828975091,2.2796334803562295,0.17975485564814583,0.9782231069167295,0.1986294198174703,0.8868061017692342,0.21127447343719358,0.6406822099044348,3.6059205292918506,3.9833205939170355,0.18468218579481685,0.9825101663581811,0.1783529665142424,0.5276764586162211,0.3173869321751692,0.66363099026769,3.611718683291389,4.161847258652754,0.1998700655066961,0.986282866883683,0.17126918309331116,0.46628224747277636,0.40633562000014806,0.705862478983999,wang,0.4,1.0,0.0,12.0
Subj11,walk_18,0.5,62.4,5878,0.0,0.5880000000000036,0.9311261056425714,True,4.653096883539027,2.8246420839847617,3.6777325392914872,2.6823644907406408,2.262271003269731,0.17696498548567746,0.9800539707868592,0.1420885742603836,0.6142010324581478,0.1876345101358026,0.6862941182748936,2.203200957963269,2.540249134708129,0.17957697742823084,0.9770587976980546,0.20327790067074755,0.875113443614952,0.22379464062491972,0.5752249874155433,3.6059205292918506,3.9833205939170355,0.18468218579481685,0.9825101663581811,0.1783529665142424,0.5276764586162211,0.3173869321751692,0.66363099026769,3.611718683291389,4.161847258652754,0.1998700655066961,0.986282866883683,0.17126918309331116,0.46628224747277636,0.40633562000014806,0.705862478983999,wang,0.3,0.5,0.0,12.0
Subj11,walk_18,0.5,62.4,5878,0.0,0.5880000000000036,0.9311261056425714,True,4.653096883539027,2.8246420839847617,3.6777325392914872,2.752558802664434,2.323630272361327,0.17599563061376813,0.9793154180283691,0.14261141990838067,0.6159525735043214,0.1811752626396906,0.6633735810202466,2.252510519787017,2.613934543784292,0.17934954628050293,0.9761323372051585,0.20313376485409004,0.8784158870497524,0.22368390283972653,0.5329980562269038,3.6059205292918506,3.9833205939170355,0.18468218579481685,0.9825101663581811,0.1783529665142424,0.5276764586162211,0.3173869321751692,0.66363099026769,3.611718683291389,4.161847258652754,0.1998700655066961,0.986282866883683,0.17126918309331116,0.46628224747277636,0.40633562000014806,0.705862478983999,wang,0.2,0.5,0.0,12.0
Subj11,walk_18,0.5,62.4,5878,0.0,0.5880000000000036,0.9311261056425714,True,4.653096883539027,2.8246420839847617,3.6777325392914872,2.6436174106749175,2.1050999079096453,0.17524615358300435,0.980616430325979,0.13524803778530045,0.6323664041571205,0.15516996945062608,0.7580147672473933,1.760696125872959,2.085781693935343,0.17967334921974232,0.9785840692249671,0.1934650562667367,0.9011365242750412,0.1978741014389238,0.6797120396890933,3.6059205292918506,3.9833205939170355,0.18468218579481685,0.9825101663581811,0.1783529665142424,0.5276764586162211,0.3173869321751692,0.66363099026769,3.611718683291389,4.161847258652754,0.1998700655066961,0.986282866883683,0.17126918309331116,0.46628224747277636,0.40633562000014806,0.705862478983999,wang,0.4,2.0,0.0,12.0
Subj11,walk_18,0.5,62.4,5878,0.0,0.5880000000000036,0.9311261056425714,True,4.653096883539027,2.8246420839847617,3.6777325392914872,2.8157227542909706,2.3030928444694303,0.17416707551180943,0.97934011803781,0.1418112373057252,0.6213146867045146,0.16013727293588362,0.6938079867291501,2.059922178261083,2.428188108511046,0.17920138914079914,0.9763657304985095,0.19805677377718853,0.8950744081317776,0.21063448767684756,0.5626388639065094,3.6059205292918506,3.9833205939170355,0.18468218579481685,0.9825101663581811,0.1783529665142424,0.5276764586162211,0.3173869321751692,0.66363099026769,3.611718683291389,4.161847258652754,0.1998700655066961,0.986282866883683,0.17126918309331116,0.46628224747277636,0.40633562000014806,0.705862478983999,wang,0.2,1.0,0.0,12.0
Subj11,walk_18,0.5,62.4,5878,0.0,0.5880000000000036,0.9311261056425714,True,4.653096883539027,2.8246420839847617,3.6777325392914872,2.63911298474255,2.2447021497454513,0.17782525165976404,0.9806485449831667,0.1422434658602064,0.611169483381965,0.19467855859236974,0.7018640924715649,2.181422921852039,2.5086594930503345,0.17980184380215408,0.9778059564815422,0.20379562777039556,0.8709739847912042,0.22505225322102218,0.6059947315743641,3.6059205292918506,3.9833205939170355,0.18468218579481685,0.9825101663581811,0.1783529665142424,0.5276764586162211,0.3173869321751692,0.66363099026769,3.611718683291389,4.161847258652754,0.1998700655066961,0.986282866883683,0.17126918309331116,0.46628224747277636,0.40633562000014806,0.705862478983999,wang,0.4,0.5,0.0,12.0
Subj11,walk_18,0.5,62.4,5878,0.0,0.5880000000000036,0.9311261056425714,True,4.653096883539027,2.8246420839847617,3.6777325392914872,2.9165036707303136,2.3123198642232983,0.17239063281486636,0.9791660262488247,0.14169086697939628,0.6256151641226392,0.14051285624702348,0.7249248442094369,1.9045977679640598,2.278905684222062,0.17902021625144895,0.9765488038488582,0.1930340682934311,0.9099172002451601,0.19810042458286561,0.599690364696533,3.6059205292918506,3.9833205939170355,0.18468218579481685,0.9825101663581811,0.1783529665142424,0.5276764586162211,0.3173869321751692,0.66363099026769,3.611718683291389,4.161847258652754,0.1998700655066961,0.986282866883683,0.17126918309331116,0.46628224747277636,0.40633562000014806,0.705862478983999,wang,0.2,2.0,0.0,12.0
Subj11,walk_18,0.5,62.4,5878,0.0,0.5880000000000036,0.9311261056425714,True,4.653096883539027,2.8246420839847617,3.6777325392914872,2.4318703895205562,1.9867163192039141,0.17727954865500248,0.980443812512035,0.13139185661110445,0.6559020152413935,0.17059918507962366,0.7361165040645249,2.113494916294168,2.476505665179369,0.17939470723809592,0.9777738724378572,0.20084308802881698,0.8866919800873294,0.21652145371058226,0.6016549995521806,3.6059205292918506,3.9833205939170355,0.18468218579481685,0.9825101663581811,0.1783529665142424,0.5276764586162211,0.3173869321751692,0.66363099026769,3.611718683291389,4.161847258652754,0.1998700655066961,0.986282866883683,0.17126918309331116,0.46628224747277636,0.40633562000014806,0.705862478983999,wang,0.3,0.5,2.0,5.0
Subj11,walk_18,0.5,62.4,5878,0.0,0.5880000000000036,0.9311261056425714,True,4.653096883539027,2.8246420839847617,3.6777325392914872,2.3964819304842497,1.9990531152775282,0.1780759718389047,0.9809851502048876,0.13178083286106163,0.6521176934854385,0.17847604905676218,0.7428852287416434,2.096214838956804,2.456919512352549,0.17960125841851457,0.9784385548493085,0.20140026939901864,0.8825406579924578,0.2179615994450694,0.627229109672494,3.6059205292918506,3.9833205939170355,0.18468218579481685,0.9825101663581811,0.1783529665142424,0.5276764586162211,0.3173869321751692,0.66363099026769,3.611718683291389,4.161847258652754,0.1998700655066961,0.986282866883683,0.17126918309331116,0.46628224747277636,0.40633562000014806,0.705862478983999,wang,0.4,0.5,2.0,5.0
Subj11,walk_18,0.5,62.4,5878,0.0,0.5880000000000036,0.9311261056425714,True,4.653096883539027,2.8246420839847617,3.6777325392914872,2.5872489551086475,2.1561804287227644,0.17711085026635767,0.9801943368694419,0.13838780119470506,0.6287118677561113,0.18191766603729845,0.7024389948065248,2.197567193379711,2.5500450351108506,0.17949413027175334,0.977310606425542,0.2030008385140759,0.8772344007958532,0.22256774570810695,0.5807979933223871,3.6059205292918506,3.9833205939170355,0.18468218579481685,0.9825101663581811,0.1783529665142424,0.5276764586162211,0.3173869321751692,0.66363099026769,3.611718683291389,4.161847258652754,0.1998700655066961,0.986282866883683,0.17126918309331116,0.46628224747277636,0.40633562000014806,0.705862478983999,wang,0.3,0.5,2.0,8.0
Subj11,walk_18,0.5,62.4,5878,0.0,0.5880000000000036,0.9311261056425714,True,4.653096883539027,2.8246420839847617,3.6777325392914872,2.547941179631673,2.15073019824121,0.1779494972935274,0.9807739054071282,0.13866369205454174,0.6253359464566212,0.18933594174802168,0.7149794248898876,2.1783481177017268,2.5235854396403723,0.17971357003677413,0.9780283002440207,0.2035379998057624,0.8730319313307097,0.22393658917543693,0.6099176112873056,3.6059205292918506,3.9833205939170355,0.18468218579481685,0.9825101663581811,0.1783529665142424,0.5276764586162211,0.3173869321751692,0.66363099026769,3.611718683291389,4.161847258652754,0.1998700655066961,0.986282866883683,0.17126918309331116,0.46628224747277636,0.40633562000014806,0.705862478983999,wang,0.4,0.5,2.0,8.0
Subj11,walk_27,0.75,62.4,5908,0.0,0.5760000000000036,0.9444534749993165,True,5.344978455381552,3.485978012672177,4.458360767928362,2.8485994285006484,2.5557082814652183,0.17937085770150243,0.9749158014748989,0.15407302495375144,0.7318662635220102,0.19145124244170786,0.8086561770871254,2.452840677172265,3.0844986225163673,0.18093163182652855,0.9717499660128323,0.21844100205397157,0.9141694144356617,0.24103659221454374,0.7550750856116758,4.789153908384567,5.852957981584433,0.18893816018392406,0.9764097969034075,0.2204036031162015,0.5867750062674035,0.39176457942865056,0.7561579771219328,5.93106032952624,6.876999446439756,0.2073972244528537,0.9845381248226828,0.2518333613752909,0.3120729434614202,0.5091942432335973,0.8483540330090552,wang,0.3,1.0,0.0,12.0
Subj11,walk_27,0.75,62.4,5908,0.0,0.5760000000000036,0.9444534749993165,True,5.344978455381552,3.485978012672177,4.458360767928362,2.819076232689493,2.552991646966066,0.17847920146839075,0.9746299408635625,0.1492154292361144,0.7425713997991757,0.16930875900607206,0.8338181215506666,2.269802338613144,2.9695214159657746,0.18099681433671708,0.9722521700787632,0.21357499819205245,0.9216633123646673,0.2255138000604291,0.7912153263342419,4.789153908384567,5.852957981584433,0.18893816018392406,0.9764097969034075,0.2204036031162015,0.5867750062674035,0.39176457942865056,0.7561579771219328,5.93106032952624,6.876999446439756,0.2073972244528537,0.9845381248226828,0.2518333613752909,0.3120729434614202,0.5091942432335973,0.8483540330090552,wang,0.3,2.0,0.0,12.0
Subj11,walk_27,0.75,62.4,5908,0.0,0.5760000000000036,0.9444534749993165,True,5.344978455381552,3.485978012672177,4.458360767928362,2.8131059376074465,2.5644989035915153,0.18046363271528132,0.975831698787961,0.15402373983209003,0.7273419771971957,0.19835070735336743,0.8237523981586495,2.3766194867140666,2.9641606471310404,0.18121351431221014,0.9729281067315898,0.21795059887954296,0.9098120975608148,0.241855961923868,0.7790901569595204,4.789153908384567,5.852957981584433,0.18893816018392406,0.9764097969034075,0.2204036031162015,0.5867750062674035,0.39176457942865056,0.7561579771219328,5.93106032952624,6.876999446439756,0.2073972244528537,0.9845381248226828,0.2518333613752909,0.3120729434614202,0.5091942432335973,0.8483540330090552,wang,0.4,1.0,0.0,12.0
Subj11,walk_27,0.75,62.4,5908,0.0,0.5760000000000036,0.9444534749993165,True,5.344978455381552,3.485978012672177,4.458360767928362,2.9373890594116343,2.629974346031093,0.18038727435933216,0.9748832371889827,0.15972556730353746,0.7194741434321416,0.2148101657524293,0.7831677744611385,2.707259758774462,3.3000446039324274,0.18088820122192464,0.9711628025352382,0.2239312602114565,0.9044047766384636,0.2579650905490593,0.7192936381399178,4.789153908384567,5.852957981584433,0.18893816018392406,0.9764097969034075,0.2204036031162015,0.5867750062674035,0.39176457942865056,0.7561579771219328,5.93106032952624,6.876999446439756,0.2073972244528537,0.9845381248226828,0.2518333613752909,0.3120729434614202,0.5091942432335973,0.8483540330090552,wang,0.3,0.5,0.0,12.0
Subj11,walk_27,0.75,62.4,5908,0.0,0.5760000000000036,0.9444534749993165,True,5.344978455381552,3.485978012672177,4.458360767928362,2.981774608119546,2.6604966756934467,0.1794071621230197,0.9738602976421968,0.15972716562262848,0.7236678041357058,0.20977042166190438,0.7610542120623052,2.819937687717443,3.477087832087022,0.18064878313085156,0.9699012329222692,0.22524350470905571,0.9065889221697989,0.2589713793739253,0.6848906290833902,4.789153908384567,5.852957981584433,0.18893816018392406,0.9764097969034075,0.2204036031162015,0.5867750062674035,0.39176457942865056,0.7561579771219328,5.93106032952624,6.876999446439756,0.2073972244528537,0.9845381248226828,0.2518333613752909,0.3120729434614202,0.5091942432335973,0.8483540330090552,wang,0.2,0.5,0.0,12.0
Subj11,walk_27,0.75,62.4,5908,0.0,0.5760000000000036,0.9444534749993165,True,5.344978455381552,3.485978012672177,4.458360767928362,2.747698337562051,2.5190456588067938,0.17975731864469513,0.9756648410486973,0.14782691366047337,0.7405623591529458,0.17543352612009006,0.8481614980696983,2.1753957593268627,2.8194656495460113,0.18128501494626112,0.9736202581278744,0.21287548839042097,0.9167233435047497,0.22566671852161588,0.813632320355259,4.789153908384567,5.852957981584433,0.18893816018392406,0.9764097969034075,0.2204036031162015,0.5867750062674035,0.39176457942865056,0.7561579771219328,5.93106032952624,6.876999446439756,0.2073972244528537,0.9845381248226828,0.2518333613752909,0.3120729434614202,0.5091942432335973,0.8483540330090552,wang,0.4,2.0,0.0,12.0
Subj11,walk_27,0.75,62.4,5908,0.0,0.5760000000000036,0.9444534749993165,True,5.344978455381552,3.485978012672177,4.458360767928362,2.9388073473239613,2.6416388119268253,0.17817212193545087,0.9737704640432846,0.15566329586586025,0.7335994121679391,0.18791945318289402,0.7850324651072252,2.5987860359417527,3.3057294026192268,0.18068533803856995,0.9702748386007904,0.22013825984147722,0.9167888653962093,0.24335794409360986,0.7193152058756291,4.789153908384567,5.852957981584433,0.18893816018392406,0.9764097969034075,0.2204036031162015,0.5867750062674035,0.39176457942865056,0.7561579771219328,5.93106032952624,6.876999446439756,0.2073972244528537,0.9845381248226828,0.2518333613752909,0.3120729434614202,0.5091942432335973,0.8483540330090552,wang,0.2,1.0,0.0,12.0
Subj11,walk_27,0.75,62.4,5908,0.0,0.5760000000000036,0.9444534749993165,True,5.344978455381552,3.485978012672177,4.458360767928362,2.9343434200779486,2.6793771054705293,0.18128742504773962,0.9756848668175482,0.16079965949652988,0.7133342079720946,0.2219969940456544,0.7980513030211623,2.6509151891065095,3.212965745046246,0.18115957000672753,0.9721524015270245,0.22364165173831796,0.9007351985190584,0.25943145258218014,0.7432208315852339,4.789153908384567,5.852957981584433,0.18893816018392406,0.9764097969034075,0.2204036031162015,0.5867750062674035,0.39176457942865056,0.7561579771219328,5.93106032952624,6.876999446439756,0.2073972244528537,0.9845381248226828,0.2518333613752909,0.3120729434614202,0.5091942432335973,0.8483540330090552,wang,0.4,0.5,0.0,12.0
Subj11,walk_27,0.75,62.4,5908,0.0,0.5760000000000036,0.9444534749993165,True,5.344978455381552,3.485978012672177,4.458360767928362,2.959344662533268,2.6932276323762685,0.17707250328157156,0.9733574576862388,0.15269376200695853,0.7408673089754146,0.1683937187370211,0.8092931072806292,2.448858427409077,3.228796828585049,0.180750062691784,0.9705628866381756,0.2157056446787283,0.9244981340130527,0.2293301391725895,0.7561016379867409,4.789153908384567,5.852957981584433,0.18893816018392406,0.9764097969034075,0.2204036031162015,0.5867750062674035,0.39176457942865056,0.7561579771219328,5.93106032952624,6.876999446439756,0.2073972244528537,0.9845381248226828,0.2518333613752909,0.3120729434614202,0.5091942432335973,0.8483540330090552,wang,0.2,2.0,0.0,12.0
Subj11,walk_27,0.75,62.4,5908,0.0,0.5760000000000036,0.9444534749993165,True,5.344978455381552,3.485978012672177,4.458360767928362,2.606805136844342,2.4444527232441846,0.18090422796039513,0.9753686452851401,0.142921078179403,0.7646867193537074,0.1832299365541148,0.8389536154790482,2.5351269226428936,3.196939998852458,0.18094820828902436,0.9721390090205992,0.21787482600692318,0.9203066189958028,0.2417930775983547,0.7538277653084137,4.789153908384567,5.852957981584433,0.18893816018392406,0.9764097969034075,0.2204036031162015,0.5867750062674035,0.39176457942865056,0.7561579771219328,5.93106032952624,6.876999446439756,0.2073972244528537,0.9845381248226828,0.2518333613752909,0.3120729434614202,0.5091942432335973,0.8483540330090552,wang,0.3,0.5,2.0,5.0
Subj11,walk_27,0.75,62.4,5908,0.0,0.5760000000000036,0.9444534749993165,True,5.344978455381552,3.485978012672177,4.458360767928362,2.6158905819957003,2.5369136951682454,0.1816910616199546,0.9761078018654644,0.14425277763853034,0.7583120140008527,0.19147558892978012,0.8447783461034006,2.4822477710922666,3.1301833145476854,0.18115681297771122,0.973042377994426,0.21758068167393543,0.91709368910958,0.24285751631953112,0.7714457835409544,4.789153908384567,5.852957981584433,0.18893816018392406,0.9764097969034075,0.2204036031162015,0.5867750062674035,0.39176457942865056,0.7561579771219328,5.93106032952624,6.876999446439756,0.2073972244528537,0.9845381248226828,0.2518333613752909,0.3120729434614202,0.5091942432335973,0.8483540330090552,wang,0.4,0.5,2.0,5.0
Subj11,walk_27,0.75,62.4,5908,0.0,0.5760000000000036,0.9444534749993165,True,5.344978455381552,3.485978012672177,4.458360767928362,2.80915867386097,2.52995639457916,0.1805588014485424,0.9750449736369913,0.15395792263437572,0.7354462840287254,0.204309564777305,0.800180282189246,2.6852579587917833,3.3103792983759486,0.18083660222324932,0.9715298408621834,0.2227515972553356,0.9081505183435109,0.2543805960780274,0.7251879282705579,4.789153908384567,5.852957981584433,0.18893816018392406,0.9764097969034075,0.2204036031162015,0.5867750062674035,0.39176457942865056,0.7561579771219328,5.93106032952624,6.876999446439756,0.2073972244528537,0.9845381248226828,0.2518333613752909,0.3120729434614202,0.5091942432335973,0.8483540330090552,wang,0.3,0.5,2.0,8.0
Subj11,walk_27,0.75,62.4,5908,0.0,0.5760000000000036,0.9444534749993165,True,5.344978455381552,3.485978012672177,4.458360767928362,2.8124593933813666,2.5992609789124543,0.18141821210548445,0.9758393099386881,0.15517892220854704,0.7291044813850058,0.21202250777448775,0.8118236627003821,2.6304800041726315,3.2292213158665706,0.18108472097286288,0.9724944544653392,0.22243630231011044,0.904634739875996,0.25577342627932276,0.7473847708200102,4.789153908384567,5.852957981584433,0.18893816018392406,0.9764097969034075,0.2204036031162015,0.5867750062674035,0.39176457942865056,0.7561579771219328,5.93106032952624,6.876999446439756,0.2073972244528537,0.9845381248226828,0.2518333613752909,0.3120729434614202,0.5091942432335973,0.8483540330090552,wang,0.4,0.5,2.0,8.0
Subj11,walk_36,1.0,62.4,5851,0.0,0.5680000000000041,0.9464567987430383,True,9.173673039490328,4.580524599255479,5.512929350453037,3.6452595082797288,3.7414141050471925,0.18713352276213682,0.97321107035025,0.19136509357657852,0.699982424973298,0.2984691956147623,0.7632337944879964,3.9414008064843054,4.862557360987794,0.19226826989896675,0.9676343026839261,0.2704387002540285,0.8336400257293533,0.32292285256190845,0.7337417909364868,5.993061111803623,7.1637865783757855,0.20154429969490675,0.9658507561870737,0.27698588899750964,0.6050327089609381,0.5276024500768206,0.7181348800584736,7.600283263313635,8.60103932754266,0.2229505753522129,0.9800215378274941,0.32219716350359273,0.28420216473602916,0.640696610240089,0.8440595488340557,wang,0.3,1.0,0.0,12.0
Subj11,walk_36,1.0,62.4,5851,0.0,0.5680000000000041,0.9464567987430383,True,9.173673039490328,4.580524599255479,5.512929350453037,3.5829786866087474,3.620915491254528,0.18506940017699067,0.9734706954601984,0.180257423491333,0.7108131448102183,0.26446002965171617,0.7986430888111108,3.7542916903125323,4.736537492379334,0.19185493441138493,0.9691622120665697,0.26203453557150874,0.8399638130535916,0.29854943467598805,0.779548397963683,5.993061111803623,7.1637865783757855,0.20154429969490675,0.9658507561870737,0.27698588899750964,0.6050327089609381,0.5276024500768206,0.7181348800584736,7.600283263313635,8.60103932754266,0.2229505753522129,0.9800215378274941,0.32219716350359273,0.28420216473602916,0.640696610240089,0.8440595488340557,wang,0.3,2.0,0.0,12.0
Subj11,walk_36,1.0,62.4,5851,0.0,0.5680000000000041,0.9464567987430383,True,9.173673039490328,4.580524599255479,5.512929350453037,3.55028675808632,3.6331853449178073,0.18861591775757255,0.9737996029091519,0.19099903884977043,0.7001505354588771,0.3028270221843651,0.7819182694251625,3.7423329107677796,4.6076275789579135,0.1928413151881734,0.9685638590172688,0.26785041778153584,0.8347531138874074,0.32141725356164463,0.7576951787233098,5.993061111803623,7.1637865783757855,0.20154429969490675,0.9658507561870737,0.27698588899750964,0.6050327089609381,0.5276024500768206,0.7181348800584736,7.600283263313635,8.60103932754266,0.2229505753522129,0.9800215378274941,0.32219716350359273,0.28420216473602916,0.640696610240089,0.8440595488340557,wang,0.4,1.0,0.0,12.0
Subj11,walk_36,1.0,62.4,5851,0.0,0.5680000000000041,0.9464567987430383,True,9.173673039490328,4.580524599255479,5.512929350453037,3.7968136900501834,3.9528360910027462,0.18923612609402365,0.9725410136915502,0.20312661071198482,0.6876945136314292,0.3323349639092415,0.7313273565629732,4.21402954727357,5.088777716060832,0.19265515759709342,0.9660600286094878,0.27942927437201764,0.8252520050922809,0.3481917491149271,0.690132213906537,5.993061111803623,7.1637865783757855,0.20154429969490675,0.9658507561870737,0.27698588899750964,0.6050327089609381,0.5276024500768206,0.7181348800584736,7.600283263313635,8.60103932754266,0.2229505753522129,0.9800215378274941,0.32219716350359273,0.28420216473602916,0.640696610240089,0.8440595488340557,wang,0.3,0.5,0.0,12.0
Subj11,walk_36,1.0,62.4,5851,0.0,0.5680000000000041,0.9464567987430383,True,9.173673039490328,4.580524599255479,5.512929350453037,3.917274249417135,4.1156112439630945,0.18787548782296054,0.9719129599742233,0.20389674918537243,0.6855496652299468,0.3300513299960705,0.7042861915785291,4.4621145919623295,5.41338893180259,0.19216879148168348,0.965080176446885,0.2834452445503683,0.820571737402128,0.3523539335148181,0.6545510752309256,5.993061111803623,7.1637865783757855,0.20154429969490675,0.9658507561870737,0.27698588899750964,0.6050327089609381,0.5276024500768206,0.7181348800584736,7.600283263313635,8.60103932754266,0.2229505753522129,0.9800215378274941,0.32219716350359273,0.28420216473602916,0.640696610240089,0.8440595488340557,wang,0.2,0.5,0.0,12.0
Subj11,walk_36,1.0,62.4,5851,0.0,0.5680000000000041,0.9464567987430383,True,9.173673039490328,4.580524599255479,5.512929350453037,3.443713503963666,3.46288634394706,0.1867364990126579,0.9742596774825353,0.17825406535899102,0.7136379334526773,0.2668884144079004,0.816020857159681,3.5308932528718118,4.448736922296515,0.1924421781097626,0.9703409070841134,0.2589808183031697,0.8409089618910093,0.29569744279572124,0.8008108043829971,5.993061111803623,7.1637865783757855,0.20154429969490675,0.9658507561870737,0.27698588899750964,0.6050327089609381,0.5276024500768206,0.7181348800584736,7.600283263313635,8.60103932754266,0.2229505753522129,0.9800215378274941,0.32219716350359273,0.28420216473602916,0.640696610240089,0.8440595488340557,wang,0.4,2.0,0.0,12.0
Subj11,walk_36,1.0,62.4,5851,0.0,0.5680000000000041,0.9464567987430383,True,9.173673039490328,4.580524599255479,5.512929350453037,3.8243223491470553,3.9712706925491577,0.18555497823985195,0.9723866260930389,0.1941196890492631,0.6951347463643425,0.29897362551804785,0.7342897765914858,4.233875388585095,5.237459081227425,0.19175582176245645,0.9663812543154858,0.27518232299907214,0.8287918545387807,0.3293212809751359,0.6975831564725614,5.993061111803623,7.1637865783757855,0.20154429969490675,0.9658507561870737,0.27698588899750964,0.6050327089609381,0.5276024500768206,0.7181348800584736,7.600283263313635,8.60103932754266,0.2229505753522129,0.9800215378274941,0.32219716350359273,0.28420216473602916,0.640696610240089,0.8440595488340557,wang,0.2,1.0,0.0,12.0
Subj11,walk_36,1.0,62.4,5851,0.0,0.5680000000000041,0.9464567987430383,True,9.173673039490328,4.580524599255479,5.512929350453037,3.7444447624377277,3.894495974633545,0.19052114906760534,0.9729435933926996,0.20411448916071065,0.6863399809520815,0.33801517235818995,0.7496337521097509,4.046885989527778,4.87363405591154,0.1931911951911116,0.9667590218987837,0.27726580794683525,0.8267603281839829,0.3479185090929927,0.7146463654273244,5.993061111803623,7.1637865783757855,0.20154429969490675,0.9658507561870737,0.27698588899750964,0.6050327089609381,0.5276024500768206,0.7181348800584736,7.600283263313635,8.60103932754266,0.2229505753522129,0.9800215378274941,0.32219716350359273,0.28420216473602916,0.640696610240089,0.8440595488340557,wang,0.4,0.5,0.0,12.0
Subj11,walk_36,1.0,62.4,5851,0.0,0.5680000000000041,0.9464567987430383,True,9.173673039490328,4.580524599255479,5.512929350453037,3.8225479083942777,3.9157514125993385,0.18328823090996058,0.9724395871032565,0.1853918602439647,0.7018943799007843,0.2689246961979892,0.7694632043585913,4.083996856039343,5.153318834031189,0.191340694827095,0.9676379139800878,0.2675996974164529,0.834573318189647,0.30748792207691455,0.7456853987032293,5.993061111803623,7.1637865783757855,0.20154429969490675,0.9658507561870737,0.27698588899750964,0.6050327089609381,0.5276024500768206,0.7181348800584736,7.600283263313635,8.60103932754266,0.2229505753522129,0.9800215378274941,0.32219716350359273,0.28420216473602916,0.640696610240089,0.8440595488340557,wang,0.2,2.0,0.0,12.0
Subj11,walk_36,1.0,62.4,5851,0.0,0.5680000000000041,0.9464567987430383,True,9.173673039490328,4.580524599255479,5.512929350453037,3.410439799978003,3.5423912019450476,0.1896913181533639,0.9730219838326369,0.18213892625488673,0.7350662981174219,0.29665813202514424,0.7845376549052879,4.017191013634007,4.89553999224349,0.1933153393874953,0.9671213626635456,0.2716861932811174,0.8497751946308951,0.330499479875966,0.7257015598745398,5.993061111803623,7.1637865783757855,0.20154429969490675,0.9658507561870737,0.27698588899750964,0.6050327089609381,0.5276024500768206,0.7181348800584736,7.600283263313635,8.60103932754266,0.2229505753522129,0.9800215378274941,0.32219716350359273,0.28420216473602916,0.640696610240089,0.8440595488340557,wang,0.3,0.5,2.0,5.0
Subj11,walk_36,1.0,62.4,5851,0.0,0.5680000000000041,0.9464567987430383,True,9.173673039490328,4.580524599255479,5.512929350453037,3.379019633835225,3.5391578739934335,0.19080607526604906,0.9734661661734626,0.18409228308669046,0.7310413656653548,0.30414208354249406,0.7936941454603529,3.874394752483534,4.728180412591018,0.19377725189091058,0.967803361096601,0.2702248597403811,0.8501107224541478,0.3311496872899519,0.7434185356881743,5.993061111803623,7.1637865783757855,0.20154429969490675,0.9658507561870737,0.27698588899750964,0.6050327089609381,0.5276024500768206,0.7181348800584736,7.600283263313635,8.60103932754266,0.2229505753522129,0.9800215378274941,0.32219716350359273,0.28420216473602916,0.640696610240089,0.8440595488340557,wang,0.4,0.5,2.0,5.0
Subj11,walk_36,1.0,62.4,5851,0.0,0.5680000000000041,0.9464567987430383,True,9.173673039490328,4.580524599255479,5.512929350453037,3.674125864259887,3.819561821336509,0.18918184382434233,0.9726831690138755,0.19718108460994146,0.7014920738619088,0.32184338069084756,0.7443023320038873,4.187974405584641,5.069237505532414,0.19274811629297717,0.9663634204715877,0.2783511945813533,0.8308956398241687,0.34525977527916535,0.6950689337026701,5.993061111803623,7.1637865783757855,0.20154429969490675,0.9658507561870737,0.27698588899750964,0.6050327089609381,0.5276024500768206,0.7181348800584736,7.600283263313635,8.60103932754266,0.2229505753522129,0.9800215378274941,0.32219716350359273,0.28420216473602916,0.640696610240089,0.8440595488340557,wang,0.3,0.5,2.0,8.0
Subj11,walk_36,1.0,62.4,5851,0.0,0.5680000000000041,0.9464567987430383,True,9.173673039490328,4.580524599255479,5.512929350453037,3.628576800098662,3.778222152399996,0.19040651874150236,0.9730961885677725,0.19849155645923391,0.6992714707922639,0.3281810390506015,0.75977185040615,4.025449799089796,4.8638343769975325,0.19324153351894408,0.9670509486008525,0.27626673003014157,0.8322112719122056,0.34511507086881477,0.7179644722446283,5.993061111803623,7.1637865783757855,0.20154429969490675,0.9658507561870737,0.27698588899750964,0.6050327089609381,0.5276024500768206,0.7181348800584736,7.600283263313635,8.60103932754266,0.2229505753522129,0.9800215378274941,0.32219716350359273,0.28420216473602916,0.640696610240089,0.8440595488340557,wang,0.4,0.5,2.0,8.0
Subj11,walk_45,1.25,62.4,5915,0.0,0.5800000000000036,0.9482168527575716,True,8.301132468632181,5.985100629799448,5.38656142306312,4.2394716749095025,3.680234639963717,0.20288962774571329,0.9773401152388037,0.21733621413498375,0.7227604988579731,0.32347958430706286,0.8166710862673215,3.1533564865534576,3.952806805344388,0.20779733496393002,0.9751351841760384,0.24548015642713275,0.8876654458328674,0.3105414210206342,0.8074614467890231,7.105012954953612,9.128263857591932,0.22757952474446835,0.9674539621709745,0.35403966021824507,0.6185594284113873,0.6193587763113401,0.7838868155905524,9.336774752999945,11.02127936621217,0.2624815443212189,0.9806038263580547,0.41967146516051684,0.29958817625066975,0.7592180641709257,0.9016631104242111,wang,0.3,1.0,0.0,12.0
Subj11,walk_45,1.25,62.4,5915,0.0,0.5800000000000036,0.9482168527575716,True,8.301132468632181,5.985100629799448,5.38656142306312,4.171836710842793,3.465974936137119,0.20073276791417902,0.9776235811321741,0.19841305471141882,0.7415617804282375,0.2753695652501939,0.8520384084587156,2.9927924759583955,4.035723525141859,0.20855523113191785,0.9759424510446607,0.2353086417823555,0.8928412868490085,0.2820220417497756,0.8478646520106552,7.105012954953612,9.128263857591932,0.22757952474446835,0.9674539621709745,0.35403966021824507,0.6185594284113873,0.6193587763113401,0.7838868155905524,9.336774752999945,11.02127936621217,0.2624815443212189,0.9806038263580547,0.41967146516051684,0.29958817625066975,0.7592180641709257,0.9016631104242111,wang,0.3,2.0,0.0,12.0
Subj11,walk_45,1.25,62.4,5915,0.0,0.5800000000000036,0.9482168527575716,True,8.301132468632181,5.985100629799448,5.38656142306312,4.169492588020987,3.619317284383659,0.20546994801517296,0.9778838219883216,0.22250853671689053,0.7153781326232541,0.3322870799402605,0.8339608485268225,2.92795955091548,3.6398690565095064,0.20902093290353496,0.9761649320390143,0.24654800996757417,0.8843310062964904,0.3089213225736062,0.8278414220412846,7.105012954953612,9.128263857591932,0.22757952474446835,0.9674539621709745,0.35403966021824507,0.6185594284113873,0.6193587763113401,0.7838868155905524,9.336774752999945,11.02127936621217,0.2624815443212189,0.9806038263580547,0.41967146516051684,0.29958817625066975,0.7592180641709257,0.9016631104242111,wang,0.4,1.0,0.0,12.0
Subj11,walk_45,1.25,62.4,5915,0.0,0.5800000000000036,0.9482168527575716,True,8.301132468632181,5.985100629799448,5.38656142306312,4.420770829238504,4.049713182826957,0.2051548611514413,0.9765902254860308,0.2354834212283311,0.7055947436902333,0.36897418295861134,0.7843156332759234,3.4666783351930097,4.035748893442315,0.2071660166774278,0.9742140814419864,0.2567283122817178,0.8807518052812836,0.34100141219908087,0.763023807563125,7.105012954953612,9.128263857591932,0.22757952474446835,0.9674539621709745,0.35403966021824507,0.6185594284113873,0.6193587763113401,0.7838868155905524,9.336774752999945,11.02127936621217,0.2624815443212189,0.9806038263580547,0.41967146516051684,0.29958817625066975,0.7592180641709257,0.9016631104242111,wang,0.3,0.5,0.0,12.0
Subj11,walk_45,1.25,62.4,5915,0.0,0.5800000000000036,0.9482168527575716,True,8.301132468632181,5.985100629799448,5.38656142306312,4.5172705773708,4.195571658995617,0.2027147922905621,0.9759928629002972,0.23078720860481158,0.710069536691715,0.3628771286568695,0.7596377594097479,3.772730071856165,4.501785623013999,0.20602304223276474,0.9731016802585263,0.25715769465931054,0.8797122174219444,0.3459713996676526,0.7321451001476755,7.105012954953612,9.128263857591932,0.22757952474446835,0.9674539621709745,0.35403966021824507,0.6185594284113873,0.6193587763113401,0.7838868155905524,9.336774752999945,11.02127936621217,0.2624815443212189,0.9806038263580547,0.41967146516051684,0.29958817625066975,0.7592180641709257,0.9016631104242111,wang,0.2,0.5,0.0,12.0
Subj11,walk_45,1.25,62.4,5915,0.0,0.5800000000000036,0.9482168527575716,True,8.301132468632181,5.985100629799448,5.38656142306312,4.050902459185738,3.3145829106121587,0.2036116119816601,0.9784078625394632,0.2028120945780903,0.7336507962501638,0.2830145558269723,0.8677843505328916,2.76223569328019,3.6991591837900466,0.2098503204910793,0.9772450776939581,0.23621224293154305,0.8879653756361352,0.27911153160512425,0.8661197500061708,7.105012954953612,9.128263857591932,0.22757952474446835,0.9674539621709745,0.35403966021824507,0.6185594284113873,0.6193587763113401,0.7838868155905524,9.336774752999945,11.02127936621217,0.2624815443212189,0.9806038263580547,0.41967146516051684,0.29958817625066975,0.7592180641709257,0.9016631104242111,wang,0.4,2.0,0.0,12.0
Subj11,walk_45,1.25,62.4,5915,0.0,0.5800000000000036,0.9482168527575716,True,8.301132468632181,5.985100629799448,5.38656142306312,4.406292339436949,3.942082679758179,0.20009126895818574,0.9765189181642276,0.2139433477645466,0.7269873487607904,0.3199816291262947,0.7906633481532687,3.5145826545972683,4.475356232107836,0.20657433460893074,0.9737394689789559,0.2467103250257518,0.8871545546645836,0.3185989736643643,0.776522077387362,7.105012954953612,9.128263857591932,0.22757952474446835,0.9674539621709745,0.35403966021824507,0.6185594284113873,0.6193587763113401,0.7838868155905524,9.336774752999945,11.02127936621217,0.2624815443212189,0.9806038263580547,0.41967146516051684,0.29958817625066975,0.7592180641709257,0.9016631104242111,wang,0.2,1.0,0.0,12.0
Subj11,walk_45,1.25,62.4,5915,0.0,0.5800000000000036,0.9482168527575716,True,8.301132468632181,5.985100629799448,5.38656142306312,4.399736756326737,4.06865239207123,0.2074163070729557,0.976920827010517,0.24126338697989486,0.6990810958921887,0.37852853301800216,0.8014005566383036,3.2762633190942423,3.769394073171238,0.2083082116672156,0.9749904475028244,0.25813682100369445,0.8786193647304732,0.34102589465788813,0.784036918335184,7.105012954953612,9.128263857591932,0.22757952474446835,0.9674539621709745,0.35403966021824507,0.6185594284113873,0.6193587763113401,0.7838868155905524,9.336774752999945,11.02127936621217,0.2624815443212189,0.9806038263580547,0.41967146516051684,0.29958817625066975,0.7592180641709257,0.9016631104242111,wang,0.4,0.5,0.0,12.0
Subj11,walk_45,1.25,62.4,5915,0.0,0.5800000000000036,0.9482168527575716,True,8.301132468632181,5.985100629799448,5.38656142306312,4.410881219442846,3.8452686476840223,0.19760486543221345,0.9765499997221684,0.19672277033310345,0.7446573103214635,0.27584537181565744,0.8267100210600142,3.379819863405549,4.585837074413313,0.2072635420803881,0.9742440886338233,0.23718263686508004,0.893006823589511,0.29301138858691866,0.8188621230651913,7.105012954953612,9.128263857591932,0.22757952474446835,0.9674539621709745,0.35403966021824507,0.6185594284113873,0.6193587763113401,0.7838868155905524,9.336774752999945,11.02127936621217,0.2624815443212189,0.9806038263580547,0.41967146516051684,0.29958817625066975,0.7592180641709257,0.9016631104242111,wang,0.2,2.0,0.0,12.0
Subj11,walk_45,1.25,62.4,5915,0.0,0.5800000000000036,0.9482168527575716,True,8.301132468632181,5.985100629799448,5.38656142306312,3.9169953509109696,3.4241292988858008,0.2062290321190749,0.9781791366476971,0.2060036376113776,0.7599722093263352,0.3082480725048703,0.8560418296446053,3.34903159025905,3.9630486691508655,0.2085445759476488,0.9754604061749337,0.2499739750889473,0.8994388072474692,0.3248564028795284,0.7954750840325024,7.105012954953612,9.128263857591932,0.22757952474446835,0.9674539621709745,0.35403966021824507,0.6185594284113873,0.6193587763113401,0.7838868155905524,9.336774752999945,11.02127936621217,0.2624815443212189,0.9806038263580547,0.41967146516051684,0.29958817625066975,0.7592180641709257,0.9016631104242111,wang,0.3,0.5,2.0,5.0
Subj11,walk_45,1.25,62.4,5915,0.0,0.5800000000000036,0.9482168527575716,True,8.301132468632181,5.985100629799448,5.38656142306312,3.9411832988393853,3.61056508073098,0.20819680302403087,0.97852193313011,0.21304990456646947,0.7488275939686055,0.3208885311559655,0.8622920424448964,3.2444999641778676,3.888750892942466,0.20954479380560798,0.9761565535893634,0.2522380443384972,0.8949822256329883,0.3267114982649945,0.8089305240308975,7.105012954953612,9.128263857591932,0.22757952474446835,0.9674539621709745,0.35403966021824507,0.6185594284113873,0.6193587763113401,0.7838868155905524,9.336774752999945,11.02127936621217,0.2624815443212189,0.9806038263580547,0.41967146516051684,0.29958817625066975,0.7592180641709257,0.9016631104242111,wang,0.4,0.5,2.0,5.0
Subj11,walk_45,1.25,62.4,5915,0.0,0.5800000000000036,0.9482168527575716,True,8.301132468632181,5.985100629799448,5.38656142306312,4.245984831092915,3.7700524632553636,0.2048074572934498,0.9772782975500459,0.22640096230230822,0.7206523860836856,0.34940639273191826,0.8036713560754739,3.4650590229827163,4.040263135994274,0.20732246257273473,0.974638335703905,0.2558272327178335,0.8860069242393496,0.3384983512124744,0.7673616569113022,7.105012954953612,9.128263857591932,0.22757952474446835,0.9674539621709745,0.35403966021824507,0.6185594284113873,0.6193587763113401,0.7838868155905524,9.336774752999945,11.02127936621217,0.2624815443212189,0.9806038263580547,0.41967146516051684,0.29958817625066975,0.7592180641709257,0.9016631104242111,wang,0.3,0.5,2.0,8.0
Subj11,walk_45,1.25,62.4,5915,0.0,0.5800000000000036,0.9482168527575716,True,8.301132468632181,5.985100629799448,5.38656142306312,4.236823192400938,3.8389915937410204,0.20696086914103448,0.9776253885377647,0.23259059571050406,0.7125943822068789,0.35981694656251767,0.8173509559824287,3.29187819504508,3.817144289755743,0.20840051653756625,0.9754057971998864,0.25735300842884495,0.8834131781187324,0.3387996691069223,0.786552584778167,7.105012954953612,9.128263857591932,0.22757952474446835,0.9674539621709745,0.35403966021824507,0.6185594284113873,0.6193587763113401,0.7838868155905524,9.336774752999945,11.02127936621217,0.2624815443212189,0.9806038263580547,0.41967146516051684,0.29958817625066975,0.7592180641709257,0.9016631104242111,wang,0.4,0.5,2.0,8.0
Subj11,walk_54,1.5,62.4,5883,0.0,0.5680000000000041,0.9513521585861742,True,11.07980881256543,7.178022892900857,5.9653382957714705,5.104564899240978,5.741724170653538,0.2242203140135118,0.9737209963807475,0.23563491618977073,0.7660683882186647,0.37390155647440104,0.8319542110112479,4.899735863268114,7.15555118355852,0.2248152895086531,0.971946240009421,0.2589007035246006,0.886372649094936,0.35132697277905334,0.8250618684243078,8.104805865767728,10.13293371108395,0.2447132997893413,0.9560200485143514,0.3675754757716329,0.6969838267108536,0.691274349721192,0.8161279806467542,11.25067953402359,13.215241453972716,0.29958417622443284,0.960337659583697,0.46262144682260253,0.36425932279111733,0.8469642294150193,0.9386573142951513,wang,0.3,1.0,0.0,12.0
Subj11,walk_54,1.5,62.4,5883,0.0,0.5680000000000041,0.9513521585861742,True,11.07980881256543,7.178022892900857,5.9653382957714705,4.881818303649796,5.405359279026731,0.22195968927280832,0.9744604077373945,0.20989816429465583,0.7918478051995512,0.30899733048175265,0.8748012363362688,4.775145290620082,7.2272490771081115,0.2256851055948117,0.9738040217339632,0.24470236601400686,0.895996213069731,0.3082191254958492,0.8695158850754291,8.104805865767728,10.13293371108395,0.2447132997893413,0.9560200485143514,0.3675754757716329,0.6969838267108536,0.691274349721192,0.8161279806467542,11.25067953402359,13.215241453972716,0.29958417622443284,0.960337659583697,0.46262144682260253,0.36425932279111733,0.8469642294150193,0.9386573142951513,wang,0.3,2.0,0.0,12.0
Subj11,walk_54,1.5,62.4,5883,0.0,0.5680000000000041,0.9513521585861742,True,11.07980881256543,7.178022892900857,5.9653382957714705,4.988867286091125,5.519767318722629,0.2273074679466491,0.9734989864314656,0.23768813317783194,0.7658572585425085,0.37834273718923067,0.8500443647338095,4.545712529867687,6.622947265577275,0.22679481351488137,0.9720812930036326,0.2560745373853793,0.8893707400652482,0.34482158441104616,0.8463454153574705,8.104805865767728,10.13293371108395,0.2447132997893413,0.9560200485143514,0.3675754757716329,0.6969838267108536,0.691274349721192,0.8161279806467542,11.25067953402359,13.215241453972716,0.29958417622443284,0.960337659583697,0.46262144682260253,0.36425932279111733,0.8469642294150193,0.9386573142951513,wang,0.4,1.0,0.0,12.0
Subj11,walk_54,1.5,62.4,5883,0.0,0.5680000000000041,0.9513521585861742,True,11.07980881256543,7.178022892900857,5.9653382957714705,5.44192883551177,6.196271439685728,0.2263989656461608,0.9725900021003594,0.2603231805580192,0.7428739743087666,0.4336970543170145,0.7921802098674677,5.140770772308927,7.155601966915084,0.2239757895448211,0.9701348559082511,0.27365128423502594,0.8768813224802973,0.3929919391478206,0.7807721370476103,8.104805865767728,10.13293371108395,0.2447132997893413,0.9560200485143514,0.3675754757716329,0.6969838267108536,0.691274349721192,0.8161279806467542,11.25067953402359,13.215241453972716,0.29958417622443284,0.960337659583697,0.46262144682260253,0.36425932279111733,0.8469642294150193,0.9386573142951513,wang,0.3,0.5,0.0,12.0
Subj11,walk_54,1.5,62.4,5883,0.0,0.5680000000000041,0.9513521585861742,True,11.07980881256543,7.178022892900857,5.9653382957714705,5.607619254641204,6.531019011423808,0.22359174725707776,0.9728470888044753,0.25980863087463496,0.7387192241466523,0.432934750686919,0.7658113076578842,5.606840624945543,7.872496768735058,0.22220957070768832,0.969957231550383,0.2794601529060721,0.8683318871324415,0.40424174344765884,0.7482595768352968,8.104805865767728,10.13293371108395,0.2447132997893413,0.9560200485143514,0.3675754757716329,0.6969838267108536,0.691274349721192,0.8161279806467542,11.25067953402359,13.215241453972716,0.29958417622443284,0.960337659583697,0.46262144682260253,0.36425932279111733,0.8469642294150193,0.9386573142951513,wang,0.2,0.5,0.0,12.0
Subj11,walk_54,1.5,62.4,5883,0.0,0.5680000000000041,0.9513521585861742,True,11.07980881256543,7.178022892900857,5.9653382957714705,4.727228425688707,5.1200265846462765,0.22549164316216544,0.9745389189067629,0.2108626625645233,0.7921688577053971,0.3110431477946953,0.8906652257260291,4.433600356968958,6.689993385718329,0.22788343327360247,0.9742445427176851,0.24160522357144495,0.8982371399272242,0.2991724932285877,0.8881050787907118,8.104805865767728,10.13293371108395,0.2447132997893413,0.9560200485143514,0.3675754757716329,0.6969838267108536,0.691274349721192,0.8161279806467542,11.25067953402359,13.215241453972716,0.29958417622443284,0.960337659583697,0.46262144682260253,0.36425932279111733,0.8469642294150193,0.9386573142951513,wang,0.4,2.0,0.0,12.0
Subj11,walk_54,1.5,62.4,5883,0.0,0.5680000000000041,0.9513521585861742,True,11.07980881256543,7.178022892900857,5.9653382957714705,5.338124335115376,6.170396853098789,0.22089103652732314,0.9736952208026081,0.23703012948768643,0.760393968553096,0.37747416746678636,0.8050178243423135,5.400764302335229,7.900689756515313,0.2227967135777963,0.9714674372457348,0.26591733740406504,0.8773134940549357,0.36729799054879675,0.7930004231208695,8.104805865767728,10.13293371108395,0.2447132997893413,0.9560200485143514,0.3675754757716329,0.6969838267108536,0.691274349721192,0.8161279806467542,11.25067953402359,13.215241453972716,0.29958417622443284,0.960337659583697,0.46262144682260253,0.36425932279111733,0.8469642294150193,0.9386573142951513,wang,0.2,1.0,0.0,12.0
Subj11,walk_54,1.5,62.4,5883,0.0,0.5680000000000041,0.9513521585861742,True,11.07980881256543,7.178022892900857,5.9653382957714705,5.370519690837324,6.042623054022596,0.22902993645834124,0.972105078216995,0.2633894146833185,0.7426433621967348,0.44011029376659916,0.8105390312466096,4.806757634378156,6.644167435645249,0.2257307167724847,0.9700061067401249,0.2714405553705874,0.880318064373141,0.3893413629005706,0.803012056981538,8.104805865767728,10.13293371108395,0.2447132997893413,0.9560200485143514,0.3675754757716329,0.6969838267108536,0.691274349721192,0.8161279806467542,11.25067953402359,13.215241453972716,0.29958417622443284,0.960337659583697,0.46262144682260253,0.36425932279111733,0.8469642294150193,0.9386573142951513,wang,0.4,0.5,0.0,12.0
Subj11,walk_54,1.5,62.4,5883,0.0,0.5680000000000041,0.9513521585861742,True,11.07980881256543,7.178022892900857,5.9653382957714705,5.179366065650114,5.919572762828488,0.21812747554360704,0.9741176172732319,0.21358310277997195,0.7834333124581337,0.3185703463118528,0.8497418728303183,5.280539522358546,7.983234583097714,0.22341790938535905,0.9729931154710526,0.25261168266853373,0.8864438400826279,0.3289493525178375,0.8403635791815112,8.104805865767728,10.13293371108395,0.2447132997893413,0.9560200485143514,0.3675754757716329,0.6969838267108536,0.691274349721192,0.8161279806467542,11.25067953402359,13.215241453972716,0.29958417622443284,0.960337659583697,0.46262144682260253,0.36425932279111733,0.8469642294150193,0.9386573142951513,wang,0.2,2.0,0.0,12.0
Subj11,walk_54,1.5,62.4,5883,0.0,0.5680000000000041,0.9513521585861742,True,11.07980881256543,7.178022892900857,5.9653382957714705,4.467202725200172,4.944688209844454,0.22859738588447015,0.9742656600596159,0.21179661643696376,0.8235456374914107,0.3233387319891827,0.8977094510871745,4.733668218110233,6.537195902646189,0.22769814769838712,0.9700719140273956,0.2550390924604521,0.9155591104559274,0.35383074357482347,0.8336682766902648,8.104805865767728,10.13293371108395,0.2447132997893413,0.9560200485143514,0.3675754757716329,0.6969838267108536,0.691274349721192,0.8161279806467542,11.25067953402359,13.215241453972716,0.29958417622443284,0.960337659583697,0.46262144682260253,0.36425932279111733,0.8469642294150193,0.9386573142951513,wang,0.3,0.5,2.0,5.0
Subj11,walk_54,1.5,62.4,5883,0.0,0.5680000000000041,0.9513521585861742,True,11.07980881256543,7.178022892900857,5.9653382957714705,4.445876936738065,4.945241606580323,0.23081546554668572,0.9739947015204512,0.217558358056386,0.817085473204084,0.3361094230962986,0.9030629160754364,4.488480451487446,6.198232901128415,0.22915320842043949,0.970028558707702,0.25502238351808265,0.9150101201345942,0.35415224112697724,0.847170343433512,8.104805865767728,10.13293371108395,0.2447132997893413,0.9560200485143514,0.3675754757716329,0.6969838267108536,0.691274349721192,0.8161279806467542,11.25067953402359,13.215241453972716,0.29958417622443284,0.960337659583697,0.46262144682260253,0.36425932279111733,0.8469642294150193,0.9386573142951513,wang,0.4,0.5,2.0,5.0
Subj11,walk_54,1.5,62.4,5883,0.0,0.5680000000000041,0.9513521585861742,True,11.07980881256543,7.178022892900857,5.9653382957714705,5.054256458470502,5.668900929493125,0.22549154341749675,0.9738853383882433,0.24374972365789105,0.7679608852062008,0.39570332421462456,0.8253050979849057,5.015136556047358,6.929798875016978,0.2245437485611746,0.9702798668869567,0.269154388226061,0.8881937190902356,0.3840855411918916,0.7924786073715822,8.104805865767728,10.13293371108395,0.2447132997893413,0.9560200485143514,0.3675754757716329,0.6969838267108536,0.691274349721192,0.8161279806467542,11.25067953402359,13.215241453972716,0.29958417622443284,0.960337659583697,0.46262144682260253,0.36425932279111733,0.8469642294150193,0.9386573142951513,wang,0.3,0.5,2.0,8.0
Subj11,walk_54,1.5,62.4,5883,0.0,0.5680000000000041,0.9513521585861742,True,11.07980881256543,7.178022892900857,5.9653382957714705,4.986093258497605,5.539627390163545,0.22795769498736432,0.9734829259326785,0.24738361953105747,0.76610276700272,0.4035075658609927,0.8393976787029283,4.69407694529413,6.44903319545435,0.22617376063201433,0.9701797956068179,0.2673218412913229,0.8907991433816963,0.38120540343210013,0.8124804539310829,8.104805865767728,10.13293371108395,0.2447132997893413,0.9560200485143514,0.3675754757716329,0.6969838267108536,0.691274349721192,0.8161279806467542,11.25067953402359,13.215241453972716,0.29958417622443284,0.960337659583697,0.46262144682260253,0.36425932279111733,0.8469642294150193,0.9386573142951513,wang,0.4,0.5,2.0,8.0
Subj12,walk_09,0.25,69.0,6275,0.0,0.556000000000004,0.9158904276323105,True,10.271047829886221,1.194460851047133,2.6685789369829713,0.9182810735602353,1.0763745761643313,0.2069450649942101,0.9033294023230557,0.08950766015095443,0.5749157531814798,0.24708394949866863,0.7248584814603133,1.5498844942839025,1.5833048854061516,0.129262386769847,0.9618740108395443,0.14704251183908174,0.16492691653377622,0.22988470518842202,0.7161669032014601,1.9343326057487245,2.365319099850291,0.20716357418286419,0.9234939698210524,0.11156993809564628,0.6433195505382182,0.2729709444014842,0.6110730355722873,2.8617481855311575,3.062607311666073,0.2158473372075666,0.9241960040695567,0.10941085646827259,0.6737972072961192,0.33918168895972284,0.5152119567231374,wang,0.3,1.0,0.0,12.0
Subj12,walk_09,0.25,69.0,6275,0.0,0.556000000000004,0.9158904276323105,True,10.271047829886221,1.194460851047133,2.6685789369829713,0.9193872867201944,1.0927485343001695,0.2071957457353665,0.9032108027557695,0.08525457813264549,0.5917337789781169,0.24582802214335206,0.7856116527539322,1.6178065590799549,1.5400165707277667,0.13109892358575884,0.9615465468258794,0.15243945583699922,0.11862800726644342,0.23854394335909282,0.7869587946437454,1.9343326057487245,2.365319099850291,0.20716357418286419,0.9234939698210524,0.11156993809564628,0.6433195505382182,0.2729709444014842,0.6110730355722873,2.8617481855311575,3.062607311666073,0.2158473372075666,0.9241960040695567,0.10941085646827259,0.6737972072961192,0.33918168895972284,0.5152119567231374,wang,0.3,2.0,0.0,12.0
Subj12,walk_09,0.25,69.0,6275,0.0,0.556000000000004,0.9158904276323105,True,10.271047829886221,1.194460851047133,2.6685789369829713,0.8703705633509866,1.0193353963261653,0.20713795195046583,0.9052387338826465,0.08617762589652027,0.6058189531214812,0.24552248688023467,0.7695489269646679,1.493861963004393,1.52075186488332,0.12860142445139247,0.9632366178401439,0.14358709921741072,0.2136144085191947,0.22291988404937982,0.7530487071944418,1.9343326057487245,2.365319099850291,0.20716357418286419,0.9234939698210524,0.11156993809564628,0.6433195505382182,0.2729709444014842,0.6110730355722873,2.8617481855311575,3.062607311666073,0.2158473372075666,0.9241960040695567,0.10941085646827259,0.6737972072961192,0.33918168895972284,0.5152119567231374,wang,0.4,1.0,0.0,12.0
Subj12,walk_09,0.25,69.0,6275,0.0,0.556000000000004,0.9158904276323105,True,10.271047829886221,1.194460851047133,2.6685789369829713,0.9535067296646422,1.0946216671098543,0.2066913772317682,0.9033793237354351,0.09377570566488477,0.5587702983328069,0.24874954555557202,0.6611431497567869,1.60070443684776,1.6747050938389085,0.12751795950968506,0.9621639718441043,0.14374641711609681,0.19808680245266147,0.2257004678955937,0.6583086048095369,1.9343326057487245,2.365319099850291,0.20716357418286419,0.9234939698210524,0.11156993809564628,0.6433195505382182,0.2729709444014842,0.6110730355722873,2.8617481855311575,3.062607311666073,0.2158473372075666,0.9241960040695567,0.10941085646827259,0.6737972072961192,0.33918168895972284,0.5152119567231374,wang,0.3,0.5,0.0,12.0
Subj12,walk_09,0.25,69.0,6275,0.0,0.556000000000004,0.9158904276323105,True,10.271047829886221,1.194460851047133,2.6685789369829713,1.0389392323634146,1.2021182374781665,0.2065741219963472,0.9010936274934058,0.09776608456349943,0.524695708899201,0.25192022853684837,0.585792311485327,1.6725428425359954,1.7685932778864486,0.12818301520137282,0.9606232849124988,0.1474394454569194,0.1517369879733936,0.23327603765639018,0.6106349530233257,1.9343326057487245,2.365319099850291,0.20716357418286419,0.9234939698210524,0.11156993809564628,0.6433195505382182,0.2729709444014842,0.6110730355722873,2.8617481855311575,3.062607311666073,0.2158473372075666,0.9241960040695567,0.10941085646827259,0.6737972072961192,0.33918168895972284,0.5152119567231374,wang,0.2,0.5,0.0,12.0
Subj12,walk_09,0.25,69.0,6275,0.0,0.556000000000004,0.9158904276323105,True,10.271047829886221,1.194460851047133,2.6685789369829713,0.8816042844709959,1.044904876449578,0.20745681181437223,0.9050584128995441,0.08158612584594031,0.6257023711806536,0.24476274457168087,0.8216953054731303,1.5524888317325398,1.470378884806042,0.13032029999734931,0.9629679181588973,0.14838226727512502,0.1755319001284532,0.2305420098452191,0.8204817357575261,1.9343326057487245,2.365319099850291,0.20716357418286419,0.9234939698210524,0.11156993809564628,0.6433195505382182,0.2729709444014842,0.6110730355722873,2.8617481855311575,3.062607311666073,0.2158473372075666,0.9241960040695567,0.10941085646827259,0.6737972072961192,0.33918168895972284,0.5152119567231374,wang,0.4,2.0,0.0,12.0
Subj12,walk_09,0.25,69.0,6275,0.0,0.556000000000004,0.9158904276323105,True,10.271047829886221,1.194460851047133,2.6685789369829713,1.0047989345019246,1.1817521646015208,0.20674880247559443,0.9010978335393357,0.09399593761055282,0.5373927621712276,0.24990213841589612,0.644109216444245,1.6362181595245888,1.687378795942176,0.1300549586081826,0.9602479943200148,0.15141357615893974,0.10986553307188474,0.2386818199565195,0.6606581096231599,1.9343326057487245,2.365319099850291,0.20716357418286419,0.9234939698210524,0.11156993809564628,0.6433195505382182,0.2729709444014842,0.6110730355722873,2.8617481855311575,3.062607311666073,0.2158473372075666,0.9241960040695567,0.10941085646827259,0.6737972072961192,0.33918168895972284,0.5152119567231374,wang,0.2,1.0,0.0,12.0
Subj12,walk_09,0.25,69.0,6275,0.0,0.556000000000004,0.9158904276323105,True,10.271047829886221,1.194460851047133,2.6685789369829713,0.9039689604316228,1.0348999807459833,0.20681566116937547,0.9053311470924261,0.09084820580594247,0.5866292524651436,0.24682629927246558,0.7076203178293672,1.5563437212924178,1.6199555322142096,0.12696774737994004,0.9634537078977865,0.14088550440337647,0.23830068037272456,0.21981357508445284,0.6924537714796808,1.9343326057487245,2.365319099850291,0.20716357418286419,0.9234939698210524,0.11156993809564628,0.6433195505382182,0.2729709444014842,0.6110730355722873,2.8617481855311575,3.062607311666073,0.2158473372075666,0.9241960040695567,0.10941085646827259,0.6737972072961192,0.33918168895972284,0.5152119567231374,wang,0.4,0.5,0.0,12.0
Subj12,walk_09,0.25,69.0,6275,0.0,0.556000000000004,0.9158904276323105,True,10.271047829886221,1.194460851047133,2.6685789369829713,0.9979937231047644,1.1882220367756293,0.2069212441456927,0.9010539665370608,0.09018717015671612,0.550658749887762,0.24815809390204152,0.7053200564306976,1.7151623858929574,1.653056142427205,0.1320271417176703,0.9598513811572169,0.15750039014293138,0.05564921638459032,0.24852446488496302,0.7285172455803999,1.9343326057487245,2.365319099850291,0.20716357418286419,0.9234939698210524,0.11156993809564628,0.6433195505382182,0.2729709444014842,0.6110730355722873,2.8617481855311575,3.062607311666073,0.2158473372075666,0.9241960040695567,0.10941085646827259,0.6737972072961192,0.33918168895972284,0.5152119567231374,wang,0.2,2.0,0.0,12.0
Subj12,walk_09,0.25,69.0,6275,0.0,0.556000000000004,0.9158904276323105,True,10.271047829886221,1.194460851047133,2.6685789369829713,0.941094068330991,1.0751827216167205,0.20663157535186263,0.9035450467237351,0.09353521412595207,0.5575815476595608,0.24798073593006073,0.6830203623725366,1.4591049663579208,1.5858466759334466,0.1272333100322417,0.9628971444405979,0.14157132811402467,0.2103311816794927,0.2199488325283671,0.7063379350783017,1.9343326057487245,2.365319099850291,0.20716357418286419,0.9234939698210524,0.11156993809564628,0.6433195505382182,0.2729709444014842,0.6110730355722873,2.8617481855311575,3.062607311666073,0.2158473372075666,0.9241960040695567,0.10941085646827259,0.6737972072961192,0.33918168895972284,0.5152119567231374,wang,0.3,0.5,2.0,5.0
Subj12,walk_09,0.25,69.0,6275,0.0,0.556000000000004,0.9158904276323105,True,10.271047829886221,1.194460851047133,2.6685789369829713,0.8983528595281506,1.027085775781969,0.20674438947295476,0.9054154051790583,0.09071241085105167,0.5842581652813342,0.24612530293710566,0.7278682763024101,1.4160567167685614,1.5369332352918272,0.12669984428418288,0.9641113560672111,0.138738162080225,0.2512903734429658,0.21417674466511716,0.7377020044472737,1.9343326057487245,2.365319099850291,0.20716357418286419,0.9234939698210524,0.11156993809564628,0.6433195505382182,0.2729709444014842,0.6110730355722873,2.8617481855311575,3.062607311666073,0.2158473372075666,0.9241960040695567,0.10941085646827259,0.6737972072961192,0.33918168895972284,0.5152119567231374,wang,0.4,0.5,2.0,5.0
Subj12,walk_09,0.25,69.0,6275,0.0,0.556000000000004,0.9158904276323105,True,10.271047829886221,1.194460851047133,2.6685789369829713,0.9566778019599431,1.0990534983898628,0.2066726215791581,0.9033983403406199,0.09385458474889811,0.5573256120815867,0.24869034012221997,0.6646361808422183,1.5764438022232756,1.671468672124733,0.1274341166947318,0.962382352440712,0.14334272830885958,0.2004507973281715,0.22454569662595192,0.6687670805675866,1.9343326057487245,2.365319099850291,0.20716357418286419,0.9234939698210524,0.11156993809564628,0.6433195505382182,0.2729709444014842,0.6110730355722873,2.8617481855311575,3.062607311666073,0.2158473372075666,0.9241960040695567,0.10941085646827259,0.6737972072961192,0.33918168895972284,0.5152119567231374,wang,0.3,0.5,2.0,8.0
Subj12,walk_09,0.25,69.0,6275,0.0,0.556000000000004,0.9158904276323105,True,10.271047829886221,1.194460851047133,2.6685789369829713,0.9097526718263135,1.0436009498505099,0.20679120732129785,0.9053313626736671,0.09095835532867366,0.5848189406021977,0.24677361862931685,0.7109391204693013,1.533123706200512,1.6193951421434118,0.12688791374347827,0.9636496915316938,0.1404969529570112,0.24066193415659148,0.21871333734580473,0.7020929290888509,1.9343326057487245,2.365319099850291,0.20716357418286419,0.9234939698210524,0.11156993809564628,0.6433195505382182,0.2729709444014842,0.6110730355722873,2.8617481855311575,3.062607311666073,0.2158473372075666,0.9241960040695567,0.10941085646827259,0.6737972072961192,0.33918168895972284,0.5152119567231374,wang,0.4,0.5,2.0,8.0
Subj12,walk_18,0.5,69.0,6073,0.0,0.560000000000004,0.9626395920149616,True,10.853907397037805,2.021662579277914,2.884816468879007,1.623522693927815,1.9121087418480782,0.20074103189556874,0.9368437967166697,0.11052708731329525,0.4518645631523191,0.28723970512821073,0.6191700649913573,1.7927787038693621,2.2190387304267674,0.13670030202986325,0.9698902403782699,0.16160375272003577,0.21323437689282385,0.2549119522767666,0.7365070244620381,3.4943081871090484,4.59154993054861,0.2011171779744991,0.9444114757714217,0.16735029366738197,0.5797292431736316,0.347174601927392,0.5125531421896679,4.79212049794323,5.356035140206936,0.2177856152312038,0.9547735385774481,0.16555312781749734,0.5236870787381153,0.45598733959385523,0.5018629424965888,wang,0.3,1.0,0.0,12.0
Subj12,walk_18,0.5,69.0,6073,0.0,0.560000000000004,0.9626395920149616,True,10.853907397037805,2.021662579277914,2.884816468879007,1.5915289059717401,1.9085710774873894,0.20166625317710832,0.9369593893325303,0.10161304559300038,0.47146742002945274,0.28593684818129667,0.701103270666186,1.9873075532324453,2.2636511581541985,0.13895286114149424,0.9699804591208393,0.1672569149919579,0.16340933185142445,0.2647737926231908,0.7963315532501156,3.4943081871090484,4.59154993054861,0.2011171779744991,0.9444114757714217,0.16735029366738197,0.5797292431736316,0.347174601927392,0.5125531421896679,4.79212049794323,5.356035140206936,0.2177856152312038,0.9547735385774481,0.16555312781749734,0.5236870787381153,0.45598733959385523,0.5018629424965888,wang,0.3,2.0,0.0,12.0
Subj12,walk_18,0.5,69.0,6073,0.0,0.560000000000004,0.9626395920149616,True,10.853907397037805,2.021662579277914,2.884816468879007,1.6303938265503983,1.9460155546565174,0.20098610984574947,0.9382683780189379,0.1073094460504061,0.4893498236229129,0.28549259089487194,0.6442495329270908,1.7651122592811845,2.205736088984102,0.1360037361942814,0.970991800274146,0.15775992359757154,0.26650517499941545,0.24669107822691297,0.7641748078851825,3.4943081871090484,4.59154993054861,0.2011171779744991,0.9444114757714217,0.16735029366738197,0.5797292431736316,0.347174601927392,0.5125531421896679,4.79212049794323,5.356035140206936,0.2177856152312038,0.9547735385774481,0.16555312781749734,0.5236870787381153,0.45598733959385523,0.5018629424965888,wang,0.4,1.0,0.0,12.0
Subj12,walk_18,0.5,69.0,6073,0.0,0.560000000000004,0.9626395920149616,True,10.853907397037805,2.021662579277914,2.884816468879007,1.7210996368517517,1.972047946125012,0.1998782987590144,0.9366424547772311,0.11976742647836289,0.43378505566685926,0.29022428231727937,0.5345957553534959,1.7917268048749984,2.243039005936685,0.1345520625898184,0.9697871093130099,0.15897963792408187,0.24658067972980144,0.25149512175858757,0.6750688175518834,3.4943081871090484,4.59154993054861,0.2011171779744991,0.9444114757714217,0.16735029366738197,0.5797292431736316,0.347174601927392,0.5125531421896679,4.79212049794323,5.356035140206936,0.2177856152312038,0.9547735385774481,0.16555312781749734,0.5236870787381153,0.45598733959385523,0.5018629424965888,wang,0.3,0.5,0.0,12.0
Subj12,walk_18,0.5,69.0,6073,0.0,0.560000000000004,0.9626395920149616,True,10.853907397037805,2.021662579277914,2.884816468879007,1.7588320413847807,2.0035723090786997,0.19978462681890513,0.9349768193638055,0.12372164144068105,0.39262464655440416,0.2944888038441189,0.47373696664555487,1.8563015383808086,2.3159202811547623,0.13525583161573357,0.9685887341571275,0.16321444845006688,0.1922306445584815,0.26072045865892496,0.631085147390784,3.4943081871090484,4.59154993054861,0.2011171779744991,0.9444114757714217,0.16735029366738197,0.5797292431736316,0.347174601927392,0.5125531421896679,4.79212049794323,5.356035140206936,0.2177856152312038,0.9547735385774481,0.16555312781749734,0.5236870787381153,0.45598733959385523,0.5018629424965888,wang,0.2,0.5,0.0,12.0
Subj12,walk_18,0.5,69.0,6073,0.0,0.560000000000004,0.9626395920149616,True,10.853907397037805,2.021662579277914,2.884816468879007,1.6172096018790547,1.955760242280095,0.2020285401470087,0.9383890395272474,0.09791908150291727,0.5135028619556326,0.2851995279107794,0.7058404970550538,1.9559534516001749,2.2433034951159043,0.13811548089635467,0.9711845501048847,0.16267116457399733,0.224137082732571,0.25532549237792407,0.8161181204393941,3.4943081871090484,4.59154993054861,0.2011171779744991,0.9444114757714217,0.16735029366738197,0.5797292431736316,0.347174601927392,0.5125531421896679,4.79212049794323,5.356035140206936,0.2177856152312038,0.9547735385774481,0.16555312781749734,0.5236870787381153,0.45598733959385523,0.5018629424965888,wang,0.4,2.0,0.0,12.0
Subj12,walk_18,0.5,69.0,6073,0.0,0.560000000000004,0.9626395920149616,True,10.853907397037805,2.021662579277914,2.884816468879007,1.6584846884504407,1.9365930539367924,0.20051933312980905,0.9351541162456766,0.11535688605738734,0.40572418408386535,0.29094323781924697,0.5624193578211869,1.8705972642166735,2.30160320085164,0.13756426975476665,0.9685552804526898,0.16679640617266747,0.15033404019151955,0.265886046727668,0.6898183282121411,3.4943081871090484,4.59154993054861,0.2011171779744991,0.9444114757714217,0.16735029366738197,0.5797292431736316,0.347174601927392,0.5125531421896679,4.79212049794323,5.356035140206936,0.2177856152312038,0.9547735385774481,0.16555312781749734,0.5236870787381153,0.45598733959385523,0.5018629424965888,wang,0.2,1.0,0.0,12.0
Subj12,walk_18,0.5,69.0,6073,0.0,0.560000000000004,0.9626395920149616,True,10.853907397037805,2.021662579277914,2.884816468879007,1.7210940080888393,1.9988413383442667,0.20001233865217163,0.9380359660299274,0.11720858779242205,0.4670897021809383,0.28787218786235064,0.5694696805355484,1.7734329742664598,2.237671005861055,0.1339955107732473,0.9707692596621099,0.15596235430668787,0.2918688200820576,0.24479841831448243,0.7040021550563451,3.4943081871090484,4.59154993054861,0.2011171779744991,0.9444114757714217,0.16735029366738197,0.5797292431736316,0.347174601927392,0.5125531421896679,4.79212049794323,5.356035140206936,0.2177856152312038,0.9547735385774481,0.16555312781749734,0.5236870787381153,0.45598733959385523,0.5018629424965888,wang,0.4,0.5,0.0,12.0
Subj12,walk_18,0.5,69.0,6073,0.0,0.560000000000004,0.9626395920149616,True,10.853907397037805,2.021662579277914,2.884816468879007,1.6095831502282492,1.916398788651,0.20130962112261358,0.9352753374141053,0.10715722129523228,0.41973477978680296,0.2886428486195484,0.663953261583177,2.068589471781566,2.3531501828489114,0.13997775998212322,0.9685290535331125,0.17331178537401676,0.09311514079798769,0.27716561573767745,0.7559019280470722,3.4943081871090484,4.59154993054861,0.2011171779744991,0.9444114757714217,0.16735029366738197,0.5797292431736316,0.347174601927392,0.5125531421896679,4.79212049794323,5.356035140206936,0.2177856152312038,0.9547735385774481,0.16555312781749734,0.5236870787381153,0.45598733959385523,0.5018629424965888,wang,0.2,2.0,0.0,12.0
Subj12,walk_18,0.5,69.0,6073,0.0,0.560000000000004,0.9626395920149616,True,10.853907397037805,2.021662579277914,2.884816468879007,1.6538952755435576,1.8521188772721944,0.19973328379760466,0.9370296459700076,0.1166930893590928,0.44820242011880734,0.28642110336135684,0.5729226785453181,1.7585249408126438,2.2538766505400543,0.13405232317066124,0.9707561705084022,0.1578120590587173,0.2601488291183714,0.24733706341601744,0.701234336933029,3.4943081871090484,4.59154993054861,0.2011171779744991,0.9444114757714217,0.16735029366738197,0.5797292431736316,0.347174601927392,0.5125531421896679,4.79212049794323,5.356035140206936,0.2177856152312038,0.9547735385774481,0.16555312781749734,0.5236870787381153,0.45598733959385523,0.5018629424965888,wang,0.3,0.5,2.0,5.0
Subj12,walk_18,0.5,69.0,6073,0.0,0.560000000000004,0.9626395920149616,True,10.853907397037805,2.021662579277914,2.884816468879007,1.6696788525241126,1.9129567123971956,0.19987273647761886,0.938247113003847,0.11438322837823106,0.47804109471414347,0.2845898773567236,0.5985577181725316,1.760124092889564,2.2796920773772866,0.13355432348093374,0.9715953992826574,0.15513653060836674,0.30058819065598513,0.2415561476989242,0.723844550458575,3.4943081871090484,4.59154993054861,0.2011171779744991,0.9444114757714217,0.16735029366738197,0.5797292431736316,0.347174601927392,0.5125531421896679,4.79212049794323,5.356035140206936,0.2177856152312038,0.9547735385774481,0.16555312781749734,0.5236870787381153,0.45598733959385523,0.5018629424965888,wang,0.4,0.5,2.0,5.0
Subj12,walk_18,0.5,69.0,6073,0.0,0.560000000000004,0.9626395920149616,True,10.853907397037805,2.021662579277914,2.884816468879007,1.7124031418056702,1.9580248398081155,0.19981249175718968,0.9366902364608667,0.11949233294715486,0.433559844350662,0.28957420975618975,0.5412693531373891,1.802725934484414,2.276304563936484,0.13439630174579423,0.9700736911306829,0.15895962879205366,0.24667727843317114,0.2508594484432457,0.6809154361634917,3.4943081871090484,4.59154993054861,0.2011171779744991,0.9444114757714217,0.16735029366738197,0.5797292431736316,0.347174601927392,0.5125531421896679,4.79212049794323,5.356035140206936,0.2177856152312038,0.9547735385774481,0.16555312781749734,0.5236870787381153,0.45598733959385523,0.5018629424965888,wang,0.3,0.5,2.0,8.0
Subj12,walk_18,0.5,69.0,6073,0.0,0.560000000000004,0.9626395920149616,True,10.853907397037805,2.021662579277914,2.884816468879007,1.7171477228344603,1.9949246900117366,0.19994410234364837,0.9380299443792812,0.11699045608410207,0.46594970377839007,0.2873312029962857,0.5741127890108235,1.7899372567858813,2.279367068529381,0.13385835525802658,0.971007545655416,0.1560462800196171,0.29065862145100935,0.2444587939916679,0.7079410599923956,3.4943081871090484,4.59154993054861,0.2011171779744991,0.9444114757714217,0.16735029366738197,0.5797292431736316,0.347174601927392,0.5125531421896679,4.79212049794323,5.356035140206936,0.2177856152312038,0.9547735385774481,0.16555312781749734,0.5236870787381153,0.45598733959385523,0.5018629424965888,wang,0.4,0.5,2.0,8.0
Subj12,walk_27,0.75,69.0,5969,0.0,0.556000000000004,0.9582714478852714,True,11.08305486874317,2.6154888244969867,5.667239087391838,1.9693829088554216,2.612662775748853,0.21468573408028643,0.946088436371092,0.1468691266221615,0.48765899544298524,0.3017240358197938,0.5861841563763536,2.648402549793605,3.3277640695187745,0.13686713513939977,0.9759813831716151,0.19332074847399414,0.3951908186086438,0.3042078804650084,0.5861275657731527,4.8541156754896315,6.920216145272886,0.21498469107614407,0.9479408052416695,0.22948949858436982,0.6482557531916797,0.42096488745795946,0.5510866234267242,6.751619830782945,8.29333696078073,0.23014045718028492,0.9649757897919954,0.2285221046265873,0.6394313075854355,0.5185825509640647,0.7035519323568665,wang,0.3,1.0,0.0,12.0
Subj12,walk_27,0.75,69.0,5969,0.0,0.556000000000004,0.9582714478852714,True,11.08305486874317,2.6154888244969867,5.667239087391838,1.9541891831777298,2.6300762004670624,0.21574598733913583,0.9461038576525305,0.13344717195480058,0.5226440238673941,0.2932063738884595,0.6700586901394056,2.554699318266575,3.27793413431996,0.13844922026278633,0.9765038022530254,0.18586050662228146,0.405001382713363,0.2892049834546966,0.6811080622163186,4.8541156754896315,6.920216145272886,0.21498469107614407,0.9479408052416695,0.22948949858436982,0.6482557531916797,0.42096488745795946,0.5510866234267242,6.751619830782945,8.29333696078073,0.23014045718028492,0.9649757897919954,0.2285221046265873,0.6394313075854355,0.5185825509640647,0.7035519323568665,wang,0.3,2.0,0.0,12.0
Subj12,walk_27,0.75,69.0,5969,0.0,0.556000000000004,0.9582714478852714,True,11.08305486874317,2.6154888244969867,5.667239087391838,2.03211417541899,2.71957040089285,0.2146027296752464,0.9473778690961102,0.14352512875621048,0.5339396095644877,0.2972845728488951,0.6250200063623551,2.666103479640242,3.383722552218134,0.1364633236304065,0.9766037933656563,0.19038778561164132,0.44144911845248297,0.29804777956376305,0.6235086796175519,4.8541156754896315,6.920216145272886,0.21498469107614407,0.9479408052416695,0.22948949858436982,0.6482557531916797,0.42096488745795946,0.5510866234267242,6.751619830782945,8.29333696078073,0.23014045718028492,0.9649757897919954,0.2285221046265873,0.6394313075854355,0.5185825509640647,0.7035519323568665,wang,0.4,1.0,0.0,12.0
Subj12,walk_27,0.75,69.0,5969,0.0,0.556000000000004,0.9582714478852714,True,11.08305486874317,2.6154888244969867,5.667239087391838,2.095976217244684,2.7034520343978654,0.21377469479934144,0.9459049027422439,0.16005614801594353,0.4588648786110055,0.31261830775366123,0.5025932064143979,3.000189607637651,3.502883118537617,0.13560742113574445,0.9752994740828185,0.20493312360642651,0.3817233603022606,0.32820023516613117,0.5045040769334966,4.8541156754896315,6.920216145272886,0.21498469107614407,0.9479408052416695,0.22948949858436982,0.6482557531916797,0.42096488745795946,0.5510866234267242,6.751619830782945,8.29333696078073,0.23014045718028492,0.9649757897919954,0.2285221046265873,0.6394313075854355,0.5185825509640647,0.7035519323568665,wang,0.3,0.5,0.0,12.0
Subj12,walk_27,0.75,69.0,5969,0.0,0.556000000000004,0.9582714478852714,True,11.08305486874317,2.6154888244969867,5.667239087391838,2.1038075792713777,2.691189032575197,0.21404122259887906,0.9444636979690112,0.1645071159451825,0.4060930833412055,0.320449261639818,0.43183749472801886,3.0302268684561215,3.5218386765267007,0.13597465482848042,0.974668201421292,0.20830867004683307,0.3320895941505566,0.33543744932356767,0.4533012210018109,4.8541156754896315,6.920216145272886,0.21498469107614407,0.9479408052416695,0.22948949858436982,0.6482557531916797,0.42096488745795946,0.5510866234267242,6.751619830782945,8.29333696078073,0.23014045718028492,0.9649757897919954,0.2285221046265873,0.6394313075854355,0.5185825509640647,0.7035519323568665,wang,0.2,0.5,0.0,12.0
Subj12,walk_27,0.75,69.0,5969,0.0,0.556000000000004,0.9582714478852714,True,11.08305486874317,2.6154888244969867,5.667239087391838,2.049329060177742,2.7578771971794467,0.215722250060921,0.9474972210991548,0.12959504915089162,0.5732573896748465,0.2895275558539938,0.6955136165898452,2.5770708754544946,3.3271438013724164,0.1378561996438644,0.9772690874777368,0.18194896706191005,0.45889459171711733,0.2812553785833666,0.7124341309506106,4.8541156754896315,6.920216145272886,0.21498469107614407,0.9479408052416695,0.22948949858436982,0.6482557531916797,0.42096488745795946,0.5510866234267242,6.751619830782945,8.29333696078073,0.23014045718028492,0.9649757897919954,0.2285221046265873,0.6394313075854355,0.5185825509640647,0.7035519323568665,wang,0.4,2.0,0.0,12.0
Subj12,walk_27,0.75,69.0,5969,0.0,0.556000000000004,0.9582714478852714,True,11.08305486874317,2.6154888244969867,5.667239087391838,1.9631216266337248,2.5881730981379625,0.21489689177043783,0.9445289909550202,0.15235042264956197,0.42915172026723597,0.3097436364399917,0.5193064752637951,2.6885666788533142,3.360351126083988,0.1374488153742975,0.9751840084573195,0.19796591774581043,0.3366186348678068,0.3139145276282444,0.5309814710578278,4.8541156754896315,6.920216145272886,0.21498469107614407,0.9479408052416695,0.22948949858436982,0.6482557531916797,0.42096488745795946,0.5510866234267242,6.751619830782945,8.29333696078073,0.23014045718028492,0.9649757897919954,0.2285221046265873,0.6394313075854355,0.5185825509640647,0.7035519323568665,wang,0.2,1.0,0.0,12.0
Subj12,walk_27,0.75,69.0,5969,0.0,0.556000000000004,0.9582714478852714,True,11.08305486874317,2.6154888244969867,5.667239087391838,2.140075579684552,2.797224039057692,0.21364224060331682,0.947079976476791,0.15744073132738698,0.5008949810897719,0.30810392274933385,0.5478902712596846,3.0178887695753116,3.565831156148022,0.1353902690324078,0.9757758553953043,0.20300109452564513,0.42129898803087296,0.32396137891216137,0.5414789831909228,4.8541156754896315,6.920216145272886,0.21498469107614407,0.9479408052416695,0.22948949858436982,0.6482557531916797,0.42096488745795946,0.5510866234267242,6.751619830782945,8.29333696078073,0.23014045718028492,0.9649757897919954,0.2285221046265873,0.6394313075854355,0.5185825509640647,0.7035519323568665,wang,0.4,0.5,0.0,12.0
Subj12,walk_27,0.75,69.0,5969,0.0,0.556000000000004,0.9582714478852714,True,11.08305486874317,2.6154888244969867,5.667239087391838,1.914406049549465,2.5788431191363776,0.21589051244692556,0.944439784834976,0.13977441758477077,0.4576702884630237,0.3006888533243869,0.6186043417995476,2.5963038132016676,3.3203419449211897,0.1392468968239983,0.9755455564553892,0.19173887921615385,0.33581001417633544,0.3011969601786806,0.6302273591820354,4.8541156754896315,6.920216145272886,0.21498469107614407,0.9479408052416695,0.22948949858436982,0.6482557531916797,0.42096488745795946,0.5510866234267242,6.751619830782945,8.29333696078073,0.23014045718028492,0.9649757897919954,0.2285221046265873,0.6394313075854355,0.5185825509640647,0.7035519323568665,wang,0.2,2.0,0.0,12.0
Subj12,walk_27,0.75,69.0,5969,0.0,0.556000000000004,0.9582714478852714,True,11.08305486874317,2.6154888244969867,5.667239087391838,2.0303553230788443,2.628015323354095,0.2135636110606637,0.9453148527258959,0.15164282012947322,0.4959012234258983,0.3042555554220454,0.5308771606322691,2.824783132041024,3.6721917668999953,0.1362225412322675,0.9750378548543088,0.19961893346439685,0.4123551609116655,0.3192207044948861,0.5313103371004632,4.8541156754896315,6.920216145272886,0.21498469107614407,0.9479408052416695,0.22948949858436982,0.6482557531916797,0.42096488745795946,0.5510866234267242,6.751619830782945,8.29333696078073,0.23014045718028492,0.9649757897919954,0.2285221046265873,0.6394313075854355,0.5185825509640647,0.7035519323568665,wang,0.3,0.5,2.0,5.0
Subj12,walk_27,0.75,69.0,5969,0.0,0.556000000000004,0.9582714478852714,True,11.08305486874317,2.6154888244969867,5.667239087391838,2.099498890037142,2.775751878899179,0.21345580428222102,0.9463328447713731,0.14947618954280242,0.5294002702358701,0.30089611660797155,0.5651698968270754,2.856812006578591,3.757978733040062,0.13598336272162348,0.9754631572819619,0.1978122907089096,0.4444716502083791,0.3153952930926571,0.5616572920826837,4.8541156754896315,6.920216145272886,0.21498469107614407,0.9479408052416695,0.22948949858436982,0.6482557531916797,0.42096488745795946,0.5510866234267242,6.751619830782945,8.29333696078073,0.23014045718028492,0.9649757897919954,0.2285221046265873,0.6394313075854355,0.5185825509640647,0.7035519323568665,wang,0.4,0.5,2.0,5.0
Subj12,walk_27,0.75,69.0,5969,0.0,0.556000000000004,0.9582714478852714,True,11.08305486874317,2.6154888244969867,5.667239087391838,2.079136513741193,2.695614870430103,0.213691905289967,0.9457110337436185,0.1581649198653474,0.45938371571912057,0.3110053881125673,0.5040395322761761,2.9951735541022235,3.6146172005245316,0.1357807217329236,0.9752063898305025,0.20458933765315296,0.38242370496628614,0.3280773333013633,0.5034672061365566,4.8541156754896315,6.920216145272886,0.21498469107614407,0.9479408052416695,0.22948949858436982,0.6482557531916797,0.42096488745795946,0.5510866234267242,6.751619830782945,8.29333696078073,0.23014045718028492,0.9649757897919954,0.2285221046265873,0.6394313075854355,0.5185825509640647,0.7035519323568665,wang,0.3,0.5,2.0,8.0
Subj12,walk_27,0.75,69.0,5969,0.0,0.556000000000004,0.9582714478852714,True,11.08305486874317,2.6154888244969867,5.667239087391838,2.1328286279473465,2.809412659732254,0.21354665550786517,0.9468611125305332,0.1556551539589001,0.4995149474331741,0.3067279881757903,0.5471578692162147,3.0177293651327086,3.6847430624971658,0.13555169750465113,0.9756697235219278,0.20271497971083724,0.42010781636911865,0.3240138880966489,0.5389671931133397,4.8541156754896315,6.920216145272886,0.21498469107614407,0.9479408052416695,0.22948949858436982,0.6482557531916797,0.42096488745795946,0.5510866234267242,6.751619830782945,8.29333696078073,0.23014045718028492,0.9649757897919954,0.2285221046265873,0.6394313075854355,0.5185825509640647,0.7035519323568665,wang,0.4,0.5,2.0,8.0
Subj12,walk_36,1.0,69.0,5977,0.0,0.5680000000000041,0.952676620951547,True,11.966768709553833,3.455238050754183,5.454434781133876,2.2867363908858285,3.151497527137581,0.23384618871681703,0.9434707340523637,0.23031721336236055,0.4918334780302959,0.38963836445130756,0.5622973548327805,2.0436900882024065,2.415721993229061,0.1523211693740373,0.9758966611871805,0.25272565238028155,0.498838256702049,0.365442476918053,0.6304749876567184,6.096171240482146,9.060829802704086,0.23875744136507573,0.9512170366559861,0.3647965876123593,0.6078371255104955,0.6082557960573354,0.5533333496012325,8.86075309855591,11.613289892687849,0.2534042457770053,0.9698575697999589,0.38024465721715467,0.5510349663471814,0.695081486365794,0.7935166147535423,wang,0.3,1.0,0.0,12.0
Subj12,walk_36,1.0,69.0,5977,0.0,0.5680000000000041,0.952676620951547,True,11.966768709553833,3.455238050754183,5.454434781133876,2.2011780568524224,3.070596430392398,0.23422883451529447,0.9429796491588596,0.21286928992725726,0.5260672279556301,0.3662862008826857,0.6590412115164124,1.9295696247190697,2.464212508244298,0.1545232802280462,0.975696550793792,0.24456161202994692,0.5168946314889015,0.34772421966506295,0.7165629163853956,6.096171240482146,9.060829802704086,0.23875744136507573,0.9512170366559861,0.3647965876123593,0.6078371255104955,0.6082557960573354,0.5533333496012325,8.86075309855591,11.613289892687849,0.2534042457770053,0.9698575697999589,0.38024465721715467,0.5510349663471814,0.695081486365794,0.7935166147535423,wang,0.3,2.0,0.0,12.0
Subj12,walk_36,1.0,69.0,5977,0.0,0.5680000000000041,0.952676620951547,True,11.966768709553833,3.455238050754183,5.454434781133876,2.297736788191989,3.204706962518667,0.23335544390443858,0.9456024912956639,0.23171798316564277,0.5245787405231171,0.3869417054716709,0.60813320713112,2.0741280747516857,2.5307777976241814,0.151614162137641,0.9772659277396214,0.2542377227048968,0.5307551018867984,0.3624764229914079,0.6634060208196391,6.096171240482146,9.060829802704086,0.23875744136507573,0.9512170366559861,0.3647965876123593,0.6078371255104955,0.6082557960573354,0.5533333496012325,8.86075309855591,11.613289892687849,0.2534042457770053,0.9698575697999589,0.38024465721715467,0.5510349663471814,0.695081486365794,0.7935166147535423,wang,0.4,1.0,0.0,12.0
Subj12,walk_36,1.0,69.0,5977,0.0,0.5680000000000041,0.952676620951547,True,11.966768709553833,3.455238050754183,5.454434781133876,2.4961445948123986,3.355588121346468,0.23384183424358637,0.9435883239025975,0.2466648088197543,0.46365780293588993,0.4145147212125361,0.46659212658876015,2.4739321500922644,2.613555882983115,0.15055471404898335,0.9759195343806848,0.2634865945867437,0.4803974321838662,0.3898615978935015,0.541446757333285,6.096171240482146,9.060829802704086,0.23875744136507573,0.9512170366559861,0.3647965876123593,0.6078371255104955,0.6082557960573354,0.5533333496012325,8.86075309855591,11.613289892687849,0.2534042457770053,0.9698575697999589,0.38024465721715467,0.5510349663471814,0.695081486365794,0.7935166147535423,wang,0.3,0.5,0.0,12.0
Subj12,walk_36,1.0,69.0,5977,0.0,0.5680000000000041,0.952676620951547,True,11.966768709553833,3.455238050754183,5.454434781133876,2.617123352140308,3.5093655476993453,0.23468855861724855,0.9411241321171256,0.24665638942149423,0.422064704934454,0.4213529619572522,0.38591932738513457,2.586928515835366,2.778878830463257,0.15146792654620003,0.9743404027160099,0.26250199148143805,0.4401392368701604,0.3951556003886109,0.48541822651383604,6.096171240482146,9.060829802704086,0.23875744136507573,0.9512170366559861,0.3647965876123593,0.6078371255104955,0.6082557960573354,0.5533333496012325,8.86075309855591,11.613289892687849,0.2534042457770053,0.9698575697999589,0.38024465721715467,0.5510349663471814,0.695081486365794,0.7935166147535423,wang,0.2,0.5,0.0,12.0
Subj12,walk_36,1.0,69.0,5977,0.0,0.5680000000000041,0.952676620951547,True,11.966768709553833,3.455238050754183,5.454434781133876,2.268521195087834,3.182490780662121,0.233774635752433,0.9452232526587978,0.2142963146622124,0.5587700120433461,0.3640414390190181,0.692465261287093,2.012174351926133,2.6249022024959703,0.1536811686541051,0.977182661166098,0.24536753191638122,0.5497426883410592,0.34338756850916535,0.7412189281867637,6.096171240482146,9.060829802704086,0.23875744136507573,0.9512170366559861,0.3647965876123593,0.6078371255104955,0.6082557960573354,0.5533333496012325,8.86075309855591,11.613289892687849,0.2534042457770053,0.9698575697999589,0.38024465721715467,0.5510349663471814,0.695081486365794,0.7935166147535423,wang,0.4,2.0,0.0,12.0
Subj12,walk_36,1.0,69.0,5977,0.0,0.5680000000000041,0.952676620951547,True,11.966768709553833,3.455238050754183,5.454434781133876,2.392453826288449,3.2777034688464757,0.23468062937352308,0.9408894881993363,0.2309414478359158,0.447983656950913,0.3974398630457111,0.4865575228973983,2.159896960581288,2.56383079998816,0.1534011912872628,0.9741748713405082,0.25286002786129946,0.4549730530637775,0.37321547502163704,0.5781008183950777,6.096171240482146,9.060829802704086,0.23875744136507573,0.9512170366559861,0.3647965876123593,0.6078371255104955,0.6082557960573354,0.5533333496012325,8.86075309855591,11.613289892687849,0.2534042457770053,0.9698575697999589,0.38024465721715467,0.5510349663471814,0.695081486365794,0.7935166147535423,wang,0.2,1.0,0.0,12.0
Subj12,walk_36,1.0,69.0,5977,0.0,0.5680000000000041,0.952676620951547,True,11.966768709553833,3.455238050754183,5.454434781133876,2.4792090276102394,3.3735332077017626,0.2333394370199079,0.9455981873683111,0.248386476467856,0.4953482502189254,0.41222973675954494,0.518835234829014,2.480060460350885,2.696580238128624,0.150003066312178,0.9771565547355383,0.26582541753950606,0.5103207036530185,0.38871091026739646,0.5787159436264747,6.096171240482146,9.060829802704086,0.23875744136507573,0.9512170366559861,0.3647965876123593,0.6078371255104955,0.6082557960573354,0.5533333496012325,8.86075309855591,11.613289892687849,0.2534042457770053,0.9698575697999589,0.38024465721715467,0.5510349663471814,0.695081486365794,0.7935166147535423,wang,0.4,0.5,0.0,12.0
Subj12,walk_36,1.0,69.0,5977,0.0,0.5680000000000041,0.952676620951547,True,11.966768709553833,3.455238050754183,5.454434781133876,2.255427219137017,3.133314787506861,0.2350211387586106,0.9402960173025009,0.21379187230800167,0.4806323972360942,0.3741557561902603,0.5988625317371661,2.002594029747314,2.550045174540496,0.15574234237504145,0.9738542124368809,0.245668021090309,0.47031996233477036,0.3574303661529262,0.6750537040139464,6.096171240482146,9.060829802704086,0.23875744136507573,0.9512170366559861,0.3647965876123593,0.6078371255104955,0.6082557960573354,0.5533333496012325,8.86075309855591,11.613289892687849,0.2534042457770053,0.9698575697999589,0.38024465721715467,0.5510349663471814,0.695081486365794,0.7935166147535423,wang,0.2,2.0,0.0,12.0
Subj12,walk_36,1.0,69.0,5977,0.0,0.5680000000000041,0.952676620951547,True,11.966768709553833,3.455238050754183,5.454434781133876,2.541711678061198,3.360113027197866,0.23143117888154788,0.9443984390976985,0.22944282332021967,0.535721611808089,0.3839409998850444,0.5621191464191612,2.4841906695006095,3.0510562566098365,0.15047723118232026,0.9764867424138024,0.25886982177230744,0.531211137441953,0.3810620982019839,0.5860329185925324,6.096171240482146,9.060829802704086,0.23875744136507573,0.9512170366559861,0.3647965876123593,0.6078371255104955,0.6082557960573354,0.5533333496012325,8.86075309855591,11.613289892687849,0.2534042457770053,0.9698575697999589,0.38024465721715467,0.5510349663471814,0.695081486365794,0.7935166147535423,wang,0.3,0.5,2.0,5.0
Subj12,walk_36,1.0,69.0,5977,0.0,0.5680000000000041,0.952676620951547,True,11.966768709553833,3.455238050754183,5.454434781133876,2.5926078167162947,3.5162618654007964,0.2312536430737273,0.9460418178746617,0.23302485395752337,0.5542357441698187,0.386095759917393,0.588086956813356,2.564853236955098,3.2873029516937216,0.15015147229254713,0.9774917999777469,0.2623584988701122,0.549070932122822,0.383257722816179,0.6082921776779849,6.096171240482146,9.060829802704086,0.23875744136507573,0.9512170366559861,0.3647965876123593,0.6078371255104955,0.6082557960573354,0.5533333496012325,8.86075309855591,11.613289892687849,0.2534042457770053,0.9698575697999589,0.38024465721715467,0.5510349663471814,0.695081486365794,0.7935166147535423,wang,0.4,0.5,2.0,5.0
Subj12,walk_36,1.0,69.0,5977,0.0,0.5680000000000041,0.952676620951547,True,11.966768709553833,3.455238050754183,5.454434781133876,2.45952993625847,3.2965490840908203,0.23333325890651216,0.9436933224858788,0.2422806377969177,0.4742318311760704,0.40742004902680945,0.48419998240079876,2.51512924829267,2.8099657180014255,0.15058981181821715,0.9760175796863516,0.2629970637699389,0.4874357562395846,0.3899260577602872,0.5437549188207071,6.096171240482146,9.060829802704086,0.23875744136507573,0.9512170366559861,0.3647965876123593,0.6078371255104955,0.6082557960573354,0.5533333496012325,8.86075309855591,11.613289892687849,0.2534042457770053,0.9698575697999589,0.38024465721715467,0.5510349663471814,0.695081486365794,0.7935166147535423,wang,0.3,0.5,2.0,8.0
Subj12,walk_36,1.0,69.0,5977,0.0,0.5680000000000041,0.952676620951547,True,11.966768709553833,3.455238050754183,5.454434781133876,2.466909074709476,3.363306777409294,0.23288444169728306,0.9456401106149909,0.24465767115645776,0.502371127080911,0.40646783917980345,0.5295178735154223,2.5404243174785606,2.9350665551027837,0.15006819831689905,0.977212818028476,0.2657569368958189,0.5140503006643844,0.38984086810010116,0.5772039876794143,6.096171240482146,9.060829802704086,0.23875744136507573,0.9512170366559861,0.3647965876123593,0.6078371255104955,0.6082557960573354,0.5533333496012325,8.86075309855591,11.613289892687849,0.2534042457770053,0.9698575697999589,0.38024465721715467,0.5510349663471814,0.695081486365794,0.7935166147535423,wang,0.4,0.5,2.0,8.0
Subj12,walk_45,1.25,69.0,5953,0.0,0.560000000000004,0.9573717066540846,True,11.643648849419733,4.220208452836141,4.518234805677665,2.49025767683918,3.0427879593326606,0.21608847619014923,0.9547812247475159,0.202243253365356,0.8269946466511497,0.39688248935173515,0.6902651192635355,2.9447793231529538,4.052360067590322,0.15051206173999268,0.9745895828141582,0.18885167681735118,0.9034352765026515,0.3485585585549086,0.7904210981461685,6.716742542322214,9.656044248510955,0.22179575162732493,0.9504051543462695,0.33336232625654577,0.7367559713415108,0.6125649228318469,0.6090633717675612,11.299188059860432,13.94707586863552,0.23576773971908296,0.9735524837661063,0.4165633802581179,0.15650362612579938,0.7496158078934793,0.8868478448597866,wang,0.3,1.0,0.0,12.0
Subj12,walk_45,1.25,69.0,5953,0.0,0.560000000000004,0.9573717066540846,True,11.643648849419733,4.220208452836141,4.518234805677665,2.5298824801072053,3.1931832828705207,0.21608916636200032,0.9553347640388662,0.1829431974523106,0.8394099349455157,0.36400447916711354,0.7855412138009631,3.189203886236489,4.513956052007042,0.15131381510646696,0.9753179985755099,0.1854605229571891,0.9000541128211569,0.33282482322768503,0.8459702611546667,6.716742542322214,9.656044248510955,0.22179575162732493,0.9504051543462695,0.33336232625654577,0.7367559713415108,0.6125649228318469,0.6090633717675612,11.299188059860432,13.94707586863552,0.23576773971908296,0.9735524837661063,0.4165633802581179,0.15650362612579938,0.7496158078934793,0.8868478448597866,wang,0.3,2.0,0.0,12.0
Subj12,walk_45,1.25,69.0,5953,0.0,0.560000000000004,0.9573717066540846,True,11.643648849419733,4.220208452836141,4.518234805677665,2.538584610291366,3.0723119414550752,0.21507132778160035,0.9564732380659318,0.19945707532629953,0.8283518056002777,0.3850330960128954,0.7274204796636855,2.903696213707748,4.001578825541443,0.15005522008121874,0.975407983666144,0.18670293977986055,0.9010452701882096,0.3378266081165936,0.809373696705455,6.716742542322214,9.656044248510955,0.22179575162732493,0.9504051543462695,0.33336232625654577,0.7367559713415108,0.6125649228318469,0.6090633717675612,11.299188059860432,13.94707586863552,0.23576773971908296,0.9735524837661063,0.4165633802581179,0.15650362612579938,0.7496158078934793,0.8868478448597866,wang,0.4,1.0,0.0,12.0
Subj12,walk_45,1.25,69.0,5953,0.0,0.560000000000004,0.9573717066540846,True,11.643648849419733,4.220208452836141,4.518234805677665,2.7123575641408246,3.226795907732946,0.2165026082358342,0.9540033638242847,0.2224573535619527,0.8149737072638036,0.43220313117858994,0.58857149085961,2.990822560280253,3.7509792005988625,0.15022258090493404,0.9737322052912526,0.19781234788315147,0.9003662981494893,0.3728966436801941,0.7181737594025742,6.716742542322214,9.656044248510955,0.22179575162732493,0.9504051543462695,0.33336232625654577,0.7367559713415108,0.6125649228318469,0.6090633717675612,11.299188059860432,13.94707586863552,0.23576773971908296,0.9735524837661063,0.4165633802581179,0.15650362612579938,0.7496158078934793,0.8868478448597866,wang,0.3,0.5,0.0,12.0
Subj12,walk_45,1.25,69.0,5953,0.0,0.560000000000004,0.9573717066540846,True,11.643648849419733,4.220208452836141,4.518234805677665,2.8472433039757994,3.4927989056043987,0.21796652758118026,0.9520408183727431,0.2280616191689425,0.80786368760863,0.44951184219046436,0.517129523840262,3.221121302123449,4.098787621302947,0.15095422559419677,0.972703055744761,0.20282652640832566,0.895894412579766,0.3882270378501779,0.6780104295062328,6.716742542322214,9.656044248510955,0.22179575162732493,0.9504051543462695,0.33336232625654577,0.7367559713415108,0.6125649228318469,0.6090633717675612,11.299188059860432,13.94707586863552,0.23576773971908296,0.9735524837661063,0.4165633802581179,0.15650362612579938,0.7496158078934793,0.8868478448597866,wang,0.2,0.5,0.0,12.0
Subj12,walk_45,1.25,69.0,5953,0.0,0.560000000000004,0.9573717066540846,True,11.643648849419733,4.220208452836141,4.518234805677665,2.662430137014812,3.3011543729592816,0.21502802100122262,0.9572015495571324,0.18020569659117408,0.839370265398801,0.3519749865340072,0.80996301023806,3.203571726752581,4.497327422189203,0.15071046554686612,0.976231636505239,0.1828240729901447,0.8956951471990339,0.3202865723324724,0.8594829491203859,6.716742542322214,9.656044248510955,0.22179575162732493,0.9504051543462695,0.33336232625654577,0.7367559713415108,0.6125649228318469,0.6090633717675612,11.299188059860432,13.94707586863552,0.23576773971908296,0.9735524837661063,0.4165633802581179,0.15650362612579938,0.7496158078934793,0.8868478448597866,wang,0.4,2.0,0.0,12.0
Subj12,walk_45,1.25,69.0,5953,0.0,0.560000000000004,0.9573717066540846,True,11.643648849419733,4.220208452836141,4.518234805677665,2.5932563934472093,3.2794707755116765,0.2176622604001399,0.9526257936878587,0.20906273580879797,0.8195744169404502,0.41662046215617005,0.6281114399344161,3.1552051461965163,4.360959971832277,0.1514227271382567,0.9734426744367046,0.1952654189115103,0.8990913377167271,0.3674727090892818,0.758356645599008,6.716742542322214,9.656044248510955,0.22179575162732493,0.9504051543462695,0.33336232625654577,0.7367559713415108,0.6125649228318469,0.6090633717675612,11.299188059860432,13.94707586863552,0.23576773971908296,0.9735524837661063,0.4165633802581179,0.15650362612579938,0.7496158078934793,0.8868478448597866,wang,0.2,1.0,0.0,12.0
Subj12,walk_45,1.25,69.0,5953,0.0,0.560000000000004,0.9573717066540846,True,11.643648849419733,4.220208452836141,4.518234805677665,2.713011720911872,3.2154307518756604,0.21558432477690398,0.955502167658876,0.2203216290750165,0.816936442038702,0.4218909850270463,0.6339902905888548,2.9203063410039807,3.6802802793154803,0.14993628641441784,0.9744353374302361,0.1965923721856814,0.8990114772280989,0.36483701857219036,0.7427338156415064,6.716742542322214,9.656044248510955,0.22179575162732493,0.9504051543462695,0.33336232625654577,0.7367559713415108,0.6125649228318469,0.6090633717675612,11.299188059860432,13.94707586863552,0.23576773971908296,0.9735524837661063,0.4165633802581179,0.15650362612579938,0.7496158078934793,0.8868478448597866,wang,0.4,0.5,0.0,12.0
Subj12,walk_45,1.25,69.0,5953,0.0,0.560000000000004,0.9573717066540846,True,11.643648849419733,4.220208452836141,4.518234805677665,2.543177327734718,3.3275991151672724,0.2177073239788482,0.9530143716413064,0.19031153514489918,0.8321528453006862,0.3848435388722051,0.7418071479716206,3.337128969999307,4.759606096390806,0.15236950176605024,0.9740822305185403,0.19270854331189854,0.8967389629523894,0.3542947556657205,0.8227193102474308,6.716742542322214,9.656044248510955,0.22179575162732493,0.9504051543462695,0.33336232625654577,0.7367559713415108,0.6125649228318469,0.6090633717675612,11.299188059860432,13.94707586863552,0.23576773971908296,0.9735524837661063,0.4165633802581179,0.15650362612579938,0.7496158078934793,0.8868478448597866,wang,0.2,2.0,0.0,12.0
Subj12,walk_45,1.25,69.0,5953,0.0,0.560000000000004,0.9573717066540846,True,11.643648849419733,4.220208452836141,4.518234805677665,2.601789265620667,3.179503030930493,0.21499728058635875,0.9541009385803645,0.19654958465257888,0.8580800488817,0.39280947749993306,0.676865616475326,2.98431440750148,3.9966670412676235,0.15252182170887393,0.9729034166155317,0.19609510653587095,0.9139287588529554,0.37110117184036856,0.7324347922683042,6.716742542322214,9.656044248510955,0.22179575162732493,0.9504051543462695,0.33336232625654577,0.7367559713415108,0.6125649228318469,0.6090633717675612,11.299188059860432,13.94707586863552,0.23576773971908296,0.9735524837661063,0.4165633802581179,0.15650362612579938,0.7496158078934793,0.8868478448597866,wang,0.3,0.5,2.0,5.0
Subj12,walk_45,1.25,69.0,5953,0.0,0.560000000000004,0.9573717066540846,True,11.643648849419733,4.220208452836141,4.518234805677665,2.6799260556934925,3.384842489723506,0.2143311174789578,0.9553568753336475,0.19603478484344097,0.8556224862308323,0.3853022092569595,0.7032952976390914,3.051632661752451,4.193618937103819,0.15240311971301554,0.9734253122130164,0.19718338674818112,0.9073092499613785,0.3673661539230724,0.7500520477346736,6.716742542322214,9.656044248510955,0.22179575162732493,0.9504051543462695,0.33336232625654577,0.7367559713415108,0.6125649228318469,0.6090633717675612,11.299188059860432,13.94707586863552,0.23576773971908296,0.9735524837661063,0.4165633802581179,0.15650362612579938,0.7496158078934793,0.8868478448597866,wang,0.4,0.5,2.0,5.0
Subj12,walk_45,1.25,69.0,5953,0.0,0.560000000000004,0.9573717066540846,True,11.643648849419733,4.220208452836141,4.518234805677665,2.6171334940569095,3.1944015840637436,0.2158118904421155,0.9543356511464594,0.2154956790096298,0.8261064367335503,0.4211138818791294,0.6112609406056752,2.9820720061375465,3.778864744226593,0.15084874544055646,0.9735301460259035,0.19804998431618173,0.9058124158184448,0.3752549392914649,0.7157472258666463,6.716742542322214,9.656044248510955,0.22179575162732493,0.9504051543462695,0.33336232625654577,0.7367559713415108,0.6125649228318469,0.6090633717675612,11.299188059860432,13.94707586863552,0.23576773971908296,0.9735524837661063,0.4165633802581179,0.15650362612579938,0.7496158078934793,0.8868478448597866,wang,0.3,0.5,2.0,8.0
Subj12,walk_45,1.25,69.0,5953,0.0,0.560000000000004,0.9573717066540846,True,11.643648849419733,4.220208452836141,4.518234805677665,2.640387321336063,3.2523724567282035,0.21491379715378817,0.9557978806210855,0.21381897425755036,0.826657322626361,0.4114067309153754,0.6513471563980092,2.943056212230809,3.779426648458205,0.15056501296307592,0.9742054280576297,0.19741945845770262,0.9029633821820958,0.36833314521584315,0.7387768212348209,6.716742542322214,9.656044248510955,0.22179575162732493,0.9504051543462695,0.33336232625654577,0.7367559713415108,0.6125649228318469,0.6090633717675612,11.299188059860432,13.94707586863552,0.23576773971908296,0.9735524837661063,0.4165633802581179,0.15650362612579938,0.7496158078934793,0.8868478448597866,wang,0.4,0.5,2.0,8.0
Subj12,walk_54,1.5,69.0,5968,0.0,0.564000000000004,0.9574691967706204,True,12.586905624291466,4.528241894748363,3.8677271191329354,2.46406981648658,3.2878582345755594,0.2327336862742611,0.9520900875446402,0.22261160923891127,0.8756032328499795,0.4573041464870117,0.738030503994972,3.701534703132342,5.656567399611118,0.16377542763085112,0.9721769114894767,0.2115048059640826,0.9071597542777775,0.3843452351442406,0.8551925694087849,7.060634131491666,10.657256596767963,0.2355965161518623,0.9483494723848696,0.3729163382971006,0.7834536597990688,0.6895664718997685,0.6768502740503938,13.950935078507168,17.13257943855723,0.25481155931154664,0.9662922388984364,0.5270265711746842,0.13069979046458494,0.9110705832203283,0.9170367275406616,wang,0.3,1.0,0.0,12.0
Subj12,walk_54,1.5,69.0,5968,0.0,0.564000000000004,0.9574691967706204,True,12.586905624291466,4.528241894748363,3.8677271191329354,2.6907430855810017,3.699458690285902,0.23227222915963858,0.9525234275911606,0.20195988542528528,0.8862968338233461,0.41816828119890775,0.8159794920749455,4.022732286324004,6.132441799061382,0.1650689306841692,0.9725236087027985,0.2133403296712785,0.9021100707756925,0.377106286802351,0.8782098282756735,7.060634131491666,10.657256596767963,0.2355965161518623,0.9483494723848696,0.3729163382971006,0.7834536597990688,0.6895664718997685,0.6768502740503938,13.950935078507168,17.13257943855723,0.25481155931154664,0.9662922388984364,0.5270265711746842,0.13069979046458494,0.9110705832203283,0.9170367275406616,wang,0.3,2.0,0.0,12.0
Subj12,walk_54,1.5,69.0,5968,0.0,0.564000000000004,0.9574691967706204,True,12.586905624291466,4.528241894748363,3.8677271191329354,2.411275292943953,3.0302307168159985,0.2308300592132712,0.9540394809570459,0.21948824781455456,0.8745383731185008,0.44064737267586623,0.7724260604509217,3.567607097312785,5.401873670783033,0.16403282404001351,0.9727358897127298,0.21152274449810327,0.901455259571716,0.3718852040699602,0.8659731591954711,7.060634131491666,10.657256596767963,0.2355965161518623,0.9483494723848696,0.3729163382971006,0.7834536597990688,0.6895664718997685,0.6768502740503938,13.950935078507168,17.13257943855723,0.25481155931154664,0.9662922388984364,0.5270265711746842,0.13069979046458494,0.9110705832203283,0.9170367275406616,wang,0.4,1.0,0.0,12.0
Subj12,walk_54,1.5,69.0,5968,0.0,0.564000000000004,0.9574691967706204,True,12.586905624291466,4.528241894748363,3.8677271191329354,2.5959148760202275,3.3654605299942,0.23376073102720488,0.9513642100755278,0.24449519248715493,0.8657723398963906,0.49817653382221255,0.6548612931385767,3.556897598226116,5.308163367713797,0.1629444609992009,0.9717340051926998,0.21351916191652134,0.9087224172880273,0.3974932315192948,0.8226168885589105,7.060634131491666,10.657256596767963,0.2355965161518623,0.9483494723848696,0.3729163382971006,0.7834536597990688,0.6895664718997685,0.6768502740503938,13.950935078507168,17.13257943855723,0.25481155931154664,0.9662922388984364,0.5270265711746842,0.13069979046458494,0.9110705832203283,0.9170367275406616,wang,0.3,0.5,0.0,12.0
Subj12,walk_54,1.5,69.0,5968,0.0,0.564000000000004,0.9574691967706204,True,12.586905624291466,4.528241894748363,3.8677271191329354,2.9546973402379826,4.066538772012149,0.23633303971699224,0.9490395500552887,0.25190030224128557,0.8611859108546329,0.5219266735210769,0.5904809155560733,3.966030588687725,5.946538381564012,0.16314824219046783,0.9708797970785964,0.21848901301513649,0.90671162233824,0.41816941367741156,0.8014690527240886,7.060634131491666,10.657256596767963,0.2355965161518623,0.9483494723848696,0.3729163382971006,0.7834536597990688,0.6895664718997685,0.6768502740503938,13.950935078507168,17.13257943855723,0.25481155931154664,0.9662922388984364,0.5270265711746842,0.13069979046458494,0.9110705832203283,0.9170367275406616,wang,0.2,0.5,0.0,12.0
Subj12,walk_54,1.5,69.0,5968,0.0,0.564000000000004,0.9574691967706204,True,12.586905624291466,4.528241894748363,3.8677271191329354,2.7812995161850003,3.6057432777001237,0.23026170613596933,0.9546577975885933,0.1992797896042719,0.8838655712578507,0.40086196835357935,0.8404529962131451,3.9803801084945936,5.955419723593817,0.165267969448479,0.9731491319479478,0.2137696939196884,0.8936014252664098,0.3639226750752066,0.8879811621031337,7.060634131491666,10.657256596767963,0.2355965161518623,0.9483494723848696,0.3729163382971006,0.7834536597990688,0.6895664718997685,0.6768502740503938,13.950935078507168,17.13257943855723,0.25481155931154664,0.9662922388984364,0.5270265711746842,0.13069979046458494,0.9110705832203283,0.9170367275406616,wang,0.4,2.0,0.0,12.0
Subj12,walk_54,1.5,69.0,5968,0.0,0.564000000000004,0.9574691967706204,True,12.586905624291466,4.528241894748363,3.8677271191329354,2.7654592196830885,3.9338500836841908,0.23552225433382304,0.949564484390318,0.23136044372654122,0.8710104381713006,0.4845191250385535,0.680938612314007,4.0531044630452095,6.224185552589222,0.1640536166623649,0.9712454452094578,0.21698194325583633,0.9064450428408589,0.40786799015256336,0.8364437784025105,7.060634131491666,10.657256596767963,0.2355965161518623,0.9483494723848696,0.3729163382971006,0.7834536597990688,0.6895664718997685,0.6768502740503938,13.950935078507168,17.13257943855723,0.25481155931154664,0.9662922388984364,0.5270265711746842,0.13069979046458494,0.9110705832203283,0.9170367275406616,wang,0.2,1.0,0.0,12.0
Subj12,walk_54,1.5,69.0,5968,0.0,0.564000000000004,0.9574691967706204,True,12.586905624291466,4.528241894748363,3.8677271191329354,2.4581762723272007,3.0357029134076527,0.23204865583679798,0.9531070836567244,0.24193117731629413,0.8655054651995033,0.48377020956741656,0.6955898009772181,3.3592308816239727,4.996665055794033,0.16329089606110483,0.9722059365646573,0.21367891159608882,0.9048891994628911,0.38701702330346,0.834579973809873,7.060634131491666,10.657256596767963,0.2355965161518623,0.9483494723848696,0.3729163382971006,0.7834536597990688,0.6895664718997685,0.6768502740503938,13.950935078507168,17.13257943855723,0.25481155931154664,0.9662922388984364,0.5270265711746842,0.13069979046458494,0.9110705832203283,0.9170367275406616,wang,0.4,0.5,0.0,12.0
Subj12,walk_54,1.5,69.0,5968,0.0,0.564000000000004,0.9574691967706204,True,12.586905624291466,4.528241894748363,3.8677271191329354,2.837381195042066,4.151716010418783,0.23517642387490886,0.9498305664914067,0.21110351190961507,0.8820091388423988,0.4473412931457444,0.7731793738341992,4.277115355525394,6.598518582324071,0.16537983188565408,0.971545139944344,0.21864682016693454,0.9036086583919962,0.4020973856830326,0.8615530653112049,7.060634131491666,10.657256596767963,0.2355965161518623,0.9483494723848696,0.3729163382971006,0.7834536597990688,0.6895664718997685,0.6768502740503938,13.950935078507168,17.13257943855723,0.25481155931154664,0.9662922388984364,0.5270265711746842,0.13069979046458494,0.9110705832203283,0.9170367275406616,wang,0.2,2.0,0.0,12.0
Subj12,walk_54,1.5,69.0,5968,0.0,0.564000000000004,0.9574691967706204,True,12.586905624291466,4.528241894748363,3.8677271191329354,2.3972368969111035,3.111476820144473,0.23091794296735427,0.9515674952927294,0.20416812938981815,0.9130409782935269,0.4372411537188418,0.7533215057763649,3.418436509605631,5.184363044884212,0.16717578372642633,0.9700117600865622,0.21041548059536405,0.9191422083515088,0.3924743430008116,0.8260647412443385,7.060634131491666,10.657256596767963,0.2355965161518623,0.9483494723848696,0.3729163382971006,0.7834536597990688,0.6895664718997685,0.6768502740503938,13.950935078507168,17.13257943855723,0.25481155931154664,0.9662922388984364,0.5270265711746842,0.13069979046458494,0.9110705832203283,0.9170367275406616,wang,0.3,0.5,2.0,5.0
Subj12,walk_54,1.5,69.0,5968,0.0,0.564000000000004,0.9574691967706204,True,12.586905624291466,4.528241894748363,3.8677271191329354,2.431124542815462,3.2434846080645574,0.22962342354371248,0.9530452117868459,0.20380648799265522,0.9095324860803288,0.42633842506142033,0.7743368423445105,3.4706779682390243,5.311528305443984,0.16761284935350365,0.9703298782066061,0.2144069021744361,0.9098340021564256,0.3892999174474785,0.8356608995715611,7.060634131491666,10.657256596767963,0.2355965161518623,0.9483494723848696,0.3729163382971006,0.7834536597990688,0.6895664718997685,0.6768502740503938,13.950935078507168,17.13257943855723,0.25481155931154664,0.9662922388984364,0.5270265711746842,0.13069979046458494,0.9110705832203283,0.9170367275406616,wang,0.4,0.5,2.0,5.0
Subj12,walk_54,1.5,69.0,5968,0.0,0.564000000000004,0.9574691967706204,True,12.586905624291466,4.528241894748363,3.8677271191329354,2.3752462597777786,3.1457380289179153,0.23247816096374072,0.9519424477240989,0.2330473793582104,0.8800927262407539,0.480972819729882,0.6813423701386897,3.4921372182395687,5.2091930607043535,0.16394229090285484,0.9713812728729375,0.21295397322969392,0.9137420067717401,0.39912952980599037,0.8196790782521679,7.060634131491666,10.657256596767963,0.2355965161518623,0.9483494723848696,0.3729163382971006,0.7834536597990688,0.6895664718997685,0.6768502740503938,13.950935078507168,17.13257943855723,0.25481155931154664,0.9662922388984364,0.5270265711746842,0.13069979046458494,0.9110705832203283,0.9170367275406616,wang,0.3,0.5,2.0,8.0
Subj12,walk_54,1.5,69.0,5968,0.0,0.564000000000004,0.9574691967706204,True,12.586905624291466,4.528241894748363,3.8677271191329354,2.270740438378414,2.937212309110768,0.23081654753643643,0.9536496698330496,0.23105840639598302,0.8788367580438832,0.467254182684306,0.7162811647622925,3.346387927473398,5.001207838520411,0.16423907890255962,0.9718480522634844,0.2139278046286873,0.908605865989209,0.3902398920183652,0.8314923995003233,7.060634131491666,10.657256596767963,0.2355965161518623,0.9483494723848696,0.3729163382971006,0.7834536597990688,0.6895664718997685,0.6768502740503938,13.950935078507168,17.13257943855723,0.25481155931154664,0.9662922388984364,0.5270265711746842,0.13069979046458494,0.9110705832203283,0.9170367275406616,wang,0.4,0.5,2.0,8.0
