stance,ds,ankle,knee,hip,subject,trial,layer,n_strides,h_vpp,w_prior,w_torque,fc_smooth
3.078301081893581,4.189895302616963,0.028153931959968074,0.11748098966739824,0.21954213815529527,AB06,treadmill_01_01,camargo_treadmill,116,0.3,1.0,0.0,12.0
3.103835734862248,4.190639357830608,0.027349247666019285,0.11866095605742415,0.22168124191094887,AB06,treadmill_01_01,camargo_treadmill,116,0.3,2.0,0.0,12.0
3.2083173477571307,4.3616254357131625,0.030672525540956907,0.12216590180123518,0.22854583745322776,AB06,treadmill_01_01,camargo_treadmill,116,0.4,1.0,0.0,12.0
3.267685856573063,4.299245298356987,0.030013435069190655,0.12465335901040395,0.233085360798198,AB06,treadmill_01_01,camargo_treadmill,116,0.3,0.5,0.0,12.0
3.17748853743317,4.18597115501372,0.027508148994856173,0.12154728299666753,0.22689963621390852,AB06,treadmill_01_01,camargo_treadmill,116,0.2,0.5,0.0,12.0
3.2082124075371605,4.333259592277931,0.029905983193032334,0.12236991746166909,0.22877419717444167,AB06,treadmill_01_01,camargo_treadmill,116,0.4,2.0,0.0,12.0
3.0221757339270847,4.12246226657917,0.025536332379721034,0.11569863813285095,0.21585059304795892,AB06,treadmill_01_01,camargo_treadmill,116,0.2,1.0,0.0,12.0
3.4043002857810056,4.491104920739774,0.03238156763749495,0.12960347592488686,0.24261022860123543,AB06,treadmill_01_01,camargo_treadmill,116,0.4,0.5,0.0,12.0
3.1036170599654076,4.174614160070279,0.024755438332931198,0.11901108641960954,0.22207533056146683,AB06,treadmill_01_01,camargo_treadmill,116,0.2,2.0,0.0,12.0
3.063320931135804,4.329403665216176,0.028542217755873983,0.11662200870314482,0.21764145027007656,AB06,treadmill_01_01,camargo_treadmill,116,0.3,0.5,2.0,5.0
3.163228936426868,4.430175349292659,0.029489895292883272,0.12040098080756136,0.22468548201312621,AB06,treadmill_01_01,camargo_treadmill,116,0.4,0.5,2.0,5.0
3.1410691331355785,4.351635311540874,0.028853203163075446,0.11965893160738127,0.22366644756045434,AB06,treadmill_01_01,camargo_treadmill,116,0.3,0.5,2.0,8.0
3.2499047680935282,4.479905923716125,0.030358309524218655,0.12368623273649013,0.23128205836675836,AB06,treadmill_01_01,camargo_treadmill,116,0.4,0.5,2.0,8.0
3.044028292725549,4.316455165363409,0.02817251634258772,0.11593704241206321,0.21680624094618176,AB06,treadmill_02_01,camargo_treadmill,120,0.3,1.0,0.0,12.0
3.0803047287663987,4.323440615428503,0.027407663423066428,0.1175255978223681,0.21963971523811265,AB06,treadmill_02_01,camargo_treadmill,120,0.3,2.0,0.0,12.0
3.170355626687945,4.478255613670344,0.030757599176684334,0.12049882476801166,0.22560097799998144,AB06,treadmill_02_01,camargo_treadmill,120,0.4,1.0,0.0,12.0
3.2015373297698497,4.403794868732518,0.029895719237991312,0.12187527109639812,0.22809322850802627,AB06,treadmill_02_01,camargo_treadmill,120,0.3,0.5,0.0,12.0
3.11615353705123,4.300416698181876,0.027304436332501323,0.11893685565655439,0.22219382771405044,AB06,treadmill_02_01,camargo_treadmill,120,0.2,0.5,0.0,12.0
3.1827774644039937,4.4560802260667,0.030026024523100638,0.12119119732303514,0.22666280462222588,AB06,treadmill_02_01,camargo_treadmill,120,0.4,2.0,0.0,12.0
2.9930984432709997,4.260480968692273,0.025472761012660092,0.11432718225181687,0.21341178275855394,AB06,treadmill_02_01,camargo_treadmill,120,0.2,1.0,0.0,12.0
3.3350369808276334,4.5879365607644855,0.03233479592612516,0.12671645149557062,0.23743913810833456,AB06,treadmill_02_01,camargo_treadmill,120,0.4,0.5,0.0,12.0
3.083868078583164,4.318852823828647,0.024743431457929323,0.11798158207828008,0.22021580764597684,AB06,treadmill_02_01,camargo_treadmill,120,0.2,2.0,0.0,12.0
3.0383963363276623,4.341517195180868,0.02821761502246337,0.11556804512322527,0.21578737806639084,AB06,treadmill_02_01,camargo_treadmill,120,0.3,0.5,2.0,5.0
3.141105044446401,4.44795172774954,0.029179650192417136,0.11946103193610336,0.2230463712896827,AB06,treadmill_02_01,camargo_treadmill,120,0.4,0.5,2.0,5.0
3.075662005702087,4.374038846238566,0.028526351589584883,0.11695448160448883,0.21881247505019816,AB06,treadmill_02_01,camargo_treadmill,120,0.3,0.5,2.0,8.0
3.1852362713788778,4.503981366794987,0.03003368674652671,0.12102374629961483,0.22650461084502188,AB06,treadmill_02_01,camargo_treadmill,120,0.4,0.5,2.0,8.0
3.3236359525271624,4.776662157938898,0.03152026341005367,0.12581350406972439,0.23556515294836186,AB06,treadmill_03_01,camargo_treadmill,123,0.3,1.0,0.0,12.0
3.2758169525147274,4.693288408951919,0.029975965276350977,0.12425677195543937,0.23246032001327488,AB06,treadmill_03_01,camargo_treadmill,123,0.3,2.0,0.0,12.0
3.4677200640801025,4.946651652021959,0.03434241405697183,0.13097223431639085,0.24556844310193365,AB06,treadmill_03_01,camargo_treadmill,123,0.4,1.0,0.0,12.0
3.5755313586317734,4.96706375219626,0.03412885766622606,0.13525823456263264,0.2534880790000177,AB06,treadmill_03_01,camargo_treadmill,123,0.3,0.5,0.0,12.0
3.467999268922246,4.8460168258102865,0.03127947716555482,0.13155586186578047,0.24606497827307222,AB06,treadmill_03_01,camargo_treadmill,123,0.2,0.5,0.0,12.0
3.39465447856109,4.828736915384001,0.03283924016638191,0.1284654080205014,0.24059956537750216,AB06,treadmill_03_01,camargo_treadmill,123,0.4,2.0,0.0,12.0
3.2486996200092872,4.708028760035674,0.028530221205468616,0.1233761480765326,0.2305058005182614,AB06,treadmill_03_01,camargo_treadmill,123,0.2,1.0,0.0,12.0
3.7239316243452856,5.161461717898673,0.03677530512809782,0.1405941471300754,0.26383882793257085,AB06,treadmill_03_01,camargo_treadmill,123,0.4,0.5,0.0,12.0
3.2605203615696188,4.685439123595825,0.027018816191481675,0.1240813896851556,0.23171947393967898,AB06,treadmill_03_01,camargo_treadmill,123,0.2,2.0,0.0,12.0
3.3460679523527426,4.735461910199689,0.031380400395715415,0.1266380690236829,0.23667278375091766,AB06,treadmill_03_01,camargo_treadmill,123,0.3,0.5,2.0,5.0
3.4598980045077647,4.84415378879439,0.032414864806962415,0.13094124162054027,0.24470651170069885,AB06,treadmill_03_01,camargo_treadmill,123,0.4,0.5,2.0,5.0
3.435024695224696,4.898838756225114,0.03246456986716106,0.12986620792947814,0.24326570453288426,AB06,treadmill_03_01,camargo_treadmill,123,0.3,0.5,2.0,8.0
3.5578963785248807,5.034125700737807,0.03408211161915436,0.13441385181654836,0.2518756988543201,AB06,treadmill_03_01,camargo_treadmill,123,0.4,0.5,2.0,8.0
3.2848388096937042,4.844021177489001,0.03058118323681197,0.12382028370388236,0.23194741145105782,AB06,treadmill_04_01,camargo_treadmill,123,0.3,1.0,0.0,12.0
3.2914797098921373,4.788744046447657,0.02934486237114494,0.1243897407210886,0.23266263763653555,AB06,treadmill_04_01,camargo_treadmill,123,0.3,2.0,0.0,12.0
3.4107237007278086,4.980933514786733,0.03346377123179379,0.1281941860051456,0.24068145540331995,AB06,treadmill_04_01,camargo_treadmill,123,0.4,1.0,0.0,12.0
3.4935216754977807,4.991692697642669,0.032874913769603525,0.13157222513644354,0.24683855022666024,AB06,treadmill_04_01,camargo_treadmill,123,0.3,0.5,0.0,12.0
3.410533643294389,4.913947986938014,0.029957317087264842,0.12890216728433093,0.24111133260879197,AB06,treadmill_04_01,camargo_treadmill,123,0.2,0.5,0.0,12.0
3.386595351420148,4.885015828818203,0.032234792566525394,0.12760073171803812,0.23915288515860691,AB06,treadmill_04_01,camargo_treadmill,123,0.4,2.0,0.0,12.0
3.2437404252905306,4.829741158785166,0.027568240542810082,0.12277806255446248,0.22921666605774893,AB06,treadmill_04_01,camargo_treadmill,123,0.2,1.0,0.0,12.0
3.6294222989477696,5.160768906245568,0.0356087867212972,0.13634710462975305,0.25630836573011356,AB06,treadmill_04_01,camargo_treadmill,123,0.4,0.5,0.0,12.0
3.3170961970223694,4.843561260678076,0.02641517872450799,0.12587981027377484,0.23473023138511886,AB06,treadmill_04_01,camargo_treadmill,123,0.2,2.0,0.0,12.0
3.2917202957120875,4.67995964912473,0.030081212285836618,0.12423332138554571,0.23225832274782804,AB06,treadmill_04_01,camargo_treadmill,123,0.3,0.5,2.0,5.0
3.409213450933055,4.790266655560949,0.031113697201532276,0.12866279577240583,0.24052069216932692,AB06,treadmill_04_01,camargo_treadmill,123,0.4,0.5,2.0,5.0
3.326912982617681,4.818235454445634,0.030822779811199352,0.12533497090150084,0.23497582449886242,AB06,treadmill_04_01,camargo_treadmill,123,0.3,0.5,2.0,8.0
3.44550124597176,4.943906710090595,0.03245680479352326,0.12968464033611443,0.24326471233916852,AB06,treadmill_04_01,camargo_treadmill,123,0.4,0.5,2.0,8.0
3.6139210776020447,5.270865261972266,0.034735365577715095,0.13563062146292656,0.2539553347054296,AB06,treadmill_05_01,camargo_treadmill,123,0.3,1.0,0.0,12.0
3.5066710512798633,5.145213816319159,0.03273398273803079,0.13184401753627722,0.2465706177281173,AB06,treadmill_05_01,camargo_treadmill,123,0.3,2.0,0.0,12.0
3.764980265709435,5.455587185347613,0.03792911907544121,0.14089883002406692,0.26437485397198174,AB06,treadmill_05_01,camargo_treadmill,123,0.4,1.0,0.0,12.0
3.939701441100961,5.499718240035761,0.037907116794957285,0.14782868252194165,0.27706249727581445,AB06,treadmill_05_01,camargo_treadmill,123,0.3,0.5,0.0,12.0
3.8302983323111404,5.3676717975632835,0.034672333778378035,0.14422204017911472,0.2695631222283515,AB06,treadmill_05_01,camargo_treadmill,123,0.2,0.5,0.0,12.0
3.6309442002964722,5.290742518505648,0.03598088151650185,0.13610329615012792,0.255037639541137,AB06,treadmill_05_01,camargo_treadmill,123,0.4,2.0,0.0,12.0
3.543078896070651,5.201022233858918,0.03135054431672558,0.13353353059297274,0.24920711184657562,AB06,treadmill_05_01,camargo_treadmill,123,0.2,1.0,0.0,12.0
4.096004961011876,5.713300494291861,0.04090465831475536,0.1533209938330349,0.2878786155584377,AB06,treadmill_05_01,camargo_treadmill,123,0.4,0.5,0.0,12.0
3.5020575441945696,5.14555461330403,0.02938131460112864,0.13226115384738302,0.24656846485020079,AB06,treadmill_05_01,camargo_treadmill,123,0.2,2.0,0.0,12.0
3.518158468384912,5.054407031224686,0.033445376983784574,0.13210058327833638,0.24704247248668548,AB06,treadmill_05_01,camargo_treadmill,123,0.3,0.5,2.0,5.0
3.6421932596713322,5.174314839334705,0.03454199293351027,0.13677269007276163,0.2557402595582987,AB06,treadmill_05_01,camargo_treadmill,123,0.4,0.5,2.0,5.0
3.669322259034603,5.277956277185747,0.03517139231916032,0.13758135852201356,0.2579360844720135,AB06,treadmill_05_01,camargo_treadmill,123,0.3,0.5,2.0,8.0
3.7980183751622074,5.424333308165757,0.03692875439914051,0.14229209803342988,0.2668936338174218,AB06,treadmill_05_01,camargo_treadmill,123,0.4,0.5,2.0,8.0
3.575489214661999,5.212360960489814,0.03335777148242964,0.13418162935276554,0.2505223240269189,AB06,treadmill_06_01,camargo_treadmill,126,0.3,1.0,0.0,12.0
3.4756236954409627,5.112473693000283,0.03155531247555152,0.13074069518034012,0.2436056775019905,AB06,treadmill_06_01,camargo_treadmill,126,0.3,2.0,0.0,12.0
3.730222732126815,5.365047826550486,0.03660669387929446,0.13957644378635078,0.26119294886696753,AB06,treadmill_06_01,camargo_treadmill,126,0.4,1.0,0.0,12.0
3.893242406736919,5.418473148166913,0.036325692818753794,0.14599255221491783,0.27305926425366894,AB06,treadmill_06_01,camargo_treadmill,126,0.3,0.5,0.0,12.0
3.790657678592672,5.328807948049581,0.03308353777864725,0.14265537846931325,0.2660229099918697,AB06,treadmill_06_01,camargo_treadmill,126,0.2,0.5,0.0,12.0
3.6066098753617784,5.218037283903221,0.03487555821944282,0.1352471351388596,0.252562378699992,AB06,treadmill_06_01,camargo_treadmill,126,0.4,2.0,0.0,12.0
3.510422350475917,5.198631207746422,0.029948047400783925,0.13231067265330418,0.24612020349157127,AB06,treadmill_06_01,camargo_treadmill,126,0.2,1.0,0.0,12.0
4.048900552426705,5.608012843787102,0.03934980814625808,0.1514470027771771,0.28380473678334506,AB06,treadmill_06_01,camargo_treadmill,126,0.4,0.5,0.0,12.0
3.478062814672088,5.181381232493518,0.028177095226682,0.1314203413982671,0.24398779517592406,AB06,treadmill_06_01,camargo_treadmill,126,0.2,2.0,0.0,12.0
3.5747039289951257,5.020972438398951,0.03235830050282399,0.13438700152170374,0.25010789410505035,AB06,treadmill_06_01,camargo_treadmill,126,0.3,0.5,2.0,5.0
3.712170729902869,5.1431249027955435,0.033514794261328675,0.1395589725084333,0.2596916744440858,AB06,treadmill_06_01,camargo_treadmill,126,0.4,0.5,2.0,5.0
3.6483142538587967,5.207449376323412,0.033598644961736555,0.1368162740328976,0.2557417432548539,AB06,treadmill_06_01,camargo_treadmill,126,0.3,0.5,2.0,8.0
3.784350913162927,5.344288643851358,0.03538395176554355,0.1418014909468822,0.26516517896120073,AB06,treadmill_06_01,camargo_treadmill,126,0.4,0.5,2.0,8.0
3.713433870687857,5.375233038138864,0.03502608896877981,0.13915138594092186,0.2591689360139643,AB06,treadmill_07_01,camargo_treadmill,130,0.3,1.0,0.0,12.0
3.576622365152146,5.270751263294156,0.03304257353816694,0.13425007875362252,0.24977250896201578,AB06,treadmill_07_01,camargo_treadmill,130,0.3,2.0,0.0,12.0
3.896327476700903,5.580569223984287,0.038353537626997024,0.14564249233780718,0.2716848080655681,AB06,treadmill_07_01,camargo_treadmill,130,0.4,1.0,0.0,12.0
4.062825864297819,5.599950668147836,0.03822757197567624,0.15219977741090093,0.2837283304682018,AB06,treadmill_07_01,camargo_treadmill,130,0.3,0.5,0.0,12.0
3.9303168364829557,5.450863202324859,0.03492214884279351,0.14768852305676905,0.27471646444645154,AB06,treadmill_07_01,camargo_treadmill,130,0.2,0.5,0.0,12.0
3.742809126033159,5.435884900583366,0.03647979333768368,0.14011871688433541,0.2610529702700438,AB06,treadmill_07_01,camargo_treadmill,130,0.4,2.0,0.0,12.0
3.6106257725154927,5.294960673970488,0.03151491790770744,0.1358089132592823,0.25226996920439226,AB06,treadmill_07_01,camargo_treadmill,130,0.2,1.0,0.0,12.0
4.240416215712058,5.83484566338153,0.04130003583675276,0.1585132427416992,0.29591019387192546,AB06,treadmill_07_01,camargo_treadmill,130,0.4,0.5,0.0,12.0
3.5342363253694913,5.266462802506896,0.029509295517476802,0.13319521230565196,0.24716627353340428,AB06,treadmill_07_01,camargo_treadmill,130,0.2,2.0,0.0,12.0
3.7381620861099103,5.339351549190534,0.03447857018306203,0.14011251608088635,0.26021013683029676,AB06,treadmill_07_01,camargo_treadmill,130,0.3,0.5,2.0,5.0
3.88162491959951,5.47385978552518,0.03564930475452289,0.1455104289371748,0.2701772725463325,AB06,treadmill_07_01,camargo_treadmill,130,0.4,0.5,2.0,5.0
3.80593457555401,5.438593066288953,0.0356646834254066,0.1424572377821879,0.2655469038076835,AB06,treadmill_07_01,camargo_treadmill,130,0.3,0.5,2.0,8.0
3.958422996960514,5.607105843350522,0.037500264937316556,0.14806886276521436,0.27605359846734007,AB06,treadmill_07_01,camargo_treadmill,130,0.4,0.5,2.0,8.0
3.8405175515581704,5.579057710978537,0.03694152994669375,0.1439160518616094,0.26748821699398895,AB06,treadmill_08_01,camargo_treadmill,130,0.3,1.0,0.0,12.0
3.691924995358352,5.466035523860179,0.03483588033458662,0.13857824252160286,0.25726088826717347,AB06,treadmill_08_01,camargo_treadmill,130,0.3,2.0,0.0,12.0
4.045812661449591,5.807687317461115,0.04053514985974197,0.15127100598959575,0.2815165751880388,AB06,treadmill_08_01,camargo_treadmill,130,0.4,1.0,0.0,12.0
4.200808170922124,5.829024981145754,0.040339334685358025,0.1573512185017867,0.2927211100953662,AB06,treadmill_08_01,camargo_treadmill,130,0.3,0.5,0.0,12.0
4.0515556448630345,5.656025897491542,0.036785655093642074,0.15220142450616989,0.2826025271205098,AB06,treadmill_08_01,camargo_treadmill,130,0.2,0.5,0.0,12.0
3.8829460529414894,5.646548577004457,0.03857549702497622,0.1454242342757301,0.2702560817198706,AB06,treadmill_08_01,camargo_treadmill,130,0.4,2.0,0.0,12.0
3.719388341438338,5.482842925986625,0.03314221866383714,0.1398576042898916,0.2593404494686444,AB06,treadmill_08_01,camargo_treadmill,130,0.2,1.0,0.0,12.0
4.397042549578112,6.091148284799812,0.04363515038139458,0.16437075902168363,0.3061331790618214,AB06,treadmill_08_01,camargo_treadmill,130,0.4,0.5,0.0,12.0
3.6320600981683215,5.458081189427261,0.030984682459358384,0.13681708539648452,0.2534236148471746,AB06,treadmill_08_01,camargo_treadmill,130,0.2,2.0,0.0,12.0
3.890198857582849,5.524491485368326,0.03590402485302776,0.14604140892330356,0.27030493897855606,AB06,treadmill_08_01,camargo_treadmill,130,0.3,0.5,2.0,5.0
4.044429414487196,5.663908038324773,0.03714168751249576,0.1518602037030204,0.2809925823542125,AB06,treadmill_08_01,camargo_treadmill,130,0.4,0.5,2.0,5.0
3.9270037893641976,5.626331809275738,0.03722990005453309,0.14704439442991932,0.2734974680516054,AB06,treadmill_08_01,camargo_treadmill,130,0.3,0.5,2.0,8.0
4.091041105932569,5.803909685386171,0.03915501899991614,0.15310941982214998,0.28476881887794925,AB06,treadmill_08_01,camargo_treadmill,130,0.4,0.5,2.0,8.0
3.408424147464071,5.1439815214732665,0.029634937002950692,0.11449720938154329,0.21626162022638765,AB07,treadmill_01_01,camargo_treadmill,111,0.3,1.0,0.0,12.0
3.183479768821842,4.837513486385504,0.026790797888717875,0.10737477549211079,0.2020096801076204,AB07,treadmill_01_01,camargo_treadmill,111,0.3,2.0,0.0,12.0
3.651244203664748,5.475896436573844,0.03303207645431925,0.12201945807726823,0.23172485189193556,AB07,treadmill_01_01,camargo_treadmill,111,0.4,1.0,0.0,12.0
3.7463949622635773,5.473994875196478,0.03278977432668549,0.1256007751262111,0.238034490627461,AB07,treadmill_01_01,camargo_treadmill,111,0.3,0.5,0.0,12.0
3.5857510937178936,5.235767150741722,0.02939557357817534,0.12111369219790052,0.22777701543062004,AB07,treadmill_01_01,camargo_treadmill,111,0.2,0.5,0.0,12.0
3.4358274755432765,5.15009881598642,0.030232917203904114,0.11519769932821133,0.21807332920835826,AB07,treadmill_01_01,camargo_treadmill,111,0.4,2.0,0.0,12.0
3.271969152420966,4.966536925014236,0.02622281286339154,0.11095511623464525,0.20750492676693333,AB07,treadmill_01_01,camargo_treadmill,111,0.2,1.0,0.0,12.0
3.9733301746564815,5.821700067446097,0.0360358031445442,0.13263258630157485,0.2524606156620355,AB07,treadmill_01_01,camargo_treadmill,111,0.4,0.5,0.0,12.0
3.087610314662428,4.724142200451785,0.023544914496440063,0.10529727593831666,0.19584809876376683,AB07,treadmill_01_01,camargo_treadmill,111,0.2,2.0,0.0,12.0
3.673219122882729,5.285434406984971,0.031684988522809196,0.12319188118398511,0.23327226066789686,AB07,treadmill_01_01,camargo_treadmill,111,0.3,0.5,2.0,5.0
3.858093925941057,5.5199418660176995,0.03313031922079434,0.12946677282304286,0.24501258857853564,AB07,treadmill_01_01,camargo_treadmill,111,0.4,0.5,2.0,5.0
3.6481757254012797,5.343794281273422,0.03238059426451691,0.12201601176275292,0.23175459707227095,AB07,treadmill_01_01,camargo_treadmill,111,0.3,0.5,2.0,8.0
3.8537196602616572,5.639067134535724,0.03458571049957013,0.1287188913101764,0.24479156232516444,AB07,treadmill_01_01,camargo_treadmill,111,0.4,0.5,2.0,8.0
3.6779599259889055,5.606357455682393,0.03296998463885071,0.12261630575227658,0.23234484603449534,AB07,treadmill_02_01,camargo_treadmill,113,0.3,1.0,0.0,12.0
3.435626048528607,5.246638759320853,0.029982893809285704,0.11493873974518551,0.21709831841857186,AB07,treadmill_02_01,camargo_treadmill,113,0.3,2.0,0.0,12.0
3.962749494122624,5.996254822889591,0.036659353709012216,0.13150828288783953,0.2504234765055431,AB07,treadmill_02_01,camargo_treadmill,113,0.4,1.0,0.0,12.0
4.032011988079417,5.986895637716013,0.036307446174134596,0.1342166143380505,0.2550188006733562,AB07,treadmill_02_01,camargo_treadmill,113,0.3,0.5,0.0,12.0
3.824738270212541,5.682681801159613,0.032579967271647914,0.1282277360919446,0.24183790034596642,AB07,treadmill_02_01,camargo_treadmill,113,0.2,0.5,0.0,12.0
3.73430593723043,5.625407982588601,0.033758895219010904,0.12427136201129844,0.23603640417195834,AB07,treadmill_02_01,camargo_treadmill,113,0.4,2.0,0.0,12.0
3.487650654899357,5.3543313406935935,0.029155019655234024,0.11734715231170317,0.22022355560389034,AB07,treadmill_02_01,camargo_treadmill,113,0.2,1.0,0.0,12.0
4.29503139299441,6.384699826393896,0.03979727133453899,0.14242370927684792,0.2716976778051513,AB07,treadmill_02_01,camargo_treadmill,113,0.4,0.5,0.0,12.0
3.2807399891858258,5.050511313164794,0.02626642978924171,0.11098679402432521,0.20726916243362561,AB07,treadmill_02_01,camargo_treadmill,113,0.2,2.0,0.0,12.0
4.037738420375852,5.836184316205791,0.03563343815481386,0.13456522072696028,0.2555949198196509,AB07,treadmill_02_01,camargo_treadmill,113,0.3,0.5,2.0,5.0
4.239944729729066,6.0892776653020295,0.037156966702318564,0.14144258393814152,0.2684339520129208,AB07,treadmill_02_01,camargo_treadmill,113,0.4,0.5,2.0,5.0
3.95634385943151,5.8644462816330885,0.03614155431422197,0.13135803447435307,0.2502762530887598,AB07,treadmill_02_01,camargo_treadmill,113,0.3,0.5,2.0,8.0
4.190733987866288,6.195431658848678,0.038494010174418725,0.13904352911291343,0.26514442294511303,AB07,treadmill_02_01,camargo_treadmill,113,0.4,0.5,2.0,8.0
3.999599881992208,6.0608010157851995,0.036182282006041545,0.13343984538487416,0.2528468078618093,AB07,treadmill_03_01,camargo_treadmill,115,0.3,1.0,0.0,12.0
3.644829896146787,5.577919747698678,0.032153153285307615,0.12204713034626623,0.23042505097768753,AB07,treadmill_03_01,camargo_treadmill,115,0.3,2.0,0.0,12.0
4.29873060571558,6.464692213720133,0.04020555109388125,0.14276844856533596,0.2718369808559573,AB07,treadmill_03_01,camargo_treadmill,115,0.4,1.0,0.0,12.0
4.458620743330661,6.54807795441126,0.040494400880183884,0.1485162650526084,0.282247453261127,AB07,treadmill_03_01,camargo_treadmill,115,0.3,0.5,0.0,12.0
4.230378967933242,6.215337797856848,0.036383624308624817,0.14186104586837478,0.26775328705738066,AB07,treadmill_03_01,camargo_treadmill,115,0.2,0.5,0.0,12.0
3.9579490575273786,5.964834990784072,0.036271649490587636,0.13182017041407404,0.2502985902924315,AB07,treadmill_03_01,camargo_treadmill,115,0.4,2.0,0.0,12.0
3.790442272875438,5.7934406761826285,0.031969197717576676,0.12757921127648977,0.2395125958051265,AB07,treadmill_03_01,camargo_treadmill,115,0.2,1.0,0.0,12.0
4.735525946176081,6.966519129745396,0.04429620917065706,0.1571464786789861,0.2997889547833288,AB07,treadmill_03_01,camargo_treadmill,115,0.4,0.5,0.0,12.0
3.477380799050696,5.380663828284616,0.028056488309877125,0.1177184635501656,0.21975323998379737,AB07,treadmill_03_01,camargo_treadmill,115,0.2,2.0,0.0,12.0
4.350886988035308,6.1960649375909025,0.0385679005834033,0.14517641761251776,0.27559872878445796,AB07,treadmill_03_01,camargo_treadmill,115,0.3,0.5,2.0,5.0
4.56379748265722,6.459045708398678,0.04020025826166176,0.152416359806998,0.28909380313040267,AB07,treadmill_03_01,camargo_treadmill,115,0.4,0.5,2.0,5.0
4.327979138917112,6.336770067094809,0.039957814848843774,0.14375554463559562,0.2741061618521193,AB07,treadmill_03_01,camargo_treadmill,115,0.3,0.5,2.0,8.0
4.576912110526829,6.688376991356929,0.04250502687670869,0.15192305816177762,0.28985960860205806,AB07,treadmill_03_01,camargo_treadmill,115,0.4,0.5,2.0,8.0
4.220691852969955,6.395791433007676,0.03890640631310623,0.14058265303602932,0.26610033652886744,AB07,treadmill_04_01,camargo_treadmill,120,0.3,1.0,0.0,12.0
3.8046723704090155,5.841208839198724,0.0343449643136781,0.1271309716180961,0.23988000210834723,AB07,treadmill_04_01,camargo_treadmill,120,0.3,2.0,0.0,12.0
4.529127982218795,6.8168940023060145,0.04304751436020816,0.15022132933966334,0.28562317948229343,AB07,treadmill_04_01,camargo_treadmill,120,0.4,1.0,0.0,12.0
4.742206367161222,6.953600753443654,0.043752355497477885,0.15776983105383896,0.29939182776696194,AB07,treadmill_04_01,camargo_treadmill,120,0.3,0.5,0.0,12.0
4.502577461402541,6.600276964168775,0.039505018881469726,0.15073695215162214,0.28423737602014326,AB07,treadmill_04_01,camargo_treadmill,120,0.2,0.5,0.0,12.0
4.126137817866193,6.248034963260574,0.038587269876216794,0.13717366971103856,0.2602092811605061,AB07,treadmill_04_01,camargo_treadmill,120,0.4,2.0,0.0,12.0
3.9992340684173064,6.103125365478113,0.03453956546552397,0.13432334608234883,0.2520731382394253,AB07,treadmill_04_01,camargo_treadmill,120,0.2,1.0,0.0,12.0
5.027647266602599,7.385789160074245,0.04765973102115206,0.16668705574363304,0.31743152639590966,AB07,treadmill_04_01,camargo_treadmill,120,0.4,0.5,0.0,12.0
3.6272613574917796,5.615890420722471,0.03008613928861139,0.12250397669274798,0.22869016126683234,AB07,treadmill_04_01,camargo_treadmill,120,0.2,2.0,0.0,12.0
4.539835251605951,6.449315634645311,0.041232273004459814,0.15118367897608767,0.286898513880186,AB07,treadmill_04_01,camargo_treadmill,120,0.3,0.5,2.0,5.0
4.752686399966562,6.712578947858136,0.04287993723326751,0.15842690280650565,0.3003749956356387,AB07,treadmill_04_01,camargo_treadmill,120,0.4,0.5,2.0,5.0
4.5944712154232,6.722294733543549,0.04326688769411966,0.15235991290925044,0.2901401816989531,AB07,treadmill_04_01,camargo_treadmill,120,0.3,0.5,2.0,8.0
4.8470842186574545,7.078484836925611,0.04587435623067144,0.16065249029548473,0.30610803757637234,AB07,treadmill_04_01,camargo_treadmill,120,0.4,0.5,2.0,8.0
4.065751635527003,6.0398535024897475,0.03652968722062404,0.13533426204865634,0.2558921252068425,AB07,treadmill_04_2_01,camargo_treadmill,118,0.3,1.0,0.0,12.0
3.611323618958506,5.498023395938796,0.03190514876304538,0.12055368851489678,0.22703751915860526,AB07,treadmill_04_2_01,camargo_treadmill,118,0.3,2.0,0.0,12.0
4.387748061750066,6.463689168672332,0.04065336953938417,0.14542862932092832,0.2763249293997304,AB07,treadmill_04_2_01,camargo_treadmill,118,0.4,1.0,0.0,12.0
4.642339909180977,6.609068719101655,0.04159082237973605,0.15441252845204345,0.2928694122156564,AB07,treadmill_04_2_01,camargo_treadmill,118,0.3,0.5,0.0,12.0
4.396515221460067,6.26176297834794,0.03741524839550974,0.14719109905684347,0.2772427756273116,AB07,treadmill_04_2_01,camargo_treadmill,118,0.2,0.5,0.0,12.0
3.9456311712551018,5.9005455337219015,0.03612667641623863,0.13103361662946367,0.24828073973528425,AB07,treadmill_04_2_01,camargo_treadmill,118,0.4,2.0,0.0,12.0
3.839995612350581,5.766963340489846,0.0322406935426088,0.12895817042036065,0.24142744148954384,AB07,treadmill_04_2_01,camargo_treadmill,118,0.2,1.0,0.0,12.0
4.938150019516635,7.050151528379343,0.045470394259701355,0.1636694888054369,0.31156887239342484,AB07,treadmill_04_2_01,camargo_treadmill,118,0.4,0.5,0.0,12.0
3.4398482573803584,5.3066904814051465,0.027761454764709814,0.11616672281099391,0.21597787956116068,AB07,treadmill_04_2_01,camargo_treadmill,118,0.2,2.0,0.0,12.0
4.576236218908762,6.357659530649904,0.04039519000050626,0.15234892664557087,0.28883524539406336,AB07,treadmill_04_2_01,camargo_treadmill,118,0.3,0.5,2.0,5.0
4.803328835785172,6.63363887688807,0.04206553712271938,0.16009502785734597,0.3031552949046184,AB07,treadmill_04_2_01,camargo_treadmill,118,0.4,0.5,2.0,5.0
4.548997462200483,6.485777639460547,0.041833696171887445,0.15069268617653497,0.2870972053756095,AB07,treadmill_04_2_01,camargo_treadmill,118,0.3,0.5,2.0,8.0
4.817997213634184,6.861025438807867,0.04446542255572593,0.15954847785569787,0.30405381078801447,AB07,treadmill_04_2_01,camargo_treadmill,118,0.4,0.5,2.0,8.0
4.013524471718993,5.932989626547819,0.036209592398460465,0.13360225649976298,0.2530360018474403,AB07,treadmill_05_01,camargo_treadmill,122,0.3,1.0,0.0,12.0
3.6035891723082396,5.443882744668752,0.03187479570371335,0.12030752717784762,0.22704749250442824,AB07,treadmill_05_01,camargo_treadmill,122,0.3,2.0,0.0,12.0
4.342991968861859,6.375980359491894,0.040330570815277,0.1440390704335718,0.2739025404375169,AB07,treadmill_05_01,camargo_treadmill,122,0.4,1.0,0.0,12.0
4.555665076319237,6.47557746997642,0.041055689970994604,0.15153222505607516,0.2877486691533679,AB07,treadmill_05_01,camargo_treadmill,122,0.3,0.5,0.0,12.0
4.304227815402627,6.107940498028029,0.03691616143476388,0.14401062928133176,0.2718420669750456,AB07,treadmill_05_01,camargo_treadmill,122,0.2,0.5,0.0,12.0
3.9472249734627907,5.86241473098101,0.03612313469136147,0.13118842247260137,0.2488492312284359,AB07,treadmill_05_01,camargo_treadmill,122,0.4,2.0,0.0,12.0
3.7805029976816855,5.6412864848502995,0.03193382037398847,0.12686553470181933,0.23820067857250643,AB07,treadmill_05_01,camargo_treadmill,122,0.2,1.0,0.0,12.0
4.857128675060358,6.934996864893756,0.044909085683340864,0.16106892270955617,0.30677185490497755,AB07,treadmill_05_01,camargo_treadmill,122,0.4,0.5,0.0,12.0
3.421247832324178,5.238572112278806,0.027705668402619742,0.11543869181512943,0.21538374932443485,AB07,treadmill_05_01,camargo_treadmill,122,0.2,2.0,0.0,12.0
4.503662003163589,6.2636978494524005,0.039604030934955424,0.1501236347199869,0.28443361266249234,AB07,treadmill_05_01,camargo_treadmill,122,0.3,0.5,2.0,5.0
4.722864748851378,6.526841184251561,0.0412312060676577,0.15759290346557067,0.2982855988532538,AB07,treadmill_05_01,camargo_treadmill,122,0.4,0.5,2.0,5.0
4.466808283010528,6.38299010389354,0.04086991648345341,0.1482124748852738,0.28207193119987006,AB07,treadmill_05_01,camargo_treadmill,122,0.3,0.5,2.0,8.0
4.726120092363387,6.744154856097404,0.04342538829294963,0.156761346069752,0.2984318036077645,AB07,treadmill_05_01,camargo_treadmill,122,0.4,0.5,2.0,8.0
4.527612116465225,6.78419780097344,0.0424744468999996,0.14996286617995822,0.28349348734513524,AB07,treadmill_06_01,camargo_treadmill,121,0.3,1.0,0.0,12.0
3.9724663786489636,6.1107044687021705,0.03665658909654294,0.13191640147474598,0.24844775578480705,AB07,treadmill_06_01,camargo_treadmill,121,0.3,2.0,0.0,12.0
4.852841282760735,7.205969060667365,0.04688767425642847,0.16016274858433954,0.30398764251512556,AB07,treadmill_06_01,camargo_treadmill,121,0.4,1.0,0.0,12.0
5.211585251461651,7.493719471808023,0.04879578600958014,0.17248003901186634,0.3269758550514326,AB07,treadmill_06_01,camargo_treadmill,121,0.3,0.5,0.0,12.0
4.964536964465826,7.144099000981782,0.04435849953585345,0.16517577975107137,0.3114348799870674,AB07,treadmill_06_01,camargo_treadmill,121,0.2,0.5,0.0,12.0
4.3217231805080125,6.514281451924522,0.04127634741491222,0.14290368279152368,0.27051540601845697,AB07,treadmill_06_01,camargo_treadmill,121,0.4,2.0,0.0,12.0
4.291373392425476,6.506619409166238,0.03779732322989156,0.14317998650772004,0.26852073613637545,AB07,treadmill_06_01,camargo_treadmill,121,0.2,1.0,0.0,12.0
5.5027082863169605,7.9285134246777025,0.05286388830442695,0.18157697202080064,0.3452408965989701,AB07,treadmill_06_01,camargo_treadmill,121,0.4,0.5,0.0,12.0
3.7774679943425427,5.914311639717112,0.03198172935739158,0.12666719175825128,0.23600490897297977,AB07,treadmill_06_01,camargo_treadmill,121,0.2,2.0,0.0,12.0
4.905942380888438,6.814568922179702,0.04475190900563028,0.16270660684987967,0.3079953003805748,AB07,treadmill_06_01,camargo_treadmill,121,0.3,0.5,2.0,5.0
5.129183206782164,7.07815056997696,0.04645036729151771,0.17029431859650848,0.3220091308177888,AB07,treadmill_06_01,camargo_treadmill,121,0.4,0.5,2.0,5.0
5.0177107106012295,7.198788117216989,0.04786731579128495,0.1655663444995611,0.31492956271186145,AB07,treadmill_06_01,camargo_treadmill,121,0.3,0.5,2.0,8.0
5.274139159558828,7.5505033112716795,0.0505205572027155,0.17398231388583185,0.3309983416224607,AB07,treadmill_06_01,camargo_treadmill,121,0.4,0.5,2.0,8.0
4.612189224713197,6.819083927905409,0.04239271835990058,0.15279330289812262,0.2881582845029221,AB07,treadmill_07_01,camargo_treadmill,126,0.3,1.0,0.0,12.0
4.040598134854415,6.145477247010282,0.03628669457415834,0.13429291810771285,0.2521707500489144,AB07,treadmill_07_01,camargo_treadmill,126,0.3,2.0,0.0,12.0
4.928771183414958,7.220445879213006,0.046784729827805065,0.16264738301845186,0.30807735219795573,AB07,treadmill_07_01,camargo_treadmill,126,0.4,1.0,0.0,12.0
5.31878387991662,7.549446685369941,0.049104235929642664,0.17595334021064535,0.3329436600525544,AB07,treadmill_07_01,camargo_treadmill,126,0.3,0.5,0.0,12.0
5.0711227541222845,7.204977677925699,0.04469788083011114,0.1686558391484491,0.3174054322853526,AB07,treadmill_07_01,camargo_treadmill,126,0.2,0.5,0.0,12.0
4.36795997639443,6.507688268096569,0.04085643123062096,0.14445593551618302,0.2728281086171988,AB07,treadmill_07_01,camargo_treadmill,126,0.4,2.0,0.0,12.0
4.384675636762787,6.562555092630607,0.03776846187770203,0.14635262670724877,0.2737931807135447,AB07,treadmill_07_01,camargo_treadmill,126,0.2,1.0,0.0,12.0
5.608895538156666,7.976875460228732,0.05315539902413962,0.18498769783849175,0.3511206009359832,AB07,treadmill_07_01,camargo_treadmill,126,0.4,0.5,0.0,12.0
3.8704865819438403,5.994762018241392,0.03172913584187962,0.12994820619764513,0.24136697144123498,AB07,treadmill_07_01,camargo_treadmill,126,0.2,2.0,0.0,12.0
4.993840196616088,6.747568701913371,0.04483859256856683,0.1655369661628681,0.313376337573348,AB07,treadmill_07_01,camargo_treadmill,126,0.3,0.5,2.0,5.0
5.214992139620219,7.0024073500935105,0.04654693220132408,0.1730225486769611,0.32726004013912235,AB07,treadmill_07_01,camargo_treadmill,126,0.4,0.5,2.0,5.0
5.126588026936952,7.236439133774052,0.048095744575528336,0.16915339602832366,0.32117885653527434,AB07,treadmill_07_01,camargo_treadmill,126,0.3,0.5,2.0,8.0
5.383006191098465,7.581471891399162,0.05075583833737712,0.17753743943247513,0.3372455594987124,AB07,treadmill_07_01,camargo_treadmill,126,0.4,0.5,2.0,8.0
4.69072380241405,6.930169465183032,0.04334511231761625,0.1552846164993916,0.2918679085306192,AB07,treadmill_08_01,camargo_treadmill,127,0.3,1.0,0.0,12.0
4.151741281727921,6.31329208163397,0.03754077652289829,0.1378304152450964,0.25801329328988776,AB07,treadmill_08_01,camargo_treadmill,127,0.3,2.0,0.0,12.0
5.018887581004423,7.343644702061035,0.04786853097531536,0.16553051806907898,0.3124135204171787,AB07,treadmill_08_01,camargo_treadmill,127,0.4,1.0,0.0,12.0
5.378813260175132,7.621696177418553,0.04988475111141753,0.17786667216030128,0.3353920555641525,AB07,treadmill_08_01,camargo_treadmill,127,0.3,0.5,0.0,12.0
5.12620409928619,7.272609869673949,0.04537400690832629,0.17041100365032807,0.31961938693247016,AB07,treadmill_08_01,camargo_treadmill,127,0.2,0.5,0.0,12.0
4.490908390042684,6.6810026432530965,0.04225450946050054,0.14839552123869468,0.27931622881148976,AB07,treadmill_08_01,camargo_treadmill,127,0.4,2.0,0.0,12.0
4.462335525289112,6.68059473583964,0.038610122518775755,0.14882465196843223,0.27750404988800204,AB07,treadmill_08_01,camargo_treadmill,127,0.2,1.0,0.0,12.0
5.680048076924409,8.066925602956863,0.05404768991241131,0.18727646231349568,0.3541655912613827,AB07,treadmill_08_01,camargo_treadmill,127,0.4,0.5,0.0,12.0
3.984118188561613,6.179238324846222,0.0328675707679481,0.13357720411465304,0.24739248852335768,AB07,treadmill_08_01,camargo_treadmill,127,0.2,2.0,0.0,12.0
5.114544840746033,6.967346880591909,0.04618278832837978,0.169471481149146,0.319424405842669,AB07,treadmill_08_01,camargo_treadmill,127,0.3,0.5,2.0,5.0
5.345689329943373,7.234921296148328,0.04792328807449701,0.17731070985055944,0.3338486405029955,AB07,treadmill_08_01,camargo_treadmill,127,0.4,0.5,2.0,5.0
5.1540194634819585,7.283911288808711,0.04866139433293362,0.16994435346035547,0.32161628135398895,AB07,treadmill_08_01,camargo_treadmill,127,0.3,0.5,2.0,8.0
5.419384317246991,7.641439772139566,0.05136314468717827,0.17864385204095592,0.3381430749286636,AB07,treadmill_08_01,camargo_treadmill,127,0.4,0.5,2.0,8.0
3.1962522384417107,4.43889772924535,0.02798019244317223,0.11465775677674317,0.22098264474120036,AB08,treadmill_01_01,camargo_treadmill,113,0.3,1.0,0.0,12.0
2.929438772207444,4.263242339550352,0.025914617960774856,0.10510585080225364,0.20216541383703562,AB08,treadmill_01_01,camargo_treadmill,113,0.3,2.0,0.0,12.0
3.4690627526098954,4.8437329417224575,0.030665365061621454,0.12426434299533484,0.23966732148401423,AB08,treadmill_01_01,camargo_treadmill,113,0.4,1.0,0.0,12.0
3.526115037660502,4.640218567285917,0.03025007999543633,0.126602188266242,0.24423298414857653,AB08,treadmill_01_01,camargo_treadmill,113,0.3,0.5,0.0,12.0
3.3233210592686455,4.308362413803971,0.02765558288092623,0.11975460316846513,0.23036969705100507,AB08,treadmill_01_01,camargo_treadmill,113,0.2,0.5,0.0,12.0
3.253778068359339,4.706377959275222,0.028824054703580942,0.11664180069507576,0.22439305320132516,AB08,treadmill_01_01,camargo_treadmill,113,0.4,2.0,0.0,12.0
2.960416078448593,4.087473953046133,0.02518231435277401,0.10661386548785286,0.20483668904042765,AB08,treadmill_01_01,camargo_treadmill,113,0.2,1.0,0.0,12.0
3.7535982332624442,5.013075214525961,0.032700709968660584,0.1345280669719569,0.25978796768228996,AB08,treadmill_01_01,camargo_treadmill,113,0.4,0.5,0.0,12.0
2.655639993847595,3.8814748489616195,0.022937130681577964,0.09565908644122506,0.18342666898076834,AB08,treadmill_01_01,camargo_treadmill,113,0.2,2.0,0.0,12.0
2.989449946786104,4.242013602289092,0.024765468301952892,0.10801802345355449,0.2061388807985578,AB08,treadmill_01_01,camargo_treadmill,113,0.3,0.5,2.0,5.0
3.1443563613755736,4.431637193539451,0.025837014565925038,0.11368434677547533,0.21678630974211657,AB08,treadmill_01_01,camargo_treadmill,113,0.4,0.5,2.0,5.0
3.1000782826323117,4.155018238109188,0.026416437008331475,0.1114869034049266,0.21464597604588093,AB08,treadmill_01_01,camargo_treadmill,113,0.3,0.5,2.0,8.0
3.2796273725154372,4.419050529598789,0.028025368820242924,0.11790301811793479,0.22694106152256766,AB08,treadmill_01_01,camargo_treadmill,113,0.4,0.5,2.0,8.0
3.616959669887082,4.624597379805927,0.029288696467230164,0.12957864734848293,0.24904268540329116,AB08,treadmill_02_01,camargo_treadmill,116,0.3,1.0,0.0,12.0
3.22045818410662,4.4644110193607585,0.02660002619142884,0.11530109246515981,0.22114770913427534,AB08,treadmill_02_01,camargo_treadmill,116,0.3,2.0,0.0,12.0
3.8777266260365226,5.030536128431247,0.03186074266512608,0.13862322240659472,0.2667665054995954,AB08,treadmill_02_01,camargo_treadmill,116,0.4,1.0,0.0,12.0
4.094009170981466,4.826508635441259,0.03238083983081836,0.14683348698763246,0.28253625174544894,AB08,treadmill_02_01,camargo_treadmill,116,0.3,0.5,0.0,12.0
3.9071578295157754,4.50864849426752,0.02999640668959721,0.14064338622831346,0.2698611671850174,AB08,treadmill_02_01,camargo_treadmill,116,0.2,0.5,0.0,12.0
3.5309649518164425,4.905972089500891,0.029438464780353536,0.1261683654727633,0.24227606899605103,AB08,treadmill_02_01,camargo_treadmill,116,0.4,2.0,0.0,12.0
3.4027279094935947,4.294168735358765,0.026669677030163097,0.12244900147576675,0.23448233230809828,AB08,treadmill_02_01,camargo_treadmill,116,0.2,1.0,0.0,12.0
4.311006831425671,5.201427977041426,0.03467715986507305,0.1542961165631284,0.2972542594736105,AB08,treadmill_02_01,camargo_treadmill,116,0.4,0.5,0.0,12.0
2.975761091935605,4.11135675550588,0.023768899659048565,0.1070992062814417,0.20451732768993094,AB08,treadmill_02_01,camargo_treadmill,116,0.2,2.0,0.0,12.0
3.3461607677788283,4.61703873017199,0.026084500581644278,0.1205716332360561,0.22949792447679057,AB08,treadmill_02_01,camargo_treadmill,116,0.3,0.5,2.0,5.0
3.5031792271115494,4.8093053046996275,0.027098479611286443,0.12630413821993175,0.2402515730954464,AB08,treadmill_02_01,camargo_treadmill,116,0.4,0.5,2.0,5.0
3.5361158450347348,4.352451064661664,0.027642957042144214,0.1271343689069975,0.24388443171283514,AB08,treadmill_02_01,camargo_treadmill,116,0.3,0.5,2.0,8.0
3.7056035863887384,4.60676801932033,0.029055973693965922,0.1331695390179396,0.25543404116336865,AB08,treadmill_02_01,camargo_treadmill,116,0.4,0.5,2.0,8.0
4.427072077001048,5.049971655730916,0.03573686250272322,0.160377175322077,0.30844118758724637,AB08,treadmill_03_01,camargo_treadmill,118,0.3,1.0,0.0,12.0
3.7336918240551955,4.789739634709073,0.031184515724986553,0.13497097976895794,0.2590133520973924,AB08,treadmill_03_01,camargo_treadmill,118,0.3,2.0,0.0,12.0
4.699219955602561,5.516647838642564,0.03848867001755042,0.16997379496441178,0.3270289168439334,AB08,treadmill_03_01,camargo_treadmill,118,0.4,1.0,0.0,12.0
5.20083871760021,5.360332585381285,0.04071636912098783,0.18876609558141993,0.3633930827343664,AB08,treadmill_03_01,camargo_treadmill,118,0.3,0.5,0.0,12.0
5.003058574873932,4.971350192431422,0.03817605655258106,0.18203464407485725,0.34989255263806646,AB08,treadmill_03_01,camargo_treadmill,118,0.2,0.5,0.0,12.0
4.0745407840657695,5.301866858688115,0.03430809742131761,0.1471140750142019,0.28233696552117693,AB08,treadmill_03_01,camargo_treadmill,118,0.4,2.0,0.0,12.0
4.188790552108717,4.633979940495269,0.03288972868524561,0.15219234731509204,0.29213825243764335,AB08,treadmill_03_01,camargo_treadmill,118,0.2,1.0,0.0,12.0
5.419499615108798,5.785402019083755,0.04313078560452763,0.19639956677191214,0.37829257929223975,AB08,treadmill_03_01,camargo_treadmill,118,0.4,0.5,0.0,12.0
3.440347948852375,4.336284499470907,0.027994334305784827,0.12477616238123573,0.2389215259019228,AB08,treadmill_03_01,camargo_treadmill,118,0.2,2.0,0.0,12.0
3.7187606396841364,4.855709065522756,0.029207273273488703,0.13526592875725293,0.2573151830962957,AB08,treadmill_03_01,camargo_treadmill,118,0.3,0.5,2.0,5.0
3.8739051026805775,5.0541929543333115,0.03028223423270283,0.14095007761114903,0.2679697280650379,AB08,treadmill_03_01,camargo_treadmill,118,0.4,0.5,2.0,5.0
4.335888683055394,4.76310280442277,0.03393931911265116,0.15748573543411673,0.30249815259614254,AB08,treadmill_03_01,camargo_treadmill,118,0.3,0.5,2.0,8.0
4.501393125401702,5.041544832442723,0.035449320805112726,0.16341107129232518,0.31381266489396226,AB08,treadmill_03_01,camargo_treadmill,118,0.4,0.5,2.0,8.0
4.060890267214663,5.602590374648875,0.03542836603277052,0.14467993073384783,0.2777277339128844,AB08,treadmill_04_01,camargo_treadmill,115,0.3,1.0,0.0,12.0
3.648515872607306,5.3530779351193845,0.032319134502269434,0.1298954987975391,0.24857387748900547,AB08,treadmill_04_01,camargo_treadmill,115,0.3,2.0,0.0,12.0
4.387803574385161,6.126779401238505,0.03860774805531184,0.15613075032733906,0.2997634864770695,AB08,treadmill_04_01,camargo_treadmill,115,0.4,1.0,0.0,12.0
4.575256281492967,5.9165233541575155,0.03908626742190577,0.16322512227846833,0.31389173542443327,AB08,treadmill_04_01,camargo_treadmill,115,0.3,0.5,0.0,12.0
4.330126951162786,5.461464473459437,0.036082503755522945,0.15495507716416548,0.29743729786446765,AB08,treadmill_04_01,camargo_treadmill,115,0.2,0.5,0.0,12.0
4.049802839880183,5.924201325580392,0.03585773729554805,0.14411419470546113,0.27569965929259493,AB08,treadmill_04_01,camargo_treadmill,115,0.4,2.0,0.0,12.0
3.7674194225306565,5.117417035480148,0.032086427995912804,0.13467639448113106,0.25796815106626464,AB08,treadmill_04_01,camargo_treadmill,115,0.2,1.0,0.0,12.0
4.8397468810170405,6.395294473588454,0.041901086195354174,0.1723846612750631,0.33166294606243074,AB08,treadmill_04_01,camargo_treadmill,115,0.4,0.5,0.0,12.0
3.294414306222071,4.830745402769308,0.02865048632867245,0.11766571953064058,0.22467926037833433,AB08,treadmill_04_01,camargo_treadmill,115,0.2,2.0,0.0,12.0
3.758168294524575,5.499834864038877,0.031158667156189212,0.13492050248814008,0.25550751322567766,AB08,treadmill_04_01,camargo_treadmill,115,0.3,0.5,2.0,5.0
3.9303001744636465,5.713443478190215,0.03234463459189239,0.14120731484644677,0.2672110883943386,AB08,treadmill_04_01,camargo_treadmill,115,0.4,0.5,2.0,5.0
3.9562568321886937,5.357821629499113,0.033809430133445284,0.14133118087931923,0.27095863318648167,AB08,treadmill_04_01,camargo_treadmill,115,0.3,0.5,2.0,8.0
4.153318209604579,5.6704815609179455,0.035551880957657225,0.14836139453305772,0.28426491748048516,AB08,treadmill_04_01,camargo_treadmill,115,0.4,0.5,2.0,8.0
4.143738749163889,5.704427596018025,0.03654977024327002,0.14943561985715895,0.285705002103057,AB08,treadmill_05_01,camargo_treadmill,123,0.3,1.0,0.0,12.0
3.7279003039639895,5.43378047638262,0.0333096978444837,0.13436518575218323,0.2561748038075684,AB08,treadmill_05_01,camargo_treadmill,123,0.3,2.0,0.0,12.0
4.452978976977141,6.17944124867441,0.03966681847567037,0.1603751897104925,0.30677641604823525,AB08,treadmill_05_01,camargo_treadmill,123,0.4,1.0,0.0,12.0
4.650692925267285,6.017455494274706,0.040250371204415145,0.1679021519884039,0.32156415917879827,AB08,treadmill_05_01,camargo_treadmill,123,0.3,0.5,0.0,12.0
4.4199623025787265,5.616588155215756,0.03732571179592089,0.16001267412475187,0.30587784499976733,AB08,treadmill_05_01,camargo_treadmill,123,0.2,0.5,0.0,12.0
4.110561073774111,5.960724196132474,0.03680939626534298,0.14805449655185376,0.28230181725774656,AB08,treadmill_05_01,camargo_treadmill,123,0.4,2.0,0.0,12.0
3.867000448196539,5.273527297435051,0.03327763934002262,0.13988086952018708,0.2668404078957915,AB08,treadmill_05_01,camargo_treadmill,123,0.2,1.0,0.0,12.0
4.89994192288664,6.446921206944239,0.04299538785968614,0.17662396272994907,0.33850295773661504,AB08,treadmill_05_01,camargo_treadmill,123,0.4,0.5,0.0,12.0
3.391704865150494,4.959484987106395,0.029681254755013355,0.12260908013211777,0.23322539282192073,AB08,treadmill_05_01,camargo_treadmill,123,0.2,2.0,0.0,12.0
3.851711011049099,5.500629594498982,0.03208023641497647,0.13982446377755348,0.26424110726524397,AB08,treadmill_05_01,camargo_treadmill,123,0.3,0.5,2.0,5.0
4.017685002034303,5.702969870246099,0.033280453074711315,0.14591229129318742,0.27560005914331154,AB08,treadmill_05_01,camargo_treadmill,123,0.4,0.5,2.0,5.0
4.063739730259068,5.431453751829898,0.035057909604434744,0.1468564910855662,0.2805854242270846,AB08,treadmill_05_01,camargo_treadmill,123,0.3,0.5,2.0,8.0
4.257492284685025,5.725530298058651,0.03683641602178896,0.1538135182336748,0.2937861497861321,AB08,treadmill_05_01,camargo_treadmill,123,0.4,0.5,2.0,8.0
4.659113487170849,5.706059072205873,0.03943532632967074,0.16843191968536647,0.320734837699255,AB08,treadmill_06_01,camargo_treadmill,123,0.3,1.0,0.0,12.0
4.022894484354123,5.440265950047885,0.03489382169354989,0.1452622681048028,0.27585556372462267,AB08,treadmill_06_01,camargo_treadmill,123,0.3,2.0,0.0,12.0
4.980044943152642,6.238448204033785,0.04265483192714871,0.17983092735670658,0.34245514929415255,AB08,treadmill_06_01,camargo_treadmill,123,0.4,1.0,0.0,12.0
5.40833198106403,6.0406947203349555,0.044724556163812934,0.19575933376032664,0.373391026273909,AB08,treadmill_06_01,camargo_treadmill,123,0.3,0.5,0.0,12.0
5.1741356723194105,5.596739085600802,0.0418282006302008,0.18767047865855457,0.3575848517478724,AB08,treadmill_06_01,camargo_treadmill,123,0.2,0.5,0.0,12.0
4.426899413225717,6.029251110525089,0.03862065314922788,0.15973851609604964,0.3032602857384647,AB08,treadmill_06_01,camargo_treadmill,123,0.4,2.0,0.0,12.0
4.374357402136506,5.2282233693204185,0.03610242142871891,0.15853217290156008,0.3014643420937813,AB08,treadmill_06_01,camargo_treadmill,123,0.2,1.0,0.0,12.0
5.663323010845731,6.521522885055285,0.04748277739707061,0.20474250414859746,0.39060203655054226,AB08,treadmill_06_01,camargo_treadmill,123,0.4,0.5,0.0,12.0
3.6712991869688105,4.916201428987482,0.031078356752670167,0.13292278190738174,0.2520230780526953,AB08,treadmill_06_01,camargo_treadmill,123,0.2,2.0,0.0,12.0
4.131063697749783,5.580081527222315,0.03334625708269442,0.1502229703933215,0.28248873365558513,AB08,treadmill_06_01,camargo_treadmill,123,0.3,0.5,2.0,5.0
4.313884560602651,5.807657523773332,0.034650199467645026,0.15694235516039592,0.2949590465845284,AB08,treadmill_06_01,camargo_treadmill,123,0.4,0.5,2.0,5.0
4.582788958419097,5.390015702839477,0.03780413336188602,0.16603833056106795,0.31586808524644433,AB08,treadmill_06_01,camargo_treadmill,123,0.3,0.5,2.0,8.0
4.784730236618877,5.715000377731096,0.03958964937638963,0.17333362345415548,0.32955312921954244,AB08,treadmill_06_01,camargo_treadmill,123,0.4,0.5,2.0,8.0
4.375954281780703,6.093665966270901,0.040274039358994644,0.15824934362696902,0.3008903104264408,AB08,treadmill_07_01,camargo_treadmill,127,0.3,1.0,0.0,12.0
3.9784306810597383,5.864923655574374,0.037086637505925994,0.14378667163897896,0.27279308105645617,AB08,treadmill_07_01,camargo_treadmill,127,0.3,2.0,0.0,12.0
4.754204857378266,6.69325396537347,0.04391630150246624,0.17186090891909847,0.3266313337444938,AB08,treadmill_07_01,camargo_treadmill,127,0.4,1.0,0.0,12.0
4.885961080893454,6.3907621876307665,0.04413936446997242,0.17692539255769515,0.33683912656132253,AB08,treadmill_07_01,camargo_treadmill,127,0.3,0.5,0.0,12.0
4.5791411189536175,5.839828187996445,0.04067026651019359,0.16610444794060703,0.3160189085389964,AB08,treadmill_07_01,camargo_treadmill,127,0.2,0.5,0.0,12.0
4.430939150768378,6.51356467121023,0.04116134623885146,0.1601926663367869,0.30365113758102197,AB08,treadmill_07_01,camargo_treadmill,127,0.4,2.0,0.0,12.0
4.0158553986209595,5.507896383676348,0.03637144158865317,0.14548154394208312,0.2763930588755393,AB08,treadmill_07_01,camargo_treadmill,127,0.2,1.0,0.0,12.0
5.19758038453079,6.940314418688186,0.04733739222336406,0.18805826194423392,0.35799071902496016,AB08,treadmill_07_01,camargo_treadmill,127,0.4,0.5,0.0,12.0
3.55891898435548,5.239925314166196,0.032769163985817494,0.12880793824028858,0.2442084417318292,AB08,treadmill_07_01,camargo_treadmill,127,0.2,2.0,0.0,12.0
4.290298139046335,6.201661505225854,0.036850475784999066,0.15646103412966525,0.2937567162821756,AB08,treadmill_07_01,camargo_treadmill,127,0.3,0.5,2.0,5.0
4.483620399459139,6.437507989006856,0.03824089042881165,0.16360811280911386,0.3069990261974251,AB08,treadmill_07_01,camargo_treadmill,127,0.4,0.5,2.0,5.0
4.335229304360175,5.896301253562612,0.0389964777705014,0.15717448643083495,0.29841852186566015,AB08,treadmill_07_01,camargo_treadmill,127,0.3,0.5,2.0,8.0
4.573141384232226,6.26257999004337,0.04108293310260941,0.1658359599881373,0.31462603323425303,AB08,treadmill_07_01,camargo_treadmill,127,0.4,0.5,2.0,8.0
3.342567201708669,5.075266193933229,0.03147555050132188,0.10544508804403918,0.20725739604998034,AB09,treadmill_01_01,camargo_treadmill,107,0.3,1.0,0.0,12.0
3.1988321042049805,4.923389857763498,0.029946860146659777,0.10096306930336951,0.19813225236390294,AB09,treadmill_01_01,camargo_treadmill,107,0.3,2.0,0.0,12.0
3.72353138153213,5.634483100758447,0.035380235486596454,0.11728702003920806,0.23064186173458015,AB09,treadmill_01_01,camargo_treadmill,107,0.4,1.0,0.0,12.0
3.5811613035431464,5.3141091425228275,0.033565302193300214,0.11301667496632076,0.2223513136878502,AB09,treadmill_01_01,camargo_treadmill,107,0.3,0.5,0.0,12.0
3.279576481454379,4.815498684672392,0.02977454611197725,0.10390250246321071,0.204038706447556,AB09,treadmill_01_01,camargo_treadmill,107,0.2,0.5,0.0,12.0
3.64062176870335,5.508237068031987,0.034195850662316556,0.11478692219050911,0.22534212339216855,AB09,treadmill_01_01,camargo_treadmill,107,0.4,2.0,0.0,12.0
3.001647457248683,4.57443394272592,0.027318076762324082,0.09511468414168273,0.1864758302208871,AB09,treadmill_01_01,camargo_treadmill,107,0.2,1.0,0.0,12.0
3.9053270057940357,5.846504648953051,0.03708264441337405,0.12303503802586623,0.24216890444549288,AB09,treadmill_01_01,camargo_treadmill,107,0.4,0.5,0.0,12.0
2.8153501004126906,4.4142135287239155,0.025485054139191676,0.08927511965944117,0.17468729839261715,AB09,treadmill_01_01,camargo_treadmill,107,0.2,2.0,0.0,12.0
3.701047286128292,5.56092652048658,0.03391160283280876,0.11700865357310597,0.229164149151514,AB09,treadmill_01_01,camargo_treadmill,107,0.3,0.5,2.0,5.0
3.884381986208419,5.783387178962296,0.03540969831506443,0.12284349944232083,0.24049982900892766,AB09,treadmill_01_01,camargo_treadmill,107,0.4,0.5,2.0,5.0
3.489187925616771,5.214823770796842,0.03253241001854604,0.11016337277582305,0.21650917896569263,AB09,treadmill_01_01,camargo_treadmill,107,0.3,0.5,2.0,8.0
3.723510862948308,5.558341690047937,0.034851039270275185,0.11748325640788693,0.23088682737279762,AB09,treadmill_01_01,camargo_treadmill,107,0.4,0.5,2.0,8.0
3.6541205023934724,5.704949979126728,0.034739867883803635,0.11491755462555232,0.2264556095207859,AB09,treadmill_02_01,camargo_treadmill,113,0.3,1.0,0.0,12.0
3.4888438628074288,5.505164998867273,0.032971910292321105,0.1097832269852542,0.21603961001725341,AB09,treadmill_02_01,camargo_treadmill,113,0.3,2.0,0.0,12.0
4.0256978350178585,6.265333940812123,0.038587006116149625,0.12643738887662284,0.24928050100220114,AB09,treadmill_02_01,camargo_treadmill,113,0.4,1.0,0.0,12.0
3.9247861849452224,5.9930215282866355,0.03713182877788059,0.12348144876670976,0.24352677523616698,AB09,treadmill_02_01,camargo_treadmill,113,0.3,0.5,0.0,12.0
3.6225311076983893,5.476622569294955,0.03338296257895296,0.11434284074045721,0.2251346364440345,AB09,treadmill_02_01,camargo_treadmill,113,0.2,0.5,0.0,12.0
3.918537854308398,6.088669547286325,0.03718792428363025,0.12318534041092274,0.2425121655215542,AB09,treadmill_02_01,camargo_treadmill,113,0.4,2.0,0.0,12.0
3.315982839120137,5.18479894809487,0.03058808990237769,0.10469368825588453,0.20582604378092584,AB09,treadmill_02_01,camargo_treadmill,113,0.2,1.0,0.0,12.0
4.241981965980454,6.5252967349928435,0.04056078297598811,0.13327149963056764,0.26294544873059084,AB09,treadmill_02_01,camargo_treadmill,113,0.4,0.5,0.0,12.0
3.1118764768211693,4.981307547593894,0.028485404641241066,0.0983382486262332,0.19299140105917414,AB09,treadmill_02_01,camargo_treadmill,113,0.2,2.0,0.0,12.0
3.937783768499619,6.011505754959721,0.03617095291436937,0.12428193635174994,0.24398471612159253,AB09,treadmill_02_01,camargo_treadmill,113,0.3,0.5,2.0,5.0
4.109978759941819,6.221626198196438,0.03756289919868377,0.1297599230510543,0.2546467723507652,AB09,treadmill_02_01,camargo_treadmill,113,0.4,0.5,2.0,5.0
3.78182394815035,5.78565841347279,0.035460622942765724,0.11910612003787299,0.23465084972085154,AB09,treadmill_02_01,camargo_treadmill,113,0.3,0.5,2.0,8.0
4.002584880064219,6.114669831256555,0.03762454096042275,0.12599624342120785,0.24821260930107092,AB09,treadmill_02_01,camargo_treadmill,113,0.4,0.5,2.0,8.0
3.9107972101217263,6.169008303667784,0.038623666625644724,0.12280423850595647,0.24041768308108324,AB09,treadmill_03_01,camargo_treadmill,110,0.3,1.0,0.0,12.0
3.704459167189725,5.888777911989496,0.036374099971953296,0.11639980372655444,0.22754046243928058,AB09,treadmill_03_01,camargo_treadmill,110,0.3,2.0,0.0,12.0
4.3487725585571955,6.838637112596391,0.04310866248348574,0.13647420040235597,0.26721942432758283,AB09,treadmill_03_01,camargo_treadmill,110,0.4,1.0,0.0,12.0
4.225664227083151,6.531395314470257,0.04148941940797645,0.13277450590471593,0.26015243011506,AB09,treadmill_03_01,camargo_treadmill,110,0.3,0.5,0.0,12.0
3.8533757063056915,5.8924474984928255,0.037018325814602626,0.12139347373023009,0.23754353053239938,AB09,treadmill_03_01,camargo_treadmill,110,0.2,0.5,0.0,12.0
4.208893738995292,6.5906360182495956,0.04127695515495983,0.1322433927530708,0.2584975074374706,AB09,treadmill_03_01,camargo_treadmill,110,0.4,2.0,0.0,12.0
3.4955387677000647,5.5206483027693585,0.03369255297796686,0.1100970394458498,0.2151290778199709,AB09,treadmill_03_01,camargo_treadmill,110,0.2,1.0,0.0,12.0
4.601364355464533,7.164854552974328,0.04550441433830733,0.14444216016794603,0.2830630162033528,AB09,treadmill_03_01,camargo_treadmill,110,0.4,0.5,0.0,12.0
3.243855938447913,5.230040260050422,0.031061714766167318,0.10224331089857547,0.19943541856670105,AB09,treadmill_03_01,camargo_treadmill,110,0.2,2.0,0.0,12.0
4.28353240573878,6.576663719892937,0.04040338729990398,0.13523513125675982,0.2634573992591462,AB09,treadmill_03_01,camargo_treadmill,110,0.3,0.5,2.0,5.0
4.487973842877963,6.831151824216074,0.042066672982558374,0.1417652095742514,0.27606785446704557,AB09,treadmill_03_01,camargo_treadmill,110,0.4,0.5,2.0,5.0
4.088247982255472,6.330678500883357,0.039859449445406044,0.1285548390751648,0.25166112663273715,AB09,treadmill_03_01,camargo_treadmill,110,0.3,0.5,2.0,8.0
4.3559036159367,6.736455661601976,0.042461097050433265,0.13696041017569402,0.2680528866879641,AB09,treadmill_03_01,camargo_treadmill,110,0.4,0.5,2.0,8.0
4.057756628803794,6.44434664348102,0.03959072447874314,0.12591025191766173,0.24718827401050783,AB09,treadmill_04_01,camargo_treadmill,117,0.3,1.0,0.0,12.0
3.844315289827895,6.182846013344262,0.037366998488100836,0.11934501781929237,0.23396561277250486,AB09,treadmill_04_01,camargo_treadmill,117,0.3,2.0,0.0,12.0
4.488439314642895,7.112342941563401,0.044066161703654856,0.1391026984355089,0.2732402337410469,AB09,treadmill_04_01,camargo_treadmill,117,0.4,1.0,0.0,12.0
4.3828623917889065,6.795118276870907,0.04246394934358857,0.13608992206875678,0.26737513315109357,AB09,treadmill_04_01,camargo_treadmill,117,0.3,0.5,0.0,12.0
4.021239982377243,6.161949157342516,0.03801370608043421,0.12528569681148197,0.24568848413949976,AB09,treadmill_04_01,camargo_treadmill,117,0.2,0.5,0.0,12.0
4.339911753917789,6.878642677321485,0.042258801993187906,0.1346241354226054,0.26403348284094885,AB09,treadmill_04_01,camargo_treadmill,117,0.4,2.0,0.0,12.0
3.655175865316586,5.805510358120001,0.034674766099232895,0.11389090824651182,0.22298550111672685,AB09,treadmill_04_01,camargo_treadmill,117,0.2,1.0,0.0,12.0
4.7516252109372195,7.428571469918694,0.04646052850629362,0.14733130696888908,0.28960416221163254,AB09,treadmill_04_01,camargo_treadmill,117,0.4,0.5,0.0,12.0
3.4003203608226555,5.540312462579744,0.032075648082630824,0.1060472827238907,0.20722494433934296,AB09,treadmill_04_01,camargo_treadmill,117,0.2,2.0,0.0,12.0
4.368035930699791,6.801859329617587,0.04113685141561283,0.13607830516400998,0.26601760898975757,AB09,treadmill_04_01,camargo_treadmill,117,0.3,0.5,2.0,5.0
4.565561466317107,7.04291592143628,0.04269819171218034,0.1423153327633106,0.27808056351991284,AB09,treadmill_04_01,camargo_treadmill,117,0.4,0.5,2.0,5.0
4.184883328112689,6.525251431939336,0.040301127114480584,0.13002699328314057,0.2552361503447797,AB09,treadmill_04_01,camargo_treadmill,117,0.3,0.5,2.0,8.0
4.4393866867061345,6.911549260787082,0.04277749558457677,0.13789061285071455,0.270651081179315,AB09,treadmill_04_01,camargo_treadmill,117,0.4,0.5,2.0,8.0
4.350319668919547,6.938011089770716,0.04293896186802699,0.13552554558423505,0.26438935530459295,AB09,treadmill_05_01,camargo_treadmill,117,0.3,1.0,0.0,12.0
4.074897988665547,6.571916679822031,0.04006548260011446,0.12702781166138485,0.2474751675864562,AB09,treadmill_05_01,camargo_treadmill,117,0.3,2.0,0.0,12.0
4.79770499952907,7.629390176962363,0.04763037977215424,0.14933636734927003,0.291418078551602,AB09,treadmill_05_01,camargo_treadmill,117,0.4,1.0,0.0,12.0
4.737567730866341,7.400052594453736,0.04651997233469933,0.14763546433313032,0.28826400679944886,AB09,treadmill_05_01,camargo_treadmill,117,0.3,0.5,0.0,12.0
4.354708691548879,6.735742319333718,0.041861092533353586,0.1360482420279852,0.2653161752927836,AB09,treadmill_05_01,camargo_treadmill,117,0.2,0.5,0.0,12.0
4.590760160172615,7.29484129301471,0.04521076300357757,0.1430497878841353,0.27872370582959066,AB09,treadmill_05_01,camargo_treadmill,117,0.4,2.0,0.0,12.0
3.9229858796142634,6.262326015197499,0.03776540485241936,0.12259334848838828,0.2387239713674554,AB09,treadmill_05_01,camargo_treadmill,117,0.2,1.0,0.0,12.0
5.119343962417606,8.051585938626108,0.050684354605716145,0.1593680129388122,0.31125851757824896,AB09,treadmill_05_01,camargo_treadmill,117,0.4,0.5,0.0,12.0
3.603979043524635,5.889681754944336,0.03448572398451104,0.11273017320570525,0.2191522894814284,AB09,treadmill_05_01,camargo_treadmill,117,0.2,2.0,0.0,12.0
4.693084313759023,7.252893089569569,0.04430196368657496,0.14694584490603113,0.2852496192246531,AB09,treadmill_05_01,camargo_treadmill,117,0.3,0.5,2.0,5.0
4.897566883663807,7.497940473920203,0.04593635563663726,0.15344280923496836,0.2977333663639645,AB09,treadmill_05_01,camargo_treadmill,117,0.4,0.5,2.0,5.0
4.515970642552715,7.065287597278608,0.04416775191112515,0.1407999300108863,0.2747809180515507,AB09,treadmill_05_01,camargo_treadmill,117,0.3,0.5,2.0,8.0
4.781041827950335,7.461322531851798,0.04673892152790764,0.14906954209624074,0.29083045611406383,AB09,treadmill_05_01,camargo_treadmill,117,0.4,0.5,2.0,8.0
4.374280667576145,6.967108320345672,0.042943427096304485,0.13616383386566408,0.26528843743793395,AB09,treadmill_06_01,camargo_treadmill,120,0.3,1.0,0.0,12.0
4.079618768800681,6.595538059801879,0.03989021617863208,0.12706551662145865,0.24720655306235875,AB09,treadmill_06_01,camargo_treadmill,120,0.3,2.0,0.0,12.0
4.82161113734521,7.664891564275213,0.04764905059182573,0.1499294061478075,0.292248491657712,AB09,treadmill_06_01,camargo_treadmill,120,0.4,1.0,0.0,12.0
4.783001396350323,7.440201408081461,0.046723478623989,0.14894022688532585,0.29044203866238105,AB09,treadmill_06_01,camargo_treadmill,120,0.3,0.5,0.0,12.0
4.404317307214069,6.776008510250401,0.042088558324267375,0.13751526829035537,0.2677886672607005,AB09,treadmill_06_01,camargo_treadmill,120,0.2,0.5,0.0,12.0
4.596918854795154,7.324895359518807,0.04507767106530915,0.14307940449187295,0.27847219954585284,AB09,treadmill_06_01,camargo_treadmill,120,0.4,2.0,0.0,12.0
3.9539329702266683,6.295425685028289,0.037777329119814726,0.12349927223623489,0.24009576599150897,AB09,treadmill_06_01,camargo_treadmill,120,0.2,1.0,0.0,12.0
5.163866907352688,8.097053412173242,0.050878566554146035,0.16061083075446977,0.3133259789041708,AB09,treadmill_06_01,camargo_treadmill,120,0.4,0.5,0.0,12.0
3.6188135516987625,5.922879658150143,0.034294427631972636,0.11315440907367408,0.21954850039146917,AB09,treadmill_06_01,camargo_treadmill,120,0.2,2.0,0.0,12.0
4.702790144416339,7.262832043415027,0.04406060258062879,0.14710756088814347,0.285122245871937,AB09,treadmill_06_01,camargo_treadmill,120,0.3,0.5,2.0,5.0
4.908574554104676,7.510356342246772,0.04568963042441402,0.15362554260000258,0.2976462383771145,AB09,treadmill_06_01,camargo_treadmill,120,0.4,0.5,2.0,5.0
4.5406476729479035,7.086627559424428,0.0440356507033556,0.14149698251440915,0.27566115725278695,AB09,treadmill_06_01,camargo_treadmill,120,0.3,0.5,2.0,8.0
4.806446010229791,7.487172160978031,0.04659959391003698,0.1497635635995784,0.2917054015245924,AB09,treadmill_06_01,camargo_treadmill,120,0.4,0.5,2.0,8.0
4.5196222558400905,7.116596844130105,0.044215828943290625,0.14057105123905803,0.2736537598306285,AB09,treadmill_07_01,camargo_treadmill,125,0.3,1.0,0.0,12.0
4.201360785255336,6.694632335508413,0.0408873780313248,0.13076639301712978,0.25421917578460845,AB09,treadmill_07_01,camargo_treadmill,125,0.3,2.0,0.0,12.0
4.995597849319174,7.862975324371634,0.04894971163947551,0.1552930719206267,0.30228422644583897,AB09,treadmill_07_01,camargo_treadmill,125,0.4,1.0,0.0,12.0
4.974772746383721,7.671968414516237,0.04842699196438315,0.1547964543518886,0.3015572414371129,AB09,treadmill_07_01,camargo_treadmill,125,0.3,0.5,0.0,12.0
4.567841314707179,6.9545148376753865,0.043815178489751735,0.14243441734443693,0.27725141852424856,AB09,treadmill_07_01,camargo_treadmill,125,0.2,0.5,0.0,12.0
4.755026910296727,7.479115191989196,0.04616060381101223,0.14798518146982634,0.2876123611325323,AB09,treadmill_07_01,camargo_treadmill,125,0.4,2.0,0.0,12.0
4.056482169606481,6.374654255423554,0.038981924696213296,0.1265081073364652,0.24593778391583732,AB09,treadmill_07_01,camargo_treadmill,125,0.2,1.0,0.0,12.0
5.374134872886004,8.364664696234664,0.05254273816860577,0.16709663643610367,0.32550801539767926,AB09,treadmill_07_01,camargo_treadmill,125,0.4,0.5,0.0,12.0
3.686395742064992,5.94348763046387,0.03514444646958441,0.11509957152572353,0.22335877350281388,AB09,treadmill_07_01,camargo_treadmill,125,0.2,2.0,0.0,12.0
4.879046047193872,7.47895028961047,0.044803329654568506,0.15283164434333496,0.29522880021972986,AB09,treadmill_07_01,camargo_treadmill,125,0.3,0.5,2.0,5.0
5.095739840582637,7.7337202190866146,0.04646336668815863,0.1597172647346085,0.30840443949740576,AB09,treadmill_07_01,camargo_treadmill,125,0.4,0.5,2.0,5.0
4.681966602828668,7.254081505628092,0.04519813290749896,0.14581371755237277,0.2836801194020084,AB09,treadmill_07_01,camargo_treadmill,125,0.3,0.5,2.0,8.0
4.964214357037832,7.67393958123077,0.047774602237108325,0.15463551557837474,0.30070164976095565,AB09,treadmill_07_01,camargo_treadmill,125,0.4,0.5,2.0,8.0
3.2320463926084275,4.342056250552098,0.025285534621353325,0.1135661675576442,0.2161306396503036,AB10,treadmill_01_01,camargo_treadmill,115,0.3,1.0,0.0,12.0
2.9410128219713845,4.124743499754764,0.022704762186181515,0.10376579163562549,0.19612376936930137,AB10,treadmill_01_01,camargo_treadmill,115,0.3,2.0,0.0,12.0
3.4246471824537466,4.63857602351432,0.027663564387913956,0.11965832900921583,0.2289573335421469,AB10,treadmill_01_01,camargo_treadmill,115,0.4,1.0,0.0,12.0
3.593842110916826,4.606275083702102,0.02808676304110983,0.12599146971649564,0.24093888565161484,AB10,treadmill_01_01,camargo_treadmill,115,0.3,0.5,0.0,12.0
3.504508535881081,4.437370420867951,0.025948168462258666,0.12382211339634931,0.235005331891725,AB10,treadmill_01_01,camargo_treadmill,115,0.2,0.5,0.0,12.0
3.1888217388005744,4.446944688040264,0.025223492956813517,0.11190833854152521,0.21272284569208075,AB10,treadmill_01_01,camargo_treadmill,115,0.4,2.0,0.0,12.0
3.1326521916159282,4.187872763578293,0.02313805302340172,0.11103511705298841,0.2094551288073595,AB10,treadmill_01_01,camargo_treadmill,115,0.2,1.0,0.0,12.0
3.7515152837188,4.889351402781779,0.030338438263297834,0.13081433250290708,0.2513705656673063,AB10,treadmill_01_01,camargo_treadmill,115,0.4,0.5,0.0,12.0
2.811266133879451,3.966391590456312,0.020553486947411135,0.10007776810185823,0.1873446852020061,AB10,treadmill_01_01,camargo_treadmill,115,0.2,2.0,0.0,12.0
2.90651927863941,3.9640797784923487,0.022778373874075965,0.10199444265709545,0.1943408987947725,AB10,treadmill_01_01,camargo_treadmill,115,0.3,0.5,2.0,5.0
3.0381228944436893,4.1551340055856745,0.02382479934553167,0.10653561947364121,0.2030446583524757,AB10,treadmill_01_01,camargo_treadmill,115,0.4,0.5,2.0,5.0
3.2751514049928274,4.299131412108081,0.025951172486210802,0.1146737082330872,0.2193619316474226,AB10,treadmill_01_01,camargo_treadmill,115,0.3,0.5,2.0,8.0
3.41182567046339,4.526862793628035,0.027514955770153466,0.11910204697883568,0.22840459477793965,AB10,treadmill_01_01,camargo_treadmill,115,0.4,0.5,2.0,8.0
3.524678312158436,4.746764988784826,0.028451614230467295,0.1233687620019715,0.2353417428689345,AB10,treadmill_02_01,camargo_treadmill,117,0.3,1.0,0.0,12.0
3.2036656337477183,4.505559315792807,0.02548411687439483,0.11265705011270856,0.2133048031370319,AB10,treadmill_02_01,camargo_treadmill,117,0.3,2.0,0.0,12.0
3.749609233451455,5.110529722178793,0.0311713755335006,0.13053082114214112,0.2502515896213128,AB10,treadmill_02_01,camargo_treadmill,117,0.4,1.0,0.0,12.0
3.932721931679527,5.042911913247092,0.03167363856922424,0.1373398755044492,0.26329045807464796,AB10,treadmill_02_01,camargo_treadmill,117,0.3,0.5,0.0,12.0
3.8137841140004145,4.800641031776905,0.029151939520717384,0.13424339982786793,0.2554420467962458,AB10,treadmill_02_01,camargo_treadmill,117,0.2,0.5,0.0,12.0
3.4894195147826634,4.894617578523034,0.028357414840025564,0.12208731564892485,0.2323769165731846,AB10,treadmill_02_01,camargo_treadmill,117,0.4,2.0,0.0,12.0
3.3945987926519585,4.520384852744759,0.02591676242408047,0.11986890453732552,0.2266683218569867,AB10,treadmill_02_01,camargo_treadmill,117,0.2,1.0,0.0,12.0
4.120295650233021,5.392453684428378,0.034260907481550085,0.14313757282939768,0.27563812270595434,AB10,treadmill_02_01,camargo_treadmill,117,0.4,0.5,0.0,12.0
3.0376081816506937,4.2773508151188135,0.02293119205243585,0.10778139636341952,0.20212913781239686,AB10,treadmill_02_01,camargo_treadmill,117,0.2,2.0,0.0,12.0
3.1447144978034838,4.32016626188967,0.02511168471871923,0.11017819272480327,0.20995692731617166,AB10,treadmill_02_01,camargo_treadmill,117,0.3,0.5,2.0,5.0
3.2893023312266108,4.53779741234808,0.026278234573905015,0.1151603404379437,0.21948859762597067,AB10,treadmill_02_01,camargo_treadmill,117,0.4,0.5,2.0,5.0
3.5603228570562577,4.688663421069254,0.029061704088374118,0.1241937199157551,0.23815364018479787,AB10,treadmill_02_01,camargo_treadmill,117,0.3,0.5,2.0,8.0
3.7186446117137235,4.964288095098513,0.030856441495109917,0.12933711642957205,0.24858727502614797,AB10,treadmill_02_01,camargo_treadmill,117,0.4,0.5,2.0,8.0
3.7963173743749015,5.082798200415562,0.03159659128621909,0.13312273825413531,0.2544798086967054,AB10,treadmill_03_01,camargo_treadmill,120,0.3,1.0,0.0,12.0
3.3979770579979327,4.77876185236192,0.028049587506594788,0.11958590172924582,0.22719114125351292,AB10,treadmill_03_01,camargo_treadmill,120,0.3,2.0,0.0,12.0
4.010970250836162,5.44118664423514,0.03438949141146314,0.14003952797617675,0.2687825234518743,AB10,treadmill_03_01,camargo_treadmill,120,0.4,1.0,0.0,12.0
4.277355221564393,5.430648624133399,0.035382965175631685,0.14975949649906806,0.28741068910378637,AB10,treadmill_03_01,camargo_treadmill,120,0.3,0.5,0.0,12.0
4.156462020211458,5.176353712014821,0.03273631466690125,0.1464446629185253,0.27941252081039997,AB10,treadmill_03_01,camargo_treadmill,120,0.2,0.5,0.0,12.0
3.671453110912902,5.1626425731208325,0.031004614937800608,0.12868943303453456,0.2455331304512182,AB10,treadmill_03_01,camargo_treadmill,120,0.4,2.0,0.0,12.0
3.665318679631513,4.841584935651455,0.028914241709435358,0.12944962504636912,0.24572908086506765,AB10,treadmill_03_01,camargo_treadmill,120,0.2,1.0,0.0,12.0
4.456809011862605,5.774130206718442,0.038031525574348544,0.1553942797765721,0.2992887532790704,AB10,treadmill_03_01,camargo_treadmill,120,0.4,0.5,0.0,12.0
3.2336970065867168,4.535151218428043,0.025333074755679738,0.11465334500982689,0.2161158697055073,AB10,treadmill_03_01,camargo_treadmill,120,0.2,2.0,0.0,12.0
3.2691618292617646,4.475919276074128,0.027118273395713724,0.11479904060742575,0.21919768223002015,AB10,treadmill_03_01,camargo_treadmill,120,0.3,0.5,2.0,5.0
3.398893196440389,4.6812348587142,0.028256634295544668,0.1192851829897136,0.22779849095071888,AB10,treadmill_03_01,camargo_treadmill,120,0.4,0.5,2.0,5.0
3.853124090043384,5.030126196945578,0.03240741237679802,0.13478842203287508,0.258709684554348,AB10,treadmill_03_01,camargo_treadmill,120,0.3,0.5,2.0,8.0
3.9990806915007253,5.2948623456734065,0.03420584731342111,0.13956792817580818,0.26838534668015723,AB10,treadmill_03_01,camargo_treadmill,120,0.4,0.5,2.0,8.0
3.662585908261425,5.062538147052174,0.030232994667349272,0.12771722315122166,0.24439300889102658,AB10,treadmill_04_01,camargo_treadmill,124,0.3,1.0,0.0,12.0
3.3425835292024493,4.858455933754553,0.027471972599611004,0.11697169540420846,0.2223677485152516,AB10,treadmill_04_01,camargo_treadmill,124,0.3,2.0,0.0,12.0
3.8984140866210577,5.437017013883637,0.03306822971569133,0.13523552553055365,0.2600769796723076,AB10,treadmill_04_01,camargo_treadmill,124,0.4,1.0,0.0,12.0
4.088841397615486,5.332567499304411,0.03346911171350297,0.14235489286888386,0.2736461639716002,AB10,treadmill_04_01,camargo_treadmill,124,0.3,0.5,0.0,12.0
3.943131047356401,5.050746115762176,0.030776616931895717,0.1383125087910128,0.26400368666415086,AB10,treadmill_04_01,camargo_treadmill,124,0.2,0.5,0.0,12.0
3.6267912890719676,5.243577294973652,0.03042038020695947,0.1262760494124148,0.24139304108866538,AB10,treadmill_04_01,camargo_treadmill,124,0.4,2.0,0.0,12.0
3.5116356383664415,4.804887485935433,0.027523151089757013,0.12352697424196799,0.2343135251217321,AB10,treadmill_04_01,camargo_treadmill,124,0.2,1.0,0.0,12.0
4.293170817470575,5.702096449817496,0.036181493962309366,0.14874831229967087,0.2871490525085714,AB10,treadmill_04_01,camargo_treadmill,124,0.4,0.5,0.0,12.0
3.1696068207844554,4.613255034813394,0.02476456882278767,0.1119652697409846,0.2107114580317999,AB10,treadmill_04_01,camargo_treadmill,124,0.2,2.0,0.0,12.0
3.3192830186788314,4.677842420064082,0.027403096266123174,0.11573696235436488,0.22134895855091788,AB10,treadmill_04_01,camargo_treadmill,124,0.3,0.5,2.0,5.0
3.4667411636649486,4.894630292352214,0.028579242520674897,0.12084089469605001,0.23110877933854648,AB10,treadmill_04_01,camargo_treadmill,124,0.4,0.5,2.0,5.0
3.732943589692928,5.026333012631701,0.031211902521437265,0.1297396649102496,0.24949525255381036,AB10,treadmill_04_01,camargo_treadmill,124,0.3,0.5,2.0,8.0
3.9035645899630618,5.314743257245172,0.03308885575711128,0.135327661003503,0.2607798823882544,AB10,treadmill_04_01,camargo_treadmill,124,0.4,0.5,2.0,8.0
3.953737549935597,5.389551775902905,0.033184310353691904,0.13773621526073754,0.26403389088529317,AB10,treadmill_05_01,camargo_treadmill,128,0.3,1.0,0.0,12.0
3.568559718157962,5.1341555508845165,0.02995731643702506,0.12466158437551389,0.23766096018692942,AB10,treadmill_05_01,camargo_treadmill,128,0.3,2.0,0.0,12.0
4.196895002620136,5.779963326049874,0.036145610250591785,0.14557617874954926,0.2801492327826726,AB10,treadmill_05_01,camargo_treadmill,128,0.4,1.0,0.0,12.0
4.444801845534442,5.714232844340904,0.036918200360030275,0.15467448981719248,0.29756392623639283,AB10,treadmill_05_01,camargo_treadmill,128,0.3,0.5,0.0,12.0
4.283225634515958,5.401297054859321,0.03407533369271321,0.14996429052674284,0.2869152563947446,AB10,treadmill_05_01,camargo_treadmill,128,0.2,0.5,0.0,12.0
3.8636387962084724,5.537365725125703,0.03307295012531536,0.13440220183158913,0.2573375715565014,AB10,treadmill_05_01,camargo_treadmill,128,0.4,2.0,0.0,12.0
3.7824261788018965,5.1013124561044005,0.0302719105685978,0.13272398576335653,0.25264925744751887,AB10,treadmill_05_01,camargo_treadmill,128,0.2,1.0,0.0,12.0
4.653205847960456,6.09846412049455,0.039716068304686825,0.16128035834945054,0.31129152510854563,AB10,treadmill_05_01,camargo_treadmill,128,0.4,0.5,0.0,12.0
3.371035943314399,4.857369892268187,0.026992175801555808,0.11869870420136591,0.22442724505750622,AB10,treadmill_05_01,camargo_treadmill,128,0.2,2.0,0.0,12.0
3.5845061113493752,4.9747941967429945,0.02978161400515658,0.12505574053126722,0.23905147078637254,AB10,treadmill_05_01,camargo_treadmill,128,0.3,0.5,2.0,5.0
3.730961328884063,5.18517761291108,0.03096074607739923,0.1301387428420251,0.2487455815472971,AB10,treadmill_05_01,camargo_treadmill,128,0.4,0.5,2.0,5.0
4.035866273975952,5.370156519665409,0.03431222862846643,0.14020224233172018,0.26982546234848237,AB10,treadmill_05_01,camargo_treadmill,128,0.3,0.5,2.0,8.0
4.208189768015299,5.662376569291947,0.03621662660599152,0.14589791289834095,0.28120222892425395,AB10,treadmill_05_01,camargo_treadmill,128,0.4,0.5,2.0,8.0
3.8853471604040757,5.355539195868436,0.0322825326625686,0.13529769444413237,0.2581522468217362,AB10,treadmill_06_01,camargo_treadmill,130,0.3,1.0,0.0,12.0
3.5159994430854766,5.146067721927534,0.029143613003110892,0.12283777796893237,0.23284821647094006,AB10,treadmill_06_01,camargo_treadmill,130,0.3,2.0,0.0,12.0
4.125599539534754,5.7521069683245125,0.03523479177066047,0.14296646509312044,0.27401076280880565,AB10,treadmill_06_01,camargo_treadmill,130,0.4,1.0,0.0,12.0
4.3864852720143075,5.66206011004194,0.036148143590051314,0.1525187623687506,0.2923317259754138,AB10,treadmill_06_01,camargo_treadmill,130,0.3,0.5,0.0,12.0
4.231817335621533,5.35018102535458,0.03336923080470879,0.1481188452084494,0.2821815300053152,AB10,treadmill_06_01,camargo_treadmill,130,0.2,0.5,0.0,12.0
3.800658232393204,5.543101901502105,0.0322293218813393,0.1321182562456235,0.25177137106085423,AB10,treadmill_06_01,camargo_treadmill,130,0.4,2.0,0.0,12.0
3.7327159076608365,5.083930045120136,0.029476563221044843,0.13104420040633544,0.24803825242975092,AB10,treadmill_06_01,camargo_treadmill,130,0.2,1.0,0.0,12.0
4.598225050220762,6.061576381134192,0.038951998367076454,0.1591989805293008,0.3062159653895121,AB10,treadmill_06_01,camargo_treadmill,130,0.4,0.5,0.0,12.0
3.3507340322808346,4.903750155287032,0.026331396351804027,0.11814437099183292,0.22178096943735168,AB10,treadmill_06_01,camargo_treadmill,130,0.2,2.0,0.0,12.0
3.5924753620015,5.08478852732866,0.029241895392379032,0.1255367486686311,0.23853266355572572,AB10,treadmill_06_01,camargo_treadmill,130,0.3,0.5,2.0,5.0
3.740528034952316,5.302915369976154,0.03041102190310189,0.13067386689220356,0.24826317701369857,AB10,treadmill_06_01,camargo_treadmill,130,0.4,0.5,2.0,5.0
4.004673697415263,5.379129585705592,0.03364107226749855,0.13911820854094878,0.26657041898713785,AB10,treadmill_06_01,camargo_treadmill,130,0.3,0.5,2.0,8.0
4.179173911941521,5.683534126875447,0.03553508183801324,0.1448766180649883,0.2780204439240098,AB10,treadmill_06_01,camargo_treadmill,130,0.4,0.5,2.0,8.0
4.072196367428806,5.524381869028126,0.03425166051206329,0.14155055445169756,0.27000326159897825,AB10,treadmill_07_01,camargo_treadmill,133,0.3,1.0,0.0,12.0
3.6527564336065477,5.276045817339636,0.030780351852513217,0.12735117402454482,0.24142345435860998,AB10,treadmill_07_01,camargo_treadmill,133,0.3,2.0,0.0,12.0
4.339041114696155,5.954914627256201,0.03744318127709964,0.1501484268016558,0.28761814557626614,AB10,treadmill_07_01,camargo_treadmill,133,0.4,1.0,0.0,12.0
4.625918800711185,5.871968722547645,0.03846581388536737,0.16061325079091346,0.3075977181828065,AB10,treadmill_07_01,camargo_treadmill,133,0.3,0.5,0.0,12.0
4.445343448930993,5.5235802194186,0.03541223840465266,0.15534115662957923,0.29572876790929514,AB10,treadmill_07_01,camargo_treadmill,133,0.2,0.5,0.0,12.0
3.969290848710999,5.712218528478434,0.03410829863866236,0.1377731346660285,0.26245382388478966,AB10,treadmill_07_01,camargo_treadmill,133,0.4,2.0,0.0,12.0
3.8885018884612945,5.214779125152354,0.031164670013802583,0.13622188629813411,0.25780387925472975,AB10,treadmill_07_01,camargo_treadmill,133,0.2,1.0,0.0,12.0
4.860004652262307,6.303259113725678,0.041507795542339,0.1680507189552402,0.32294741045926706,AB10,treadmill_07_01,camargo_treadmill,133,0.4,0.5,0.0,12.0
3.4505746557599917,4.990626226674935,0.027676470067608983,0.1213508912556082,0.22786529543974687,AB10,treadmill_07_01,camargo_treadmill,133,0.2,2.0,0.0,12.0
3.7150666854565886,5.227500299388796,0.030876133998580496,0.12949102102485588,0.24596057389967418,AB10,treadmill_07_01,camargo_treadmill,133,0.3,0.5,2.0,5.0
3.8805883293656454,5.462148512444772,0.03216815844835216,0.13524209798722509,0.2568510212868362,AB10,treadmill_07_01,camargo_treadmill,133,0.4,0.5,2.0,5.0
4.164862381624888,5.545868075312877,0.03559810187490795,0.1443536141909895,0.27652749871756094,AB10,treadmill_07_01,camargo_treadmill,133,0.3,0.5,2.0,8.0
4.361129002389022,5.877305766052348,0.03769942404070263,0.15085439075083482,0.28941377960925235,AB10,treadmill_07_01,camargo_treadmill,133,0.4,0.5,2.0,8.0
3.535660519054199,5.227547303272426,0.03524095502645772,0.12612410771486163,0.2360283173987447,AB11,treadmill_01_01,camargo_treadmill,114,0.3,1.0,0.0,12.0
3.22975565235607,4.778679806231594,0.032029522525419324,0.11532832543289966,0.21551011345567825,AB11,treadmill_01_01,camargo_treadmill,114,0.3,2.0,0.0,12.0
3.8094707375175223,5.6408938599033736,0.038610976495267,0.13567831450043347,0.25409385700311704,AB11,treadmill_01_01,camargo_treadmill,114,0.4,1.0,0.0,12.0
3.9541517036111546,5.694003880793164,0.03885110070734804,0.14103725119202554,0.26418522775748415,AB11,treadmill_01_01,camargo_treadmill,114,0.3,0.5,0.0,12.0
3.753145014475236,5.34716154647713,0.035522734426621905,0.1342105829674808,0.25096183538968087,AB11,treadmill_01_01,camargo_treadmill,114,0.2,0.5,0.0,12.0
3.556157910774129,5.225593343159565,0.03568671838271505,0.12679707412120686,0.23704427605633416,AB11,treadmill_01_01,camargo_treadmill,114,0.4,2.0,0.0,12.0
3.3083870704610634,4.871290953330793,0.03162386286768381,0.11838195381208887,0.22107486715060043,AB11,treadmill_01_01,camargo_treadmill,114,0.2,1.0,0.0,12.0
4.1817661854634585,6.076250525880058,0.04190658749251824,0.14893441807257732,0.27919230858761285,AB11,treadmill_01_01,camargo_treadmill,114,0.4,0.5,0.0,12.0
2.9737262481309257,4.410642276584677,0.028171431567896945,0.10654434608502648,0.19868876860335313,AB11,treadmill_01_01,camargo_treadmill,114,0.2,2.0,0.0,12.0
3.2997164805606203,4.798752801139469,0.03176890289835631,0.1179391667245738,0.22004177283987592,AB11,treadmill_01_01,camargo_treadmill,114,0.3,0.5,2.0,5.0
3.43924743566364,4.968884686297997,0.03307691711585414,0.12289476284007499,0.2292493588189868,AB11,treadmill_01_01,camargo_treadmill,114,0.4,0.5,2.0,5.0
3.588860363645538,5.2276584172119325,0.035202163435213166,0.12806496331187153,0.2397888611827431,AB11,treadmill_01_01,camargo_treadmill,114,0.3,0.5,2.0,8.0
3.753498564092914,5.469884746790004,0.037180297634481295,0.1338383475322882,0.25067015823030314,AB11,treadmill_01_01,camargo_treadmill,114,0.4,0.5,2.0,8.0
3.732033433078634,5.593918792790544,0.03762644247042078,0.13255299410997326,0.24819686037382194,AB11,treadmill_02_01,camargo_treadmill,118,0.3,1.0,0.0,12.0
3.3996546543436983,5.123840964810044,0.034091192340010394,0.12078868717529097,0.22589566389233842,AB11,treadmill_02_01,camargo_treadmill,118,0.3,2.0,0.0,12.0
4.015129346441934,6.019057175146169,0.04090641548207418,0.14241519177930578,0.2668128689893992,AB11,treadmill_02_01,camargo_treadmill,118,0.4,1.0,0.0,12.0
4.164238822384499,6.082100381973152,0.04148452407521275,0.14798196241983316,0.27725326884285484,AB11,treadmill_02_01,camargo_treadmill,118,0.3,0.5,0.0,12.0
3.942480154546483,5.703738794865152,0.03819846507666721,0.140443487573349,0.2627275197237003,AB11,treadmill_02_01,camargo_treadmill,118,0.2,0.5,0.0,12.0
3.733506040590967,5.5797481947733925,0.03763495861422351,0.13249752600844372,0.24785314216789595,AB11,treadmill_02_01,camargo_treadmill,118,0.4,2.0,0.0,12.0
3.482640457826811,5.20341423688634,0.034076043529799156,0.12405308801529435,0.2318697847137869,AB11,treadmill_02_01,camargo_treadmill,118,0.2,1.0,0.0,12.0
4.402992679378005,6.4776315124214126,0.044475966690326864,0.15625369449438894,0.29294549159573774,AB11,treadmill_02_01,camargo_treadmill,118,0.4,0.5,0.0,12.0
3.1200844905520477,4.720404750482249,0.030323161904949165,0.11120566206099516,0.20762046337353293,AB11,treadmill_02_01,camargo_treadmill,118,0.2,2.0,0.0,12.0
3.602502764597577,5.303747193602752,0.03461910738895051,0.1282107728142297,0.23922950954479832,AB11,treadmill_02_01,camargo_treadmill,118,0.3,0.5,2.0,5.0
3.7376980030687643,5.476668052877917,0.035861280955097045,0.13299736407401433,0.24810447283930873,AB11,treadmill_02_01,camargo_treadmill,118,0.4,0.5,2.0,5.0
3.8885627809142576,5.745394868247379,0.03878996045608719,0.13812633972359956,0.2587461980984308,AB11,treadmill_02_01,camargo_treadmill,118,0.3,0.5,2.0,8.0
4.06157387296638,6.004718208523992,0.04073166435803544,0.1441785141862548,0.2701152709124091,AB11,treadmill_02_01,camargo_treadmill,118,0.4,0.5,2.0,8.0
3.991368949150019,5.917916548570212,0.03982907572939212,0.14141280691003438,0.2649604792096442,AB11,treadmill_03_01,camargo_treadmill,119,0.3,1.0,0.0,12.0
3.6318208757973416,5.425453660305065,0.03606195723602892,0.12874359441975122,0.24091244612452659,AB11,treadmill_03_01,camargo_treadmill,119,0.3,2.0,0.0,12.0
4.290079609056591,6.354750329016059,0.0432482470958965,0.151840513233045,0.2846471997238725,AB11,treadmill_03_01,camargo_treadmill,119,0.4,1.0,0.0,12.0
4.453970175640334,6.434911217997177,0.043990263982344194,0.15784896308068352,0.2959971857240872,AB11,treadmill_03_01,camargo_treadmill,119,0.3,0.5,0.0,12.0
4.2183094673184796,6.047868119226692,0.04058662387978945,0.14981092832721513,0.2805305356307258,AB11,treadmill_03_01,camargo_treadmill,119,0.2,0.5,0.0,12.0
3.9851246358440826,5.895867834754411,0.039773163800066576,0.1411605453997789,0.26421281139676045,AB11,treadmill_03_01,camargo_treadmill,119,0.4,2.0,0.0,12.0
3.721461998400937,5.516228488450227,0.03611053610485264,0.13217097301293035,0.24724027133633367,AB11,treadmill_03_01,camargo_treadmill,119,0.2,1.0,0.0,12.0
4.703440130706128,6.83942143347704,0.04708133945321388,0.16650546446183082,0.3124220114472656,AB11,treadmill_03_01,camargo_treadmill,119,0.4,0.5,0.0,12.0
3.326436149778108,5.008330055863335,0.032087477751882795,0.11822484050639127,0.22087157278209518,AB11,treadmill_03_01,camargo_treadmill,119,0.2,2.0,0.0,12.0
3.8438783173191706,5.539830212426313,0.03659826369635005,0.13652508401416621,0.25486737004121934,AB11,treadmill_03_01,camargo_treadmill,119,0.3,0.5,2.0,5.0
3.9914450368260943,5.7228701883555395,0.03789522031333903,0.14176719208616295,0.2645829263621491,AB11,treadmill_03_01,camargo_treadmill,119,0.4,0.5,2.0,5.0
4.152314659562442,6.034183245390834,0.041146837107058076,0.147116610177811,0.27580429409287,AB11,treadmill_03_01,camargo_treadmill,119,0.3,0.5,2.0,8.0
4.339344635956345,6.306091424996079,0.04315953343285471,0.15368342109720928,0.2881145289608037,AB11,treadmill_03_01,camargo_treadmill,119,0.4,0.5,2.0,8.0
4.021743406774401,5.942942685490842,0.041829221879517514,0.14254016775681935,0.26611707923515643,AB11,treadmill_04_01,camargo_treadmill,127,0.3,1.0,0.0,12.0
3.636200788492132,5.436457943028093,0.03772986381967572,0.128940878286888,0.24044835139994922,AB11,treadmill_04_01,camargo_treadmill,127,0.3,2.0,0.0,12.0
4.34966951237482,6.480082301369265,0.04562766639971032,0.1539582442886631,0.28753065477266315,AB11,treadmill_04_01,camargo_treadmill,127,0.4,1.0,0.0,12.0
4.565787669101907,6.505298461486035,0.0467200172182287,0.1619682254961986,0.3024764582097124,AB11,treadmill_04_01,camargo_treadmill,127,0.3,0.5,0.0,12.0
4.3118023028146295,6.01192889015003,0.04299956325206909,0.15331788826853174,0.28599797465530896,AB11,treadmill_04_01,camargo_treadmill,127,0.2,0.5,0.0,12.0
4.036777670215018,6.0153957559496645,0.04192537105702519,0.14300917218179987,0.2666680153724341,AB11,treadmill_04_01,camargo_treadmill,127,0.4,2.0,0.0,12.0
3.728515547337122,5.428872478820516,0.03771879005229697,0.13250708714510245,0.24706546329107887,AB11,treadmill_04_01,camargo_treadmill,127,0.2,1.0,0.0,12.0
4.835475564143142,7.000883489531387,0.05011165198507791,0.17129611759411117,0.3200479922682752,AB11,treadmill_04_01,camargo_treadmill,127,0.4,0.5,0.0,12.0
3.2891000008430447,4.9004379527821165,0.033241863348732234,0.11694382318199256,0.21785450179387056,AB11,treadmill_04_01,camargo_treadmill,127,0.2,2.0,0.0,12.0
3.8021486590290254,5.602904409350243,0.036844117185869,0.1351278126950358,0.25124743578422126,AB11,treadmill_04_01,camargo_treadmill,127,0.3,0.5,2.0,5.0
3.9450423294837544,5.798348620190044,0.038167788213883835,0.14017096868125947,0.2605811146326768,AB11,treadmill_04_01,camargo_treadmill,127,0.4,0.5,2.0,5.0
4.0970483371901105,5.957903737317098,0.041706339433072344,0.14534533374834582,0.27137754896898414,AB11,treadmill_04_01,camargo_treadmill,127,0.3,0.5,2.0,8.0
4.279583933456581,6.261535842685925,0.04378165344850161,0.15170749524356075,0.2832876474265523,AB11,treadmill_04_01,camargo_treadmill,127,0.4,0.5,2.0,8.0
4.1498721171109905,6.144289482997084,0.04221696987561571,0.14575748417207854,0.27261673865149666,AB11,treadmill_05_01,camargo_treadmill,130,0.3,1.0,0.0,12.0
3.7967454743929903,5.668208197030533,0.03839215714735933,0.1334739218899176,0.2493463945793394,AB11,treadmill_05_01,camargo_treadmill,130,0.3,2.0,0.0,12.0
4.471590001196745,6.650126801117508,0.045869206295832875,0.1568571176751339,0.2935260071808802,AB11,treadmill_05_01,camargo_treadmill,130,0.4,1.0,0.0,12.0
4.663520556999032,6.693914644057435,0.04694243732145688,0.1638668286696988,0.3066415285778799,AB11,treadmill_05_01,camargo_treadmill,130,0.3,0.5,0.0,12.0
4.405569523396033,6.220329179769145,0.043363439914253246,0.15515879908233873,0.28999173713642806,AB11,treadmill_05_01,camargo_treadmill,130,0.2,0.5,0.0,12.0
4.181937699732669,6.2054857738666,0.042417125729898836,0.14687290779225365,0.27443974856009756,AB11,treadmill_05_01,camargo_treadmill,130,0.4,2.0,0.0,12.0
3.8555861015457737,5.65904999840171,0.03824577119479283,0.13579074605733968,0.25360295742632233,AB11,treadmill_05_01,camargo_treadmill,130,0.2,1.0,0.0,12.0
4.931317517590773,7.166508503870747,0.05019287652043639,0.1730504597992644,0.32401229921290714,AB11,treadmill_05_01,camargo_treadmill,130,0.4,0.5,0.0,12.0
3.4583458430119434,5.172887704881458,0.03406631201905802,0.12191788947423342,0.2274446855221174,AB11,treadmill_05_01,camargo_treadmill,130,0.2,2.0,0.0,12.0
4.118631011388454,6.030527486230397,0.03880310749467972,0.14504512812810966,0.2701256709501551,AB11,treadmill_05_01,camargo_treadmill,130,0.3,0.5,2.0,5.0
4.266411003238108,6.2257114274084975,0.04011529037284578,0.15024489369834004,0.2797551615723199,AB11,treadmill_05_01,camargo_treadmill,130,0.4,0.5,2.0,5.0
4.311825136896952,6.314340011924681,0.043394879347749646,0.1514053104432278,0.28332075537484663,AB11,treadmill_05_01,camargo_treadmill,130,0.3,0.5,2.0,8.0
4.507127780058241,6.622667711778322,0.04545958277505331,0.15819441243530488,0.29602348375592547,AB11,treadmill_05_01,camargo_treadmill,130,0.4,0.5,2.0,8.0
4.2310382122967995,6.306348160465617,0.042400412415520505,0.14842019395621917,0.2778231039579337,AB11,treadmill_06_01,camargo_treadmill,132,0.3,1.0,0.0,12.0
3.906509948310221,5.8492986194648315,0.038793818031620436,0.13720508184328772,0.25648008599388283,AB11,treadmill_06_01,camargo_treadmill,132,0.3,2.0,0.0,12.0
4.532899306023639,6.764713097870669,0.045899325218350315,0.1588221402344398,0.29748464342684156,AB11,treadmill_06_01,camargo_treadmill,132,0.4,1.0,0.0,12.0
4.698141005669703,6.823391621633598,0.04679011741731231,0.16479144386575112,0.3087183581527059,AB11,treadmill_06_01,camargo_treadmill,132,0.3,0.5,0.0,12.0
4.45613902928409,6.398160847985527,0.04334345669144046,0.1566389960426143,0.29303755491852446,AB11,treadmill_06_01,camargo_treadmill,132,0.2,0.5,0.0,12.0
4.26317259532447,6.330222251828397,0.042629820451827304,0.1495858029262803,0.27974278411087095,AB11,treadmill_06_01,camargo_treadmill,132,0.4,2.0,0.0,12.0
3.9597315538400273,5.8792589747014565,0.03859234871563223,0.13926275710178287,0.2602423758807064,AB11,treadmill_06_01,camargo_treadmill,132,0.2,1.0,0.0,12.0
4.952000754667214,7.255824989874655,0.04991188203935356,0.17349179082157412,0.325234868425496,AB11,treadmill_06_01,camargo_treadmill,132,0.4,0.5,0.0,12.0
3.6022348329562597,5.424933346724253,0.0346796301949814,0.12687010267469448,0.23675456120022498,AB11,treadmill_06_01,camargo_treadmill,132,0.2,2.0,0.0,12.0
4.118548011452916,5.999703390347843,0.038829399066774475,0.1448244128631637,0.27000114082406257,AB11,treadmill_06_01,camargo_treadmill,132,0.3,0.5,2.0,5.0
4.264771261705888,6.188196309926435,0.04007875542799105,0.14998210040677792,0.279543350669667,AB11,treadmill_06_01,camargo_treadmill,132,0.4,0.5,2.0,5.0
4.338552715112445,6.391061676933227,0.04333894482085993,0.15210016207533505,0.28487103629353266,AB11,treadmill_06_01,camargo_treadmill,132,0.3,0.5,2.0,8.0
4.5279956206847265,6.678118343472757,0.04531271958498849,0.15869343812285885,0.2972149184536902,AB11,treadmill_06_01,camargo_treadmill,132,0.4,0.5,2.0,8.0
4.673373294172493,6.828477414307097,0.04774729669389782,0.16425864310149843,0.3066533629585153,AB11,treadmill_07_01,camargo_treadmill,136,0.3,1.0,0.0,12.0
4.2102777893106555,6.22199845936554,0.042661841060751646,0.14814168796988533,0.27620208876777075,AB11,treadmill_07_01,camargo_treadmill,136,0.3,2.0,0.0,12.0
4.974820392314073,7.277929290636623,0.05144016953899427,0.17463573579359518,0.3262905297410337,AB11,treadmill_07_01,camargo_treadmill,136,0.4,1.0,0.0,12.0
5.287911398669191,7.5173385804756245,0.053788410140416736,0.18582999233768924,0.347226946850663,AB11,treadmill_07_01,camargo_treadmill,136,0.3,0.5,0.0,12.0
5.046565431550819,7.100850729897624,0.05016343164878355,0.17770684745162094,0.33159189638158393,AB11,treadmill_07_01,camargo_treadmill,136,0.2,0.5,0.0,12.0
4.57284264518338,6.69673410467589,0.04674731990999204,0.1607339018502677,0.29987266109499916,AB11,treadmill_07_01,camargo_treadmill,136,0.4,2.0,0.0,12.0
4.3984947173918485,6.41105851645821,0.04370406250226204,0.15497099385625196,0.28882313748519617,AB11,treadmill_07_01,camargo_treadmill,136,0.2,1.0,0.0,12.0
5.538210078010949,7.940380122269664,0.057056560154121354,0.19438868642695356,0.36350206160446447,AB11,treadmill_07_01,camargo_treadmill,136,0.4,0.5,0.0,12.0
3.8950315941026172,5.805647092297769,0.03824353804107293,0.13739754070289076,0.25571400286056223,AB11,treadmill_07_01,camargo_treadmill,136,0.2,2.0,0.0,12.0
4.436632625277037,6.340026259013874,0.04283870784637898,0.1562135383110406,0.29095845795957337,AB11,treadmill_07_01,camargo_treadmill,136,0.3,0.5,2.0,5.0
4.5785526032678545,6.519098736502591,0.04413735992832013,0.16120813273274734,0.30019564549636907,AB11,treadmill_07_01,camargo_treadmill,136,0.4,0.5,2.0,5.0
4.854411632952201,7.013977231502728,0.049609652490865734,0.170445946573294,0.3186290505309606,AB11,treadmill_07_01,camargo_treadmill,136,0.3,0.5,2.0,8.0
5.040966676397418,7.292674990674917,0.05168180993980799,0.1769246397928677,0.33076325604198237,AB11,treadmill_07_01,camargo_treadmill,136,0.4,0.5,2.0,8.0
3.236085712453861,4.440262475498732,0.031774654035407045,0.11456054262745807,0.2073917963562402,AB12,treadmill_01_01,camargo_treadmill,109,0.3,1.0,0.0,12.0
2.875549241643028,4.20217223402906,0.028784602558185247,0.10162171706690547,0.18355890677438205,AB12,treadmill_01_01,camargo_treadmill,109,0.3,2.0,0.0,12.0
3.542219887868235,4.987289974858444,0.03525597436461347,0.12530108086970193,0.22672873896994766,AB12,treadmill_01_01,camargo_treadmill,109,0.4,1.0,0.0,12.0
3.6960785079483207,4.714088412953134,0.035140142101581257,0.13110442435488073,0.23772549591358175,AB12,treadmill_01_01,camargo_treadmill,109,0.3,0.5,0.0,12.0
3.4605161572791245,4.207020370335319,0.03176965367647676,0.12294070054533318,0.22293846060229106,AB12,treadmill_01_01,camargo_treadmill,109,0.2,0.5,0.0,12.0
3.222824065971393,4.757511505200259,0.032508930129757016,0.11385289373647575,0.2055534382485742,AB12,treadmill_01_01,camargo_treadmill,109,0.4,2.0,0.0,12.0
2.9915058500560194,3.9405656171327785,0.02821608896020901,0.10608339356360034,0.19201314218553162,AB12,treadmill_01_01,camargo_treadmill,109,0.2,1.0,0.0,12.0
3.966588468743603,5.244323326324976,0.03835455993404518,0.14056589966674055,0.25476133137411483,AB12,treadmill_01_01,camargo_treadmill,109,0.4,0.5,0.0,12.0
2.6223669059827857,3.7198526313711993,0.025094256326367456,0.09283525862085457,0.16763695550200547,AB12,treadmill_01_01,camargo_treadmill,109,0.2,2.0,0.0,12.0
3.0724177964222044,4.21910677858794,0.029153041430938696,0.1088316258367548,0.19665422072288072,AB12,treadmill_01_01,camargo_treadmill,109,0.3,0.5,2.0,5.0
3.2299136552717695,4.466456406164821,0.030610256800725467,0.11443112375587913,0.20668225303174143,AB12,treadmill_01_01,camargo_treadmill,109,0.4,0.5,2.0,5.0
3.3436256756754665,4.338184788236203,0.03164637460524975,0.11857626409286853,0.21488512318352318,AB12,treadmill_01_01,camargo_treadmill,109,0.3,0.5,2.0,8.0
3.539725514859747,4.705879489063748,0.03384217763084604,0.12547925596470452,0.22729744511238478,AB12,treadmill_01_01,camargo_treadmill,109,0.4,0.5,2.0,8.0
3.2241298524416524,4.848488355788331,0.03246380390871412,0.1141108203025172,0.20655131065282478,AB12,treadmill_02_01,camargo_treadmill,113,0.3,1.0,0.0,12.0
3.012223147594389,4.628511070756047,0.03020231158181028,0.10657968686466104,0.19272633239409107,AB12,treadmill_02_01,camargo_treadmill,113,0.3,2.0,0.0,12.0
3.5647383244978563,5.357044327042573,0.03610496317011861,0.12616369629974658,0.22832870028424582,AB12,treadmill_02_01,camargo_treadmill,113,0.4,1.0,0.0,12.0
3.5285365499944046,5.1061702055192155,0.035167988355260804,0.12499823870120316,0.22651331266102115,AB12,treadmill_02_01,camargo_treadmill,113,0.3,0.5,0.0,12.0
3.253583938015297,4.653757143404203,0.03159536341541073,0.11533438627103358,0.20899245280974302,AB12,treadmill_02_01,camargo_treadmill,113,0.2,0.5,0.0,12.0
3.3873804718619076,5.153104318587238,0.03406612489599668,0.11987615457708213,0.21671542566187502,AB12,treadmill_02_01,camargo_treadmill,113,0.4,2.0,0.0,12.0
2.932752355256794,4.399794654420217,0.028669335289794734,0.10385584209811616,0.18796736359246835,AB12,treadmill_02_01,camargo_treadmill,113,0.2,1.0,0.0,12.0
3.8293603927868367,5.594610932023944,0.038522011165034516,0.1356182660887211,0.24571464286666603,AB12,treadmill_02_01,camargo_treadmill,113,0.4,0.5,0.0,12.0
2.717725543734346,4.186089114339661,0.02629346777566586,0.09621766511067366,0.17398953769983663,AB12,treadmill_02_01,camargo_treadmill,113,0.2,2.0,0.0,12.0
3.224133541818908,4.765940881560199,0.031056446382638884,0.11421326778776253,0.20630712893703293,AB12,treadmill_02_01,camargo_treadmill,113,0.3,0.5,2.0,5.0
3.419725388041119,5.015937990475786,0.032634696254360315,0.12121057054019123,0.21891279670095967,AB12,treadmill_02_01,camargo_treadmill,113,0.4,0.5,2.0,5.0
3.2944828305883322,4.8228754687622315,0.03270137311025986,0.1166628623024248,0.21122729178103308,AB12,treadmill_02_01,camargo_treadmill,113,0.3,0.5,2.0,8.0
3.532865423160086,5.17550460625413,0.035032124852463355,0.12513257028717412,0.22650582827003818,AB12,treadmill_02_01,camargo_treadmill,113,0.4,0.5,2.0,8.0
3.5918774131586235,4.737785773778643,0.03410445235681015,0.12743485795610326,0.23125308812484732,AB12,treadmill_03_01,camargo_treadmill,113,0.3,1.0,0.0,12.0
3.1597855610395045,4.483971647079557,0.030734864719781246,0.11190382265103921,0.20254254085535706,AB12,treadmill_03_01,camargo_treadmill,113,0.3,2.0,0.0,12.0
3.9244647895853553,5.298970472161986,0.03779037897499755,0.13914982693609165,0.2523498549114465,AB12,treadmill_03_01,camargo_treadmill,113,0.4,1.0,0.0,12.0
4.142198565074775,5.039626349088715,0.03807820554136031,0.14722554062283413,0.26771785175266904,AB12,treadmill_03_01,camargo_treadmill,113,0.3,0.5,0.0,12.0
3.889388014680262,4.532025591789858,0.03459829499253687,0.1383954338572666,0.2517633247485801,AB12,treadmill_03_01,camargo_treadmill,113,0.2,0.5,0.0,12.0
3.546746745497793,5.062798757806937,0.034756809216115424,0.12558436927164857,0.22715461916297566,AB12,treadmill_03_01,camargo_treadmill,113,0.4,2.0,0.0,12.0
3.314913629025451,4.232384904727807,0.03032395495514773,0.11773771765817065,0.21372871384608338,AB12,treadmill_03_01,camargo_treadmill,113,0.2,1.0,0.0,12.0
4.425423698162704,5.577178250960976,0.04140255220475775,0.15716472337084025,0.2856213706645305,AB12,treadmill_03_01,camargo_treadmill,113,0.4,0.5,0.0,12.0
2.8602139425793696,3.9856046387525117,0.02670559374636025,0.10138970409304753,0.18357631643071715,AB12,treadmill_03_01,camargo_treadmill,113,0.2,2.0,0.0,12.0
3.35214584868367,4.583527135688897,0.030897258468179624,0.1189074260941749,0.21504559441209706,AB12,treadmill_03_01,camargo_treadmill,113,0.3,0.5,2.0,5.0
3.5325999772812313,4.844329380316146,0.03248750729111847,0.1253228185739107,0.22655203453855885,AB12,treadmill_03_01,camargo_treadmill,113,0.4,0.5,2.0,5.0
3.66464655040563,4.661982127649884,0.0339037118077817,0.13014582785934745,0.2363164864445492,AB12,treadmill_03_01,camargo_treadmill,113,0.3,0.5,2.0,8.0
3.885266476416771,5.044919230428001,0.03624099538084592,0.13793127243227998,0.25030799984450186,AB12,treadmill_03_01,camargo_treadmill,113,0.4,0.5,2.0,8.0
3.7625401736317126,5.05455352789985,0.03762050483899504,0.13312888208184837,0.2407761025997611,AB12,treadmill_04_01,camargo_treadmill,116,0.3,1.0,0.0,12.0
3.2566849199250205,4.734520440125936,0.03351509860056174,0.1151118261837315,0.20754901614585106,AB12,treadmill_04_01,camargo_treadmill,116,0.3,2.0,0.0,12.0
4.071600800988409,5.641170287191466,0.041427225238157485,0.1439874895891648,0.26024603521707435,AB12,treadmill_04_01,camargo_treadmill,116,0.4,1.0,0.0,12.0
4.4092450910005745,5.415385723477511,0.04234694593016272,0.15624890300843786,0.28319306097106095,AB12,treadmill_04_01,camargo_treadmill,116,0.3,0.5,0.0,12.0
4.188323076154676,4.88528194258052,0.03880164576700435,0.14857412421115473,0.2693708774877173,AB12,treadmill_04_01,camargo_treadmill,116,0.2,0.5,0.0,12.0
3.632425071487265,5.345014597249259,0.03774815270830289,0.12838744890269913,0.2313038100024846,AB12,treadmill_04_01,camargo_treadmill,116,0.4,2.0,0.0,12.0
3.5198550561185002,4.519462418816103,0.033735257021015014,0.12467458348048191,0.2255647855989766,AB12,treadmill_04_01,camargo_treadmill,116,0.2,1.0,0.0,12.0
4.667236540897069,5.970452941231351,0.04574243357802833,0.16527160192887932,0.29938734763908026,AB12,treadmill_04_01,camargo_treadmill,116,0.4,0.5,0.0,12.0
2.9821497563654966,4.202073218042696,0.029292377674164774,0.10549509566611004,0.19032477279361695,AB12,treadmill_04_01,camargo_treadmill,116,0.2,2.0,0.0,12.0
3.2299095313239623,4.411839390309459,0.031082909404159847,0.11450645794942299,0.20650902993325915,AB12,treadmill_04_01,camargo_treadmill,116,0.3,0.5,2.0,5.0
3.3810513277496708,4.657384507935477,0.032597410701597586,0.1198730918937042,0.21607567414756113,AB12,treadmill_04_01,camargo_treadmill,116,0.4,0.5,2.0,5.0
3.7795898842095577,4.760144815874566,0.036092178380222155,0.1339644443828193,0.2425367381579031,AB12,treadmill_04_01,camargo_treadmill,116,0.3,0.5,2.0,8.0
3.9521928113389477,5.115847522659455,0.03829877008096601,0.14003337557017834,0.2534054019809666,AB12,treadmill_04_01,camargo_treadmill,116,0.4,0.5,2.0,8.0
3.8493750440974983,5.657983300824482,0.03968951799032734,0.1356991948645939,0.24469043318138398,AB12,treadmill_05_01,camargo_treadmill,117,0.3,1.0,0.0,12.0
3.452738977159295,5.242599032331079,0.035639116667148814,0.12167004904115213,0.2190651993187066,AB12,treadmill_05_01,camargo_treadmill,117,0.3,2.0,0.0,12.0
4.241268030191981,6.209509424512561,0.04392932790618213,0.1495407585985371,0.26961281242622304,AB12,treadmill_05_01,camargo_treadmill,117,0.4,1.0,0.0,12.0
4.348065774159089,6.1140532949635595,0.04428412297868642,0.15339257851891622,0.2770532685662927,AB12,treadmill_05_01,camargo_treadmill,117,0.3,0.5,0.0,12.0
4.031864087461188,5.623676031656198,0.04020111904073207,0.14228643457821252,0.25698910020544824,AB12,treadmill_05_01,camargo_treadmill,117,0.2,0.5,0.0,12.0
3.8978594547681653,5.819721690301164,0.040255966300432044,0.13743542490505914,0.24740316664750325,AB12,treadmill_05_01,camargo_treadmill,117,0.4,2.0,0.0,12.0
3.49983269092408,5.170625642850388,0.03522900880807875,0.12337913886006309,0.2224518390990854,AB12,treadmill_05_01,camargo_treadmill,117,0.2,1.0,0.0,12.0
4.68231282396672,6.637801710128369,0.04808942493398597,0.165156026034047,0.2982550702554768,AB12,treadmill_05_01,camargo_treadmill,117,0.4,0.5,0.0,12.0
3.086797005465346,4.760634382305323,0.03091070545418784,0.10874145275287933,0.19578370521365826,AB12,treadmill_05_01,camargo_treadmill,117,0.2,2.0,0.0,12.0
3.9472170965568116,5.51888800531953,0.0383499043692005,0.13944343992801822,0.2510928634994419,AB12,treadmill_05_01,camargo_treadmill,117,0.3,0.5,2.0,5.0
4.180135103858702,5.803491252919808,0.040286236427391674,0.14773090144570236,0.26595821038129,AB12,treadmill_05_01,camargo_treadmill,117,0.4,0.5,2.0,5.0
4.075883129716134,5.740504875617387,0.041472961273242875,0.1437893467659848,0.2595546000500024,AB12,treadmill_05_01,camargo_treadmill,117,0.3,0.5,2.0,8.0
4.363566133644532,6.150534905263839,0.04430600215772653,0.1539698275123114,0.27784275262220703,AB12,treadmill_05_01,camargo_treadmill,117,0.4,0.5,2.0,8.0
3.7774088154263574,5.569222276838909,0.0398756433511274,0.1334850612782874,0.23985934274706341,AB12,treadmill_06_01,camargo_treadmill,122,0.3,1.0,0.0,12.0
3.3985322266487223,5.142689547164267,0.03562361181472981,0.12006952116481859,0.2154579141858035,AB12,treadmill_06_01,camargo_treadmill,122,0.3,2.0,0.0,12.0
4.175578552395418,6.11652855189878,0.04419571110804164,0.14759218514569084,0.265221335399068,AB12,treadmill_06_01,camargo_treadmill,122,0.4,1.0,0.0,12.0
4.26444413699736,6.048497131398281,0.04473005741397323,0.1507815610143484,0.2713937110816196,AB12,treadmill_06_01,camargo_treadmill,122,0.3,0.5,0.0,12.0
3.9489313119271805,5.57379163115486,0.04060128352377996,0.13965700213315105,0.2513340682562981,AB12,treadmill_06_01,camargo_treadmill,122,0.2,0.5,0.0,12.0
3.8522404634380596,5.716314035487719,0.0403432926053998,0.13619654246612223,0.24440360705681974,AB12,treadmill_06_01,camargo_treadmill,122,0.4,2.0,0.0,12.0
3.4271948778013197,5.099335458382451,0.03534710037465355,0.1210841629156617,0.21751248509096577,AB12,treadmill_06_01,camargo_treadmill,122,0.2,1.0,0.0,12.0
4.602114264313292,6.566797364678088,0.04859121499093497,0.16269869049480873,0.2928345029173612,AB12,treadmill_06_01,camargo_treadmill,122,0.4,0.5,0.0,12.0
3.0312928672810737,4.681138769820815,0.030809965882855086,0.1070186746237632,0.19200006922917087,AB12,treadmill_06_01,camargo_treadmill,122,0.2,2.0,0.0,12.0
3.941852549639278,5.452308919683313,0.03870035721401507,0.13960539714793654,0.250762883808894,AB12,treadmill_06_01,camargo_treadmill,122,0.3,0.5,2.0,5.0
4.17795735342377,5.740725248694715,0.04067411723371412,0.14801333812099549,0.2658212147770588,AB12,treadmill_06_01,camargo_treadmill,122,0.4,0.5,2.0,5.0
4.047751113230282,5.700014652419329,0.042114400324418426,0.14311718191224812,0.25754324951570234,AB12,treadmill_06_01,camargo_treadmill,122,0.3,0.5,2.0,8.0
4.338611652363452,6.109311319725029,0.044994584625130465,0.15342694543221086,0.2760323044191571,AB12,treadmill_06_01,camargo_treadmill,122,0.4,0.5,2.0,8.0
3.6066998619753186,5.317223604725905,0.037758192840469294,0.12726038125551872,0.2288189963025576,AB12,treadmill_07_01,camargo_treadmill,126,0.3,1.0,0.0,12.0
3.28937537735697,4.965492343315226,0.03429253645828097,0.11603743794987878,0.2083984309582871,AB12,treadmill_07_01,camargo_treadmill,126,0.3,2.0,0.0,12.0
4.02267127243662,5.90809616295771,0.04205548753316973,0.14195729898394924,0.2551944466826635,AB12,treadmill_07_01,camargo_treadmill,126,0.4,1.0,0.0,12.0
4.041692024999515,5.7331937713677785,0.04186268169558757,0.1427068187654914,0.25695560412692,AB12,treadmill_07_01,camargo_treadmill,126,0.3,0.5,0.0,12.0
3.7040948708900294,5.201575798432629,0.03775088667490485,0.13084242134789192,0.23561744798171733,AB12,treadmill_07_01,camargo_treadmill,126,0.2,0.5,0.0,12.0
3.7579491945153882,5.5780241622470825,0.03896330543570153,0.13264889382670805,0.2381658854470035,AB12,treadmill_07_01,camargo_treadmill,126,0.4,2.0,0.0,12.0
3.235287394611832,4.7890558754989785,0.03327413357274309,0.11415366002725318,0.20526461029025503,AB12,treadmill_07_01,camargo_treadmill,126,0.2,1.0,0.0,12.0
4.397335669261002,6.294128022241566,0.045721111809675224,0.15522225499944398,0.27943458034553365,AB12,treadmill_07_01,camargo_treadmill,126,0.4,0.5,0.0,12.0
2.905179737481869,4.450895531655677,0.029551808888954322,0.10243204068123891,0.18400193134664147,AB12,treadmill_07_01,camargo_treadmill,126,0.2,2.0,0.0,12.0
3.8459278753318653,5.4078521732660905,0.03695295522430168,0.1359986581469723,0.24416238050013594,AB12,treadmill_07_01,camargo_treadmill,126,0.3,0.5,2.0,5.0
4.077488521655273,5.693222150931725,0.03885956644648007,0.14423221768679742,0.2588915480287444,AB12,treadmill_07_01,camargo_treadmill,126,0.4,0.5,2.0,5.0
3.81858412106637,5.422403775039828,0.0390971764931675,0.13483182658139845,0.24262550672743466,AB12,treadmill_07_01,camargo_treadmill,126,0.3,0.5,2.0,8.0
4.115179209442508,5.848598299619584,0.041934266073535044,0.1453201484512384,0.2614128347165631,AB12,treadmill_07_01,camargo_treadmill,126,0.4,0.5,2.0,8.0
3.6507641053128546,5.4051629345820675,0.035943459963869176,0.1294584711475208,0.25009947759813134,AB13,treadmill_01_01,camargo_treadmill,123,0.3,1.0,0.0,12.0
3.331929283646839,5.115007600386113,0.03273338283608205,0.11831560016770287,0.2279334425842231,AB13,treadmill_01_01,camargo_treadmill,123,0.3,2.0,0.0,12.0
3.843576267427004,5.737335237314452,0.03840843124443382,0.13602353365933523,0.26309911458403795,AB13,treadmill_01_01,camargo_treadmill,123,0.4,1.0,0.0,12.0
4.089674008956767,5.729371062215854,0.03954293673486801,0.14511098348614024,0.28071900110714715,AB13,treadmill_01_01,camargo_treadmill,123,0.3,0.5,0.0,12.0
3.9450037371070468,5.424153456212312,0.037105522051432194,0.14041619151619883,0.2710915283958778,AB13,treadmill_01_01,camargo_treadmill,123,0.2,0.5,0.0,12.0
3.578203253624483,5.47219508857152,0.03543556837596062,0.12686902495836833,0.24465768924459652,AB13,treadmill_01_01,camargo_treadmill,123,0.4,2.0,0.0,12.0
3.473548075455876,5.079073675470301,0.033260600225658965,0.1236037011698064,0.23823841599810788,AB13,treadmill_01_01,camargo_treadmill,123,0.2,1.0,0.0,12.0
4.242882813913499,6.034006831751952,0.04175905014034652,0.1502344247995377,0.29098596039393393,AB13,treadmill_01_01,camargo_treadmill,123,0.4,0.5,0.0,12.0
3.106042939248592,4.769424160689486,0.02982085976509334,0.11066343609813535,0.21268841201636002,AB13,treadmill_01_01,camargo_treadmill,123,0.2,2.0,0.0,12.0
3.447708672789607,5.038035502286424,0.03244359840574279,0.12275394490567205,0.23634982593550533,AB13,treadmill_01_01,camargo_treadmill,123,0.3,0.5,2.0,5.0
3.5211606626902747,5.160453543594788,0.03315943061038579,0.12535478650912038,0.24130950866695378,AB13,treadmill_01_01,camargo_treadmill,123,0.4,0.5,2.0,5.0
3.781513868979198,5.38193040788215,0.03645854530902825,0.1342386818893533,0.25944989895923176,AB13,treadmill_01_01,camargo_treadmill,123,0.3,0.5,2.0,8.0
3.8779667896474055,5.566881559196519,0.037688962176104145,0.13753182460207353,0.265922165219099,AB13,treadmill_01_01,camargo_treadmill,123,0.4,0.5,2.0,8.0
3.8456662948175833,5.242227458415144,0.0350405543256938,0.1378909429330373,0.26536514104588343,AB13,treadmill_02_01,camargo_treadmill,125,0.3,1.0,0.0,12.0
3.3755320423732935,4.891452387217181,0.031070739832771924,0.12112810153387311,0.2325089910414152,AB13,treadmill_02_01,camargo_treadmill,125,0.3,2.0,0.0,12.0
4.0397299262273325,5.589325490551817,0.03749038765236735,0.14457410465965748,0.27851435687319315,AB13,treadmill_02_01,camargo_treadmill,125,0.4,1.0,0.0,12.0
4.437502354857995,5.636575308479249,0.03943959876143346,0.15921433887809744,0.30674907570297305,AB13,treadmill_02_01,camargo_treadmill,125,0.3,0.5,0.0,12.0
4.298069412670704,5.324570646523534,0.03706130468650917,0.15463581055754497,0.29739104955007134,AB13,treadmill_02_01,camargo_treadmill,125,0.2,0.5,0.0,12.0
3.62775267964864,5.265274101675381,0.03377431025639466,0.12997744617152357,0.24969465240853198,AB13,treadmill_02_01,camargo_treadmill,125,0.4,2.0,0.0,12.0
3.6754225333647006,4.913491137852503,0.032428504945493764,0.13221126618035456,0.2538966126907271,AB13,treadmill_02_01,camargo_treadmill,125,0.2,1.0,0.0,12.0
4.5902692190089125,5.95580105175903,0.041635375841499137,0.1643873838510605,0.31705546297992415,AB13,treadmill_02_01,camargo_treadmill,125,0.4,0.5,0.0,12.0
3.1564120759684475,4.545886639491155,0.02823209852442808,0.11364204275529649,0.21765602552129762,AB13,treadmill_02_01,camargo_treadmill,125,0.2,2.0,0.0,12.0
3.4954334279807533,4.872969663064774,0.030762148768294122,0.12578754318330443,0.2410563497241676,AB13,treadmill_02_01,camargo_treadmill,125,0.3,0.5,2.0,5.0
3.576217401831309,5.006522006305561,0.03150809974191666,0.12867988396352323,0.24652599458486774,AB13,treadmill_02_01,camargo_treadmill,125,0.4,0.5,2.0,5.0
4.007395782703327,5.288454389995037,0.035872648366597044,0.14381204856938976,0.27682926851450546,AB13,treadmill_02_01,camargo_treadmill,125,0.3,0.5,2.0,8.0
4.107838397965366,5.486326201277292,0.03712883675834313,0.147283010921833,0.2836054139695493,AB13,treadmill_02_01,camargo_treadmill,125,0.4,0.5,2.0,8.0
3.8122965990928823,5.533956956286942,0.035680395099801,0.13517550741249598,0.2596814343965574,AB13,treadmill_03_01,camargo_treadmill,124,0.3,1.0,0.0,12.0
3.4205199150661154,5.13966446971253,0.03182569977179851,0.12149171196993441,0.2326774378291,AB13,treadmill_03_01,camargo_treadmill,124,0.3,2.0,0.0,12.0
4.037681151975919,5.910574961339512,0.038336875842243365,0.14291198473410974,0.2748036930374714,AB13,treadmill_03_01,camargo_treadmill,124,0.4,1.0,0.0,12.0
4.338179886385995,5.977638181234786,0.04002949209157536,0.15388697507071442,0.2960703999390157,AB13,treadmill_03_01,camargo_treadmill,124,0.3,0.5,0.0,12.0
4.174093108491791,5.636417293130232,0.03747916168814489,0.1485040398061971,0.28519414508661195,AB13,treadmill_03_01,camargo_treadmill,124,0.2,0.5,0.0,12.0
3.711712644169143,5.542401262325847,0.0347847099374254,0.13167367280828382,0.252352342612589,AB13,treadmill_03_01,camargo_treadmill,124,0.4,2.0,0.0,12.0
3.609745613095124,5.175978182867474,0.03283480148035958,0.128417982902381,0.24617642973627277,AB13,treadmill_03_01,camargo_treadmill,124,0.2,1.0,0.0,12.0
4.5141266285299615,6.323963511475974,0.042374148344757445,0.15982060876019444,0.3078029176435958,AB13,treadmill_03_01,camargo_treadmill,124,0.4,0.5,0.0,12.0
3.1612399843703507,4.768641254092578,0.02870125713990713,0.11263902161795623,0.21524829632887874,AB13,treadmill_03_01,camargo_treadmill,124,0.2,2.0,0.0,12.0
3.5821964041924366,5.140917427678288,0.03140998872566849,0.12779489572575167,0.24411499659950275,AB13,treadmill_03_01,camargo_treadmill,124,0.3,0.5,2.0,5.0
3.675116715457933,5.280144252839365,0.03220057293048346,0.13110634506447183,0.2503527349825872,AB13,treadmill_03_01,camargo_treadmill,124,0.4,0.5,2.0,5.0
3.9610865809853086,5.5496682416187735,0.036269873771166125,0.14067234370016637,0.27027642034781385,AB13,treadmill_03_01,camargo_treadmill,124,0.3,0.5,2.0,8.0
4.076036724073541,5.758514046982627,0.03756581599916166,0.14463998325716124,0.27794673360540323,AB13,treadmill_03_01,camargo_treadmill,124,0.4,0.5,2.0,8.0
3.932607604525001,5.752290770033327,0.03686257921471061,0.13874023939707322,0.2664644602987186,AB13,treadmill_04_01,camargo_treadmill,125,0.3,1.0,0.0,12.0
3.5131961352928793,5.349716480988848,0.03297563033889557,0.12410801922037902,0.23761880784085807,AB13,treadmill_04_01,camargo_treadmill,125,0.3,2.0,0.0,12.0
4.178229230447005,6.188766663161611,0.0396496881245222,0.14717432253316423,0.2828492204845899,AB13,treadmill_04_01,camargo_treadmill,125,0.4,1.0,0.0,12.0
4.48630216971463,6.192713342654798,0.04116439532302691,0.1584026115628812,0.3046617592866342,AB13,treadmill_04_01,camargo_treadmill,125,0.3,0.5,0.0,12.0
4.310454962330238,5.799316839774384,0.03848291115571504,0.15265834572840245,0.29307154344987085,AB13,treadmill_04_01,camargo_treadmill,125,0.2,0.5,0.0,12.0
3.833197557212261,5.8220677866326636,0.036073427909056904,0.13531688790187427,0.2591185423887316,AB13,treadmill_04_01,camargo_treadmill,125,0.4,2.0,0.0,12.0
3.715718615913684,5.333136499866198,0.033889709358690796,0.13152353603541245,0.2520909674590487,AB13,treadmill_04_01,camargo_treadmill,125,0.2,1.0,0.0,12.0
4.677983376565868,6.590439176184224,0.043636477137919134,0.16486165338783765,0.31737152929163553,AB13,treadmill_04_01,camargo_treadmill,125,0.4,0.5,0.0,12.0
3.2320899810771757,4.906249960830352,0.02972292333893614,0.11450875906906409,0.2188362952456809,AB13,treadmill_04_01,camargo_treadmill,125,0.2,2.0,0.0,12.0
3.6797426168008878,5.293251353463256,0.03193386581243933,0.13087090744098867,0.24957093015447096,AB13,treadmill_04_01,camargo_treadmill,125,0.3,0.5,2.0,5.0
3.773326382107752,5.451783056881938,0.0327173578083033,0.1342122031496758,0.25578803488798285,AB13,treadmill_04_01,camargo_treadmill,125,0.4,0.5,2.0,5.0
4.0298859985709985,5.620641340172663,0.036666693652017045,0.14246019640298532,0.2737004569710865,AB13,treadmill_04_01,camargo_treadmill,125,0.3,0.5,2.0,8.0
4.148236406992735,5.8582642786018955,0.037982456560619576,0.14654434828510096,0.281537555584347,AB13,treadmill_04_01,camargo_treadmill,125,0.4,0.5,2.0,8.0
4.050712953650516,5.733099467602334,0.036583220819441396,0.14314388515566445,0.273661867838726,AB13,treadmill_05_01,camargo_treadmill,126,0.3,1.0,0.0,12.0
3.605425129993858,5.348248399017079,0.032632430650127865,0.1275465338694848,0.24299813530639724,AB13,treadmill_05_01,camargo_treadmill,126,0.3,2.0,0.0,12.0
4.3169841578264245,6.19869188937173,0.039454360908489444,0.15233598716475105,0.2913489999466002,AB13,treadmill_05_01,camargo_treadmill,126,0.4,1.0,0.0,12.0
4.658854749518985,6.184721427711182,0.04115221454390625,0.16484254710232785,0.31564303465559596,AB13,treadmill_05_01,camargo_treadmill,126,0.3,0.5,0.0,12.0
4.476707972754837,5.778139594308998,0.03847227055988863,0.15887634234689343,0.3036979578270692,AB13,treadmill_05_01,camargo_treadmill,126,0.2,0.5,0.0,12.0
3.957961558838922,5.85679875254004,0.03587917835548865,0.1399621717600448,0.26660020570326626,AB13,treadmill_05_01,camargo_treadmill,126,0.4,2.0,0.0,12.0
3.8177546468656347,5.293360987331033,0.033548846249763,0.13534628721953698,0.25828215967023554,AB13,treadmill_05_01,camargo_treadmill,126,0.2,1.0,0.0,12.0
4.860823998820807,6.603200871737754,0.04364784361138608,0.17167354579328303,0.3289657679607124,AB13,treadmill_05_01,camargo_treadmill,126,0.4,0.5,0.0,12.0
3.2954383028591683,4.877730015809098,0.029245710523160592,0.11688559400085347,0.22234242051826308,AB13,treadmill_05_01,camargo_treadmill,126,0.2,2.0,0.0,12.0
3.7798008265443186,5.429684267800748,0.032301711234220806,0.13432094305670975,0.255162837367618,AB13,treadmill_05_01,camargo_treadmill,126,0.3,0.5,2.0,5.0
3.885738121876881,5.599751440923896,0.03312395924349452,0.1381184460715395,0.2621721239981228,AB13,treadmill_05_01,camargo_treadmill,126,0.4,0.5,2.0,5.0
4.147715074793252,5.668757969593268,0.036727984198138434,0.14674781422882133,0.28077783778209864,AB13,treadmill_05_01,camargo_treadmill,126,0.3,0.5,2.0,8.0
4.273602757262619,5.913137151328498,0.03805091533877583,0.15110485725870096,0.28907000674090805,AB13,treadmill_05_01,camargo_treadmill,126,0.4,0.5,2.0,8.0
4.420627628907133,6.5477031286519365,0.04280248180066047,0.156517601132725,0.2983380951990789,AB13,treadmill_06_01,camargo_treadmill,129,0.3,1.0,0.0,12.0
3.993352076654966,6.111379763084355,0.038423905304284245,0.1415333570197532,0.26893792552268764,AB13,treadmill_06_01,camargo_treadmill,129,0.3,2.0,0.0,12.0
4.702038368940492,7.023809885285145,0.04586515478260918,0.1663120916094195,0.317073769378848,AB13,treadmill_06_01,camargo_treadmill,129,0.4,1.0,0.0,12.0
5.007599529418961,7.037689708104668,0.047745042115689376,0.17752404244163744,0.33880142011859865,AB13,treadmill_06_01,camargo_treadmill,129,0.3,0.5,0.0,12.0
4.810392402830386,6.61942360497681,0.044868025242830616,0.17097269312027882,0.3257768943603783,AB13,treadmill_06_01,camargo_treadmill,129,0.2,0.5,0.0,12.0
4.365224169507176,6.636971272392422,0.04191131189615991,0.1547103818850748,0.29383563076091024,AB13,treadmill_06_01,camargo_treadmill,129,0.4,2.0,0.0,12.0
4.166615517013481,6.089528291825386,0.03950886976745198,0.14790859101032128,0.2814826039101692,AB13,treadmill_06_01,camargo_treadmill,129,0.2,1.0,0.0,12.0
5.219978634997545,7.460884562404262,0.05038141261167775,0.18477732858766238,0.3528698574845766,AB13,treadmill_06_01,camargo_treadmill,129,0.4,0.5,0.0,12.0
3.65705196037297,5.615187533394521,0.034719231351648484,0.12986072300905183,0.24648468625450476,AB13,treadmill_06_01,camargo_treadmill,129,0.2,2.0,0.0,12.0
4.104249969007068,6.053450554277435,0.03647226490406875,0.14638396966506442,0.2766323281381922,AB13,treadmill_06_01,camargo_treadmill,129,0.3,0.5,2.0,5.0
4.223386833256973,6.230135824608992,0.03738329472396734,0.1506885823076098,0.28453650605533043,AB13,treadmill_06_01,camargo_treadmill,129,0.4,0.5,2.0,5.0
4.403840597076196,6.279121794477969,0.04159985916996771,0.15624163104132763,0.29779856167195873,AB13,treadmill_06_01,camargo_treadmill,129,0.3,0.5,2.0,8.0
4.541279359795224,6.529776063497495,0.04301158875791041,0.16105446556321082,0.306885753927746,AB13,treadmill_06_01,camargo_treadmill,129,0.4,0.5,2.0,8.0
5.056548023517089,7.475964241939519,0.05074951535898512,0.17949769424828588,0.3409724131473237,AB13,treadmill_07_01,camargo_treadmill,131,0.3,1.0,0.0,12.0
4.496154371806286,6.8772437276320595,0.0447774135220358,0.1597181967976448,0.30265021555574007,AB13,treadmill_07_01,camargo_treadmill,131,0.3,2.0,0.0,12.0
5.347059872401287,7.967409490413047,0.054051065332793,0.18961512152296495,0.3603137402785835,AB13,treadmill_07_01,camargo_treadmill,131,0.4,1.0,0.0,12.0
5.759372375205161,8.112223066096469,0.05721573336939054,0.2046614941676482,0.38918692356854834,AB13,treadmill_07_01,camargo_treadmill,131,0.3,0.5,0.0,12.0
5.5472507450389585,7.669754975497569,0.054102543247617485,0.1975571432305332,0.3751736691285981,AB13,treadmill_07_01,camargo_treadmill,131,0.2,0.5,0.0,12.0
4.880371494700675,7.41899286104135,0.04856787227834263,0.17332837569582601,0.32837859189483676,AB13,treadmill_07_01,camargo_treadmill,131,0.4,2.0,0.0,12.0
4.785311434667871,6.990492559354445,0.04715905779185074,0.17025839697426579,0.322977210446856,AB13,treadmill_07_01,camargo_treadmill,131,0.2,1.0,0.0,12.0
5.979417488307164,8.548416710724966,0.060035759205798477,0.21219574856004123,0.40376755789768265,AB13,treadmill_07_01,camargo_treadmill,131,0.4,0.5,0.0,12.0
4.140269939321597,6.353849114156208,0.04071106438312063,0.14733955682639907,0.27889135581024166,AB13,treadmill_07_01,camargo_treadmill,131,0.2,2.0,0.0,12.0
4.440935380299349,6.55144020100854,0.04085748617020985,0.15869870495726382,0.29909738435948907,AB13,treadmill_07_01,camargo_treadmill,131,0.3,0.5,2.0,5.0
4.56436255501095,6.734560145638014,0.04184683568133439,0.1631547164613997,0.3072769409859062,AB13,treadmill_07_01,camargo_treadmill,131,0.4,0.5,2.0,5.0
5.002347754683744,7.125983375755813,0.04904302095814814,0.17794056998220495,0.337888772845476,AB13,treadmill_07_01,camargo_treadmill,131,0.3,0.5,2.0,8.0
5.148394296477018,7.38956448678882,0.05058148884491475,0.18306700681410393,0.34753658286172184,AB13,treadmill_07_01,camargo_treadmill,131,0.4,0.5,2.0,8.0
4.008569944967938,6.2671368661159885,0.03219446914413853,0.12375441052590998,0.22980574990038405,AB14,treadmill_01_01,camargo_treadmill,124,0.3,1.0,0.0,12.0
3.6764178971248707,5.844704242502436,0.029358011581710537,0.11358525553783322,0.21054570054528288,AB14,treadmill_01_01,camargo_treadmill,124,0.3,2.0,0.0,12.0
4.267821060631656,6.660224213295772,0.03471392089614513,0.13157709691655672,0.24460667319705698,AB14,treadmill_01_01,camargo_treadmill,124,0.4,1.0,0.0,12.0
4.408866095421448,6.705941643558367,0.03523363224158071,0.13610970708594627,0.2530351527478655,AB14,treadmill_01_01,camargo_treadmill,124,0.3,0.5,0.0,12.0
4.2159489594266555,6.362423196072142,0.032818393040210996,0.1304703666099517,0.24207464332502607,AB14,treadmill_01_01,camargo_treadmill,124,0.2,0.5,0.0,12.0
3.99755436893413,6.265643101417076,0.03218897356876134,0.12336090412746911,0.22890642475373268,AB14,treadmill_01_01,camargo_treadmill,124,0.4,2.0,0.0,12.0
3.7784715284642494,5.904015650555909,0.02944062267605022,0.11699914015052863,0.21671786131195356,AB14,treadmill_01_01,camargo_treadmill,124,0.2,1.0,0.0,12.0
4.616129868291178,7.062982629015987,0.0374080167991117,0.14231981056052492,0.2648522221571508,AB14,treadmill_01_01,camargo_treadmill,124,0.4,0.5,0.0,12.0
3.4004972736647527,5.470355616295853,0.026317467217160016,0.10540942223588737,0.1948328840530228,AB14,treadmill_01_01,camargo_treadmill,124,0.2,2.0,0.0,12.0
3.765029176876346,5.700444972519572,0.029440683774678546,0.11645775762285046,0.2158222323275601,AB14,treadmill_01_01,camargo_treadmill,124,0.3,0.5,2.0,5.0
3.8937175529588632,5.856175885193533,0.030264299589706715,0.12049197866953448,0.22318424189941952,AB14,treadmill_01_01,camargo_treadmill,124,0.4,0.5,2.0,5.0
3.9634689811977797,6.051637108455751,0.031695443322383936,0.12235105061892125,0.22746127252443304,AB14,treadmill_01_01,camargo_treadmill,124,0.3,0.5,2.0,8.0
4.109969683387714,6.272576797136655,0.03296142733601196,0.12683791650168671,0.23581969959027899,AB14,treadmill_01_01,camargo_treadmill,124,0.4,0.5,2.0,8.0
4.1595139238874,6.25350451994507,0.03260224354292642,0.1293877247277847,0.23960553053456557,AB14,treadmill_02_01,camargo_treadmill,125,0.3,1.0,0.0,12.0
3.745009298916441,5.823486439342545,0.029505527903374483,0.11643094097260506,0.2152708187136356,AB14,treadmill_02_01,camargo_treadmill,125,0.3,2.0,0.0,12.0
4.398553818088542,6.637595127037427,0.035048540681538454,0.13667623876833193,0.2532543185437853,AB14,treadmill_02_01,camargo_treadmill,125,0.4,1.0,0.0,12.0
4.651672969362041,6.694372345452489,0.03592526556355284,0.14484224129344678,0.26845091883335315,AB14,treadmill_02_01,camargo_treadmill,125,0.3,0.5,0.0,12.0
4.489419470787771,6.37310777489871,0.03366134187469706,0.14003828979483124,0.25923149504271226,AB14,treadmill_02_01,camargo_treadmill,125,0.2,0.5,0.0,12.0
4.050696148971758,6.2365670105677005,0.03230655092664149,0.1258284292528168,0.23274421462413555,AB14,treadmill_02_01,camargo_treadmill,125,0.4,2.0,0.0,12.0
3.960899799048815,5.912017714660414,0.029982228131710496,0.12348218566736112,0.2283200487415866,AB14,treadmill_02_01,camargo_treadmill,125,0.2,1.0,0.0,12.0
4.836961824796916,7.040059374446167,0.03799976590347085,0.1504543452289445,0.27902230490646257,AB14,treadmill_02_01,camargo_treadmill,125,0.4,0.5,0.0,12.0
3.4974898863457833,5.471339314666102,0.0265596346785478,0.10900039781624567,0.20120136419069984,AB14,treadmill_02_01,camargo_treadmill,125,0.2,2.0,0.0,12.0
3.741955337538239,5.555924503805421,0.02880962890125083,0.11660878534564745,0.21526299628470633,AB14,treadmill_02_01,camargo_treadmill,125,0.3,0.5,2.0,5.0
3.8631439408500823,5.710266115294895,0.029613908600145653,0.12042258494242894,0.22219424916391126,AB14,treadmill_02_01,camargo_treadmill,125,0.4,0.5,2.0,5.0
4.060085487545307,5.91359108366439,0.03136164027193334,0.12647356330754456,0.23428074862673848,AB14,treadmill_02_01,camargo_treadmill,125,0.3,0.5,2.0,8.0
4.187401288504956,6.121186217410922,0.03254563983130116,0.13040287161585365,0.2415476649148939,AB14,treadmill_02_01,camargo_treadmill,125,0.4,0.5,2.0,8.0
4.035057735063047,6.364524818840897,0.03267171627158506,0.12471815626920021,0.23076689030342667,AB14,treadmill_03_01,camargo_treadmill,129,0.3,1.0,0.0,12.0
3.720480017805054,5.959547306242347,0.029956990872241917,0.11505746464358617,0.2125864067524565,AB14,treadmill_03_01,camargo_treadmill,129,0.3,2.0,0.0,12.0
4.2618744668847555,6.7316833458719,0.035182379897932436,0.1315589899445622,0.2436703818865536,AB14,treadmill_03_01,camargo_treadmill,129,0.4,1.0,0.0,12.0
4.41430651675997,6.757255376357975,0.03551836076416253,0.13646436574804788,0.25268428305910834,AB14,treadmill_03_01,camargo_treadmill,129,0.3,0.5,0.0,12.0
4.265822337521118,6.451765925780265,0.03318447024089611,0.13215726456840549,0.24428738939878178,AB14,treadmill_03_01,camargo_treadmill,129,0.2,0.5,0.0,12.0
4.016757843400721,6.359094575965919,0.03282837694588969,0.12409246134659431,0.22945595382204959,AB14,treadmill_03_01,camargo_treadmill,129,0.4,2.0,0.0,12.0
3.8511032688689224,6.0390635550845975,0.029978703294102807,0.1193443565151268,0.22036493294000845,AB14,treadmill_03_01,camargo_treadmill,129,0.2,1.0,0.0,12.0
4.587463553996461,7.08530499885587,0.03765073266345633,0.14163878237683764,0.262530229646535,AB14,treadmill_03_01,camargo_treadmill,129,0.4,0.5,0.0,12.0
3.4848482574661386,5.620799684219636,0.026935332360368693,0.1080736552824175,0.19925497555219507,AB14,treadmill_03_01,camargo_treadmill,129,0.2,2.0,0.0,12.0
3.6871698786900224,5.550943166740787,0.028937900028296434,0.11432664964392188,0.21096526580786296,AB14,treadmill_03_01,camargo_treadmill,129,0.3,0.5,2.0,5.0
3.8059360489257,5.698732807178941,0.029738933410520873,0.11805291232123798,0.21773779271528976,AB14,treadmill_03_01,camargo_treadmill,129,0.4,0.5,2.0,5.0
3.8578532046112546,5.888012130706453,0.030854845318087996,0.11937845001646451,0.2209779679182352,AB14,treadmill_03_01,camargo_treadmill,129,0.3,0.5,2.0,8.0
3.9783952590058305,6.0859453609367895,0.0320544523966148,0.12306743110269754,0.22783640433154217,AB14,treadmill_03_01,camargo_treadmill,129,0.4,0.5,2.0,8.0
4.606313672145761,6.791736402428572,0.036382420091624845,0.14296399768390017,0.2646211932277332,AB14,treadmill_04_01,camargo_treadmill,134,0.3,1.0,0.0,12.0
4.131868270806985,6.330574955867398,0.03290504140622342,0.128195029899288,0.23692165935391754,AB14,treadmill_04_01,camargo_treadmill,134,0.3,2.0,0.0,12.0
4.848226925368009,7.177112124229955,0.0389422271785325,0.1503279072412407,0.27840235578994194,AB14,treadmill_04_01,camargo_treadmill,134,0.4,1.0,0.0,12.0
5.159788413544186,7.24445887232477,0.04008684395821479,0.16026905006433217,0.29686472361760985,AB14,treadmill_04_01,camargo_treadmill,134,0.3,0.5,0.0,12.0
4.994591793090936,6.918081292150644,0.03773062913510634,0.15537735747346693,0.28748125585020007,AB14,treadmill_04_01,camargo_treadmill,134,0.2,0.5,0.0,12.0
4.4501147250063315,6.753739239335155,0.035879685612978066,0.13797657686365672,0.2550666395670722,AB14,treadmill_04_01,camargo_treadmill,134,0.4,2.0,0.0,12.0
4.396355977839499,6.43793015023229,0.03360075407601035,0.13670276410922966,0.2526908217513168,AB14,treadmill_04_01,camargo_treadmill,134,0.2,1.0,0.0,12.0
5.3412402138469535,7.584632143561904,0.04221684690929095,0.16574487881078723,0.30719410494599114,AB14,treadmill_04_01,camargo_treadmill,134,0.4,0.5,0.0,12.0
3.8610800281439897,5.9564105240554905,0.029722345593477514,0.1200268664291392,0.22153062878801708,AB14,treadmill_04_01,camargo_treadmill,134,0.2,2.0,0.0,12.0
4.092736048875142,5.932698218088866,0.03149761457436051,0.12733375185949247,0.234761384591607,AB14,treadmill_04_01,camargo_treadmill,134,0.3,0.5,2.0,5.0
4.217518390941557,6.078004817335339,0.03231603334111682,0.13125323399874175,0.24186586205271401,AB14,treadmill_04_01,camargo_treadmill,134,0.4,0.5,2.0,5.0
4.454563246051394,6.313966964444724,0.03452544526838497,0.13840795142675608,0.25627102829655035,AB14,treadmill_04_01,camargo_treadmill,134,0.3,0.5,2.0,8.0
4.5836870702335455,6.51677900552365,0.035732850290249106,0.14238511309580648,0.26361241055676676,AB14,treadmill_04_01,camargo_treadmill,134,0.4,0.5,2.0,8.0
4.384371982799281,6.795385506506833,0.035396184902973034,0.1360926391237734,0.25105233063242727,AB14,treadmill_05_01,camargo_treadmill,137,0.3,1.0,0.0,12.0
4.062791241908889,6.389944399842458,0.03260817320999167,0.12612785021186848,0.2323220240028737,AB14,treadmill_05_01,camargo_treadmill,137,0.3,2.0,0.0,12.0
4.6577313950200265,7.211988991471754,0.03814436739835916,0.14445353803966854,0.2666207150012837,AB14,treadmill_05_01,camargo_treadmill,137,0.4,1.0,0.0,12.0
4.78815680392696,7.222964495101339,0.03851836054808744,0.14868194546464372,0.27452709616538234,AB14,treadmill_05_01,camargo_treadmill,137,0.3,0.5,0.0,12.0
4.585307587081164,6.849873184994371,0.03593593494737633,0.14260089096293863,0.2629988580854709,AB14,treadmill_05_01,camargo_treadmill,137,0.2,0.5,0.0,12.0
4.407301762541205,6.834386780782114,0.035754606969596404,0.13674228159539767,0.2519561624658679,AB14,treadmill_05_01,camargo_treadmill,137,0.4,2.0,0.0,12.0
4.138496967176403,6.405280081444199,0.03238553800493393,0.1286962312353695,0.2370775734439757,AB14,treadmill_05_01,camargo_treadmill,137,0.2,1.0,0.0,12.0
5.001437931406416,7.600417176748548,0.04083090413187753,0.15516567819108582,0.28666811899040795,AB14,treadmill_05_01,camargo_treadmill,137,0.4,0.5,0.0,12.0
3.7630483404623973,5.994720934873219,0.029221663458242807,0.11704455460710456,0.21528184795716016,AB14,treadmill_05_01,camargo_treadmill,137,0.2,2.0,0.0,12.0
4.175852521757851,6.141075276521719,0.032263668289252284,0.1299887428365424,0.23879141405519733,AB14,treadmill_05_01,camargo_treadmill,137,0.3,0.5,2.0,5.0
4.312295403925529,6.296929040957058,0.03312453182853196,0.13428566048768176,0.24656321856148652,AB14,treadmill_05_01,camargo_treadmill,137,0.4,0.5,2.0,5.0
4.25255475736337,6.407825013729006,0.03404756635166274,0.1320950400102542,0.24379508426383698,AB14,treadmill_05_01,camargo_treadmill,137,0.3,0.5,2.0,8.0
4.407518625979495,6.637120825995835,0.03536486320483181,0.13690041262995595,0.2526080014971832,AB14,treadmill_05_01,camargo_treadmill,137,0.4,0.5,2.0,8.0
4.3627047915281425,6.6348065277154635,0.03485481009411568,0.13552254290078322,0.24966675124060886,AB14,treadmill_06_01,camargo_treadmill,142,0.3,1.0,0.0,12.0
4.016563872557385,6.242314131329861,0.03194254020705979,0.12479774095822804,0.22958056537887106,AB14,treadmill_06_01,camargo_treadmill,142,0.3,2.0,0.0,12.0
4.636019296189525,7.0643268070182765,0.037610270990867174,0.14388957961498594,0.26518622457089996,AB14,treadmill_06_01,camargo_treadmill,142,0.4,1.0,0.0,12.0
4.803246000322785,7.046675536584298,0.038110450587051564,0.149275904547621,0.27520415302419804,AB14,treadmill_06_01,camargo_treadmill,142,0.3,0.5,0.0,12.0
4.607080688665982,6.666008114687119,0.03557173976805069,0.14339652430924907,0.26410920831161705,AB14,treadmill_06_01,camargo_treadmill,142,0.2,0.5,0.0,12.0
4.364708614123768,6.699227098596422,0.03512616426756329,0.13553683463416136,0.24937531571389712,AB14,treadmill_06_01,camargo_treadmill,142,0.4,2.0,0.0,12.0
4.123010367615327,6.238422433493029,0.03187301346122943,0.1283113713153959,0.23610256265970894,AB14,treadmill_06_01,camargo_treadmill,142,0.2,1.0,0.0,12.0
5.013857588270812,7.434491613097841,0.04040389139230203,0.1556832202157898,0.28715195634416985,AB14,treadmill_06_01,camargo_treadmill,142,0.4,0.5,0.0,12.0
3.7200986077928473,5.843937357927235,0.028551947158079318,0.11580685034604143,0.21278661993285564,AB14,treadmill_06_01,camargo_treadmill,142,0.2,2.0,0.0,12.0
4.11774726096124,5.9072510352024645,0.030782287833188236,0.12850602295372687,0.23535840512474657,AB14,treadmill_06_01,camargo_treadmill,142,0.3,0.5,2.0,5.0
4.255956575227883,6.071339974355584,0.03166331460491191,0.13286023196566252,0.24321491592457495,AB14,treadmill_06_01,camargo_treadmill,142,0.4,0.5,2.0,5.0
4.18475571885261,6.107366666314166,0.032694984155144796,0.1302037859123392,0.23979372620441428,AB14,treadmill_06_01,camargo_treadmill,142,0.3,0.5,2.0,8.0
4.338250837119719,6.34516367831249,0.03400661506974865,0.13496763430650624,0.24849544121432243,AB14,treadmill_06_01,camargo_treadmill,142,0.4,0.5,2.0,8.0
5.08366730115161,7.425285684157459,0.0408971557189761,0.1576593697209773,0.2901750892027885,AB14,treadmill_07_01,camargo_treadmill,145,0.3,1.0,0.0,12.0
4.553148878813651,6.904534583705864,0.03685980021761677,0.14114123918330956,0.25940255466978246,AB14,treadmill_07_01,camargo_treadmill,145,0.3,2.0,0.0,12.0
5.3719432592312515,7.868689444626355,0.04377047415640647,0.1664320835427594,0.3064876689117451,AB14,treadmill_07_01,camargo_treadmill,145,0.4,1.0,0.0,12.0
5.703650726965946,7.955826452696482,0.045240989880711166,0.17705616525340334,0.3261044702842236,AB14,treadmill_07_01,camargo_treadmill,145,0.3,0.5,0.0,12.0
5.494433607069333,7.563138471992157,0.042593922868140226,0.17084649943065527,0.3143076236309561,AB14,treadmill_07_01,camargo_treadmill,145,0.2,0.5,0.0,12.0
4.927640142281405,7.385130391147338,0.040211624543570176,0.1526487357607254,0.28063479927524776,AB14,treadmill_07_01,camargo_treadmill,145,0.4,2.0,0.0,12.0
4.818807893793629,7.005184836056297,0.03774192423177887,0.14974377297892316,0.27521823438688586,AB14,treadmill_07_01,camargo_treadmill,145,0.2,1.0,0.0,12.0
5.920981757423878,8.35045465311415,0.047611140043283824,0.18361251077617158,0.3383826159420966,AB14,treadmill_07_01,camargo_treadmill,145,0.4,0.5,0.0,12.0
4.217574192268092,6.469298094555569,0.03323262878683586,0.1310043642952519,0.24041638902577797,AB14,treadmill_07_01,camargo_treadmill,145,0.2,2.0,0.0,12.0
4.631913824098069,6.501346152967821,0.03523091791231035,0.14417968675172405,0.2638064632880587,AB14,treadmill_07_01,camargo_treadmill,145,0.3,0.5,2.0,5.0
4.776836155035886,6.6656414005042635,0.03614641856898461,0.14874252601716037,0.2720164331913003,AB14,treadmill_07_01,camargo_treadmill,145,0.4,0.5,2.0,5.0
4.9098654881269015,6.87005469111555,0.038626569796046686,0.15252257471157848,0.2806836477354448,AB14,treadmill_07_01,camargo_treadmill,145,0.3,0.5,2.0,8.0
5.068960027755997,7.107828248216497,0.039990856065063654,0.15743622888723183,0.28966452989136354,AB14,treadmill_07_01,camargo_treadmill,145,0.4,0.5,2.0,8.0
3.2828851900838116,4.408580058444024,0.02779030722540014,0.11688515613375486,0.20852866077542498,AB15,treadmill_01_01,camargo_treadmill,118,0.3,1.0,0.0,12.0
3.0104306655317616,4.216957528478523,0.025429786996832453,0.10721012862807387,0.1907336369323665,AB15,treadmill_01_01,camargo_treadmill,118,0.3,2.0,0.0,12.0
3.5080937675040715,4.850370095610369,0.03054652886848852,0.12478613002905309,0.22255374647281,AB15,treadmill_01_01,camargo_treadmill,118,0.4,1.0,0.0,12.0
3.745529453381761,4.645907609734602,0.031063701903372966,0.13340364515735204,0.2388379891553609,AB15,treadmill_01_01,camargo_treadmill,118,0.3,0.5,0.0,12.0
3.609055097931451,4.289722110584506,0.028490492734110487,0.12872169304991,0.23039761875492518,AB15,treadmill_01_01,camargo_treadmill,118,0.2,0.5,0.0,12.0
3.2815284247859875,4.682307970395136,0.028366112631013945,0.11676910422969318,0.20768651439100663,AB15,treadmill_01_01,camargo_treadmill,118,0.4,2.0,0.0,12.0
3.140723807702154,4.056996753681767,0.025065936119183972,0.11201794810749145,0.1997357533642102,AB15,treadmill_01_01,camargo_treadmill,118,0.2,1.0,0.0,12.0
3.9378497025558166,5.068667767018005,0.03360643448033579,0.14013093528730944,0.25077652380987875,AB15,treadmill_01_01,camargo_treadmill,118,0.4,0.5,0.0,12.0
2.8471293771144697,3.8601293400874583,0.022590592967948544,0.10158393843046014,0.1806056990051156,AB15,treadmill_01_01,camargo_treadmill,118,0.2,2.0,0.0,12.0
3.303720313153748,4.215482840237402,0.026745619638896462,0.11771729646330803,0.21040405871375756,AB15,treadmill_01_01,camargo_treadmill,118,0.3,0.5,2.0,5.0
3.3927241611674623,4.421725814774814,0.02763535100702574,0.12088311152471817,0.21585877242784418,AB15,treadmill_01_01,camargo_treadmill,118,0.4,0.5,2.0,5.0
3.5728187095372097,4.456224565090154,0.029452465591611195,0.1272804984987723,0.22782650385470365,AB15,treadmill_01_01,camargo_treadmill,118,0.3,0.5,2.0,8.0
3.7076098237594683,4.7598506627436254,0.031052179257600336,0.13203446454597514,0.236170530212668,AB15,treadmill_01_01,camargo_treadmill,118,0.4,0.5,2.0,8.0
4.122069853035218,5.129218983058217,0.032137981093925454,0.14615264596397656,0.26114936220605006,AB15,treadmill_02_01,camargo_treadmill,127,0.3,1.0,0.0,12.0
3.5901971144464415,4.789234699855958,0.02887448280321828,0.1271665766160134,0.22711776841079165,AB15,treadmill_02_01,camargo_treadmill,127,0.3,2.0,0.0,12.0
4.312742952208918,5.5950426778221765,0.03458761194738103,0.15271978523979937,0.27293955685339993,AB15,treadmill_02_01,camargo_treadmill,127,0.4,1.0,0.0,12.0
4.880278331661667,5.541921504464664,0.0366553043541089,0.17328720283669097,0.310071009324359,AB15,treadmill_02_01,camargo_treadmill,127,0.3,0.5,0.0,12.0
4.754871306232016,5.133195956314511,0.03437416606483559,0.16910065744151095,0.30236539126662004,AB15,treadmill_02_01,camargo_treadmill,127,0.2,0.5,0.0,12.0
3.8113250938537484,5.270341525518128,0.031473685795282126,0.1348327233228896,0.24084055604264862,AB15,treadmill_02_01,camargo_treadmill,127,0.4,2.0,0.0,12.0
4.007486931502103,4.725582337325272,0.029751874304003625,0.142391392131739,0.2541324816835081,AB15,treadmill_02_01,camargo_treadmill,127,0.2,1.0,0.0,12.0
5.052403287709807,5.988259333270311,0.03892053533892334,0.17920718221992746,0.3206974877138465,AB15,treadmill_02_01,camargo_treadmill,127,0.4,0.5,0.0,12.0
3.476895517642446,4.3950594184805105,0.02642524844890267,0.12346478284615126,0.22017091029370925,AB15,treadmill_02_01,camargo_treadmill,127,0.2,2.0,0.0,12.0
3.8946189152131967,4.68773527004896,0.02965950504989496,0.13830427601404308,0.24796426466919166,AB15,treadmill_02_01,camargo_treadmill,127,0.3,0.5,2.0,5.0
3.9482977139288975,4.872624367647384,0.030287084714065802,0.14018653186178112,0.2511718424128568,AB15,treadmill_02_01,camargo_treadmill,127,0.4,0.5,2.0,5.0
4.490537808463284,5.151023683814397,0.033667454507154554,0.15948910228370142,0.2856023743931175,AB15,treadmill_02_01,camargo_treadmill,127,0.3,0.5,2.0,8.0
4.585899545234567,5.434664286375194,0.03492511896254994,0.1627853429599491,0.2914562853410802,AB15,treadmill_02_01,camargo_treadmill,127,0.4,0.5,2.0,8.0
3.7090895505067443,5.046509130158426,0.03269473996457716,0.131508800195309,0.2356369703406536,AB15,treadmill_03_01,camargo_treadmill,127,0.3,1.0,0.0,12.0
3.4426031597889786,4.892041143958804,0.03021275130137391,0.1220349960706643,0.21806790261889208,AB15,treadmill_03_01,camargo_treadmill,127,0.3,2.0,0.0,12.0
3.9518156096100223,5.531931157119307,0.03558417513998049,0.13988115225730685,0.250675833486382,AB15,treadmill_03_01,camargo_treadmill,127,0.4,1.0,0.0,12.0
4.237428106060937,5.247106927261971,0.03645301700944228,0.15053261025054918,0.270582265625132,AB15,treadmill_03_01,camargo_treadmill,127,0.3,0.5,0.0,12.0
4.078400542457639,4.833710932132007,0.03367821915813244,0.145253740173816,0.26074354573518954,AB15,treadmill_03_01,camargo_treadmill,127,0.2,0.5,0.0,12.0
3.723843450705527,5.397513387544791,0.03323051942478029,0.13182724584563935,0.23554088696649889,AB15,treadmill_03_01,camargo_treadmill,127,0.4,2.0,0.0,12.0
3.5532120307851596,4.644333642597893,0.029805027357381445,0.12637589219274895,0.22599119252347757,AB15,treadmill_03_01,camargo_treadmill,127,0.2,1.0,0.0,12.0
4.450899192699623,5.71652515456769,0.03914889260265047,0.1578575300425561,0.28377163661046423,AB15,treadmill_03_01,camargo_treadmill,127,0.4,0.5,0.0,12.0
3.2784916304947322,4.491994998725708,0.027284790156504174,0.11658844324920588,0.2079092218006268,AB15,treadmill_03_01,camargo_treadmill,127,0.2,2.0,0.0,12.0
3.6784884982077988,4.690797292062906,0.030026695796103876,0.13096406291054674,0.23461815624881985,AB15,treadmill_03_01,camargo_treadmill,127,0.3,0.5,2.0,5.0
3.770155340968639,4.911602662419517,0.03087338302452312,0.1342026379995719,0.24016673711656125,AB15,treadmill_03_01,camargo_treadmill,127,0.4,0.5,2.0,5.0
3.9836086950316614,4.909091368657422,0.03363722076345675,0.14165655924490606,0.25452425535906975,AB15,treadmill_03_01,camargo_treadmill,127,0.3,0.5,2.0,8.0
4.123484970566393,5.236307899291744,0.03523610759169866,0.14651341411091626,0.26312210391503327,AB15,treadmill_03_01,camargo_treadmill,127,0.4,0.5,2.0,8.0
4.1143745619208305,5.699341821691104,0.03755528688252634,0.14501542505509982,0.25970179388554454,AB15,treadmill_04_01,camargo_treadmill,125,0.3,1.0,0.0,12.0
3.7035845114432027,5.319080187090016,0.03366726291540916,0.13048338221048747,0.23303472402022604,AB15,treadmill_04_01,camargo_treadmill,125,0.3,2.0,0.0,12.0
4.355422793831473,6.135395161106121,0.04065158711999178,0.1532417207923862,0.2747131510738411,AB15,treadmill_04_01,camargo_treadmill,125,0.4,1.0,0.0,12.0
4.739644580671975,6.100362680942642,0.04248440354018126,0.16732925225945952,0.300637807325031,AB15,treadmill_04_01,camargo_treadmill,125,0.3,0.5,0.0,12.0
4.586465863170297,5.751874231578556,0.039470567258635125,0.16233347185984945,0.29104651073235377,AB15,treadmill_04_01,camargo_treadmill,125,0.2,0.5,0.0,12.0
3.9906437552797938,5.783218826400423,0.03691778283727918,0.1403957200609861,0.25094003950870547,AB15,treadmill_04_01,camargo_treadmill,125,0.4,2.0,0.0,12.0
3.95829312760355,5.358568234355242,0.03439911686947588,0.13994187699134436,0.2499024123856956,AB15,treadmill_04_01,camargo_treadmill,125,0.2,1.0,0.0,12.0
4.946484515633279,6.516700027639552,0.04536687495718598,0.1743334384572947,0.31348444320956265,AB15,treadmill_04_01,camargo_treadmill,125,0.4,0.5,0.0,12.0
3.5339155676905043,4.974329900793423,0.03045055847103667,0.12490127407112371,0.22238367485584393,AB15,treadmill_04_01,camargo_treadmill,125,0.2,2.0,0.0,12.0
3.896147609553366,5.083812269227324,0.03394400877684904,0.13761626509649436,0.24690456724203186,AB15,treadmill_04_01,camargo_treadmill,125,0.3,0.5,2.0,5.0
4.010086827347934,5.307747841895288,0.03494675521511721,0.14162847897155564,0.2538650998275496,AB15,treadmill_04_01,camargo_treadmill,125,0.4,0.5,2.0,5.0
4.374355615304651,5.636191233208157,0.03945849950323533,0.15436151602575354,0.2776559106964574,AB15,treadmill_04_01,camargo_treadmill,125,0.3,0.5,2.0,8.0
4.528234536584958,5.948206172231487,0.04125209370756968,0.1596693962395455,0.2871554792914323,AB15,treadmill_04_01,camargo_treadmill,125,0.4,0.5,2.0,8.0
4.390921303253281,6.011599524943953,0.03926465289304552,0.15615423648904164,0.27952995547014764,AB15,treadmill_05_01,camargo_treadmill,134,0.3,1.0,0.0,12.0
3.9440896639737852,5.649494750746186,0.03526654962624092,0.1401503260455747,0.2502129069954243,AB15,treadmill_05_01,camargo_treadmill,134,0.3,2.0,0.0,12.0
4.6011409629777775,6.409719379935407,0.04219376212700756,0.16338264286777046,0.292739221708789,AB15,treadmill_05_01,camargo_treadmill,134,0.4,1.0,0.0,12.0
5.042346617383183,6.382952909821341,0.0443586230774026,0.17963681538015733,0.3225803078482339,AB15,treadmill_05_01,camargo_treadmill,134,0.3,0.5,0.0,12.0
4.908757232585227,6.065057564790505,0.04152193616334224,0.17522178809187744,0.3141446842361755,AB15,treadmill_05_01,camargo_treadmill,134,0.2,0.5,0.0,12.0
4.198032171177623,6.078245440319296,0.03836760196302523,0.14898141077230043,0.26619438299310594,AB15,treadmill_05_01,camargo_treadmill,134,0.4,2.0,0.0,12.0
4.255096123421191,5.695679392407231,0.03626911588307484,0.15168098467328844,0.2709349417588233,AB15,treadmill_05_01,camargo_treadmill,134,0.2,1.0,0.0,12.0
5.2211995291188895,6.7582115073329065,0.04706200766582284,0.1857424138602927,0.33379431441677143,AB15,treadmill_05_01,camargo_treadmill,134,0.4,0.5,0.0,12.0
3.796130585092653,5.324732215232861,0.03218513780998053,0.13522422095032563,0.24085099290787879,AB15,treadmill_05_01,camargo_treadmill,134,0.2,2.0,0.0,12.0
3.969514278133812,5.149257084901051,0.03407811334784164,0.14144539961533006,0.25373774929570786,AB15,treadmill_05_01,camargo_treadmill,134,0.3,0.5,2.0,5.0
4.065279685956415,5.351259708333409,0.03496034767661087,0.14483069940872084,0.25960574231752703,AB15,treadmill_05_01,camargo_treadmill,134,0.4,0.5,2.0,5.0
4.518360859845132,5.714111041086673,0.040224683413170884,0.16093137013240072,0.2894230891665299,AB15,treadmill_05_01,camargo_treadmill,134,0.3,0.5,2.0,8.0
4.65135086580883,5.999612527568449,0.04184946142263608,0.1655523432063647,0.2976804701809009,AB15,treadmill_05_01,camargo_treadmill,134,0.4,0.5,2.0,8.0
4.107250096330874,5.5914267149779215,0.035541027849218226,0.1460177702115058,0.2596380025990822,AB15,treadmill_06_01,camargo_treadmill,132,0.3,1.0,0.0,12.0
3.7374065667828096,5.315508573177086,0.032215343153123834,0.1327830162319907,0.2354879430554817,AB15,treadmill_06_01,camargo_treadmill,132,0.3,2.0,0.0,12.0
4.342418742910602,6.039158209263024,0.03862343304178439,0.15417850109139225,0.2741896942785847,AB15,treadmill_06_01,camargo_treadmill,132,0.4,1.0,0.0,12.0
4.682161986239132,5.910611526707946,0.040035023260106516,0.16665439864535506,0.2973035397232704,AB15,treadmill_06_01,camargo_treadmill,132,0.3,0.5,0.0,12.0
4.541121244585781,5.55959722359229,0.03715607156508614,0.16189408473612119,0.2885660588825701,AB15,treadmill_06_01,camargo_treadmill,132,0.2,0.5,0.0,12.0
4.025936839777624,5.791885807350718,0.03551875333689552,0.14287899488380953,0.2534079109982236,AB15,treadmill_06_01,camargo_treadmill,132,0.4,2.0,0.0,12.0
3.960790237580587,5.2460917121726,0.03247527899857844,0.14107886368067804,0.25055746686315006,AB15,treadmill_06_01,camargo_treadmill,132,0.2,1.0,0.0,12.0
4.879198175183202,6.334546488626006,0.042852378575373405,0.17345429290383965,0.3094645939011249,AB15,treadmill_06_01,camargo_treadmill,132,0.4,0.5,0.0,12.0
3.570759651455372,4.966535701075337,0.029014171688406226,0.1271055840534773,0.22512948020250698,AB15,treadmill_06_01,camargo_treadmill,132,0.2,2.0,0.0,12.0
3.8964426996094588,5.132696457585531,0.032418634249450566,0.1386360528355653,0.2467112194492487,AB15,treadmill_06_01,camargo_treadmill,132,0.3,0.5,2.0,5.0
4.0100875009304655,5.366987787256235,0.03339701227029079,0.1426578047103536,0.25357925728103786,AB15,treadmill_06_01,camargo_treadmill,132,0.4,0.5,2.0,5.0
4.249417599471371,5.39917639154383,0.03682560385062986,0.15120524809337357,0.27000461167529644,AB15,treadmill_06_01,camargo_treadmill,132,0.3,0.5,2.0,8.0
4.402964010046856,5.729968829193102,0.03856018979925854,0.1565745009294977,0.27938787457513137,AB15,treadmill_06_01,camargo_treadmill,132,0.4,0.5,2.0,8.0
4.42024523242172,6.004146150529554,0.03915004667519511,0.1571225693286083,0.27977060221958955,AB15,treadmill_07_01,camargo_treadmill,134,0.3,1.0,0.0,12.0
3.949438448358557,5.613416191296769,0.03468604844283541,0.1402668966524866,0.2490199107444111,AB15,treadmill_07_01,camargo_treadmill,134,0.3,2.0,0.0,12.0
4.656375195690294,6.417401559204446,0.04239347505538703,0.1653302377200021,0.2945188146106569,AB15,treadmill_07_01,camargo_treadmill,134,0.4,1.0,0.0,12.0
5.097361046325568,6.421197920939493,0.04474800184357166,0.18145587264517668,0.3241910613382112,AB15,treadmill_07_01,camargo_treadmill,134,0.3,0.5,0.0,12.0
4.952235209067324,6.094376098846955,0.04167231446769048,0.17653142678432382,0.31507929961071884,AB15,treadmill_07_01,camargo_treadmill,134,0.2,0.5,0.0,12.0
4.243234018492783,6.049992581116215,0.03818138371709086,0.15056568394107858,0.2674272339645475,AB15,treadmill_07_01,camargo_treadmill,134,0.4,2.0,0.0,12.0
4.26819485295006,5.697872151603796,0.035861225755201974,0.15195483294306816,0.2701855621847932,AB15,treadmill_07_01,camargo_treadmill,134,0.2,1.0,0.0,12.0
5.29350535354897,6.819414175679435,0.047699106297858056,0.18823327048634203,0.3364047705507816,AB15,treadmill_07_01,camargo_treadmill,134,0.4,0.5,0.0,12.0
3.7747966840218345,5.316056027855152,0.031240655372630256,0.13426249037805155,0.23797622323587952,AB15,treadmill_07_01,camargo_treadmill,134,0.2,2.0,0.0,12.0
4.065627728038262,5.241273521806483,0.03395004003422312,0.14465330445480767,0.2579406704880647,AB15,treadmill_07_01,camargo_treadmill,134,0.3,0.5,2.0,5.0
4.183529635010546,5.463861722752513,0.03496163158071548,0.14881672527434361,0.26511126043018074,AB15,treadmill_07_01,camargo_treadmill,134,0.4,0.5,2.0,5.0
4.587712433519273,5.798699479954711,0.040357564209343076,0.16331619561044547,0.29198467461089034,AB15,treadmill_07_01,camargo_treadmill,134,0.3,0.5,2.0,8.0
4.740509897864453,6.10608822780112,0.042133857485629575,0.16865817836858576,0.3013877761380452,AB15,treadmill_07_01,camargo_treadmill,134,0.4,0.5,2.0,8.0
2.8951118940352663,4.2762742213254175,0.02469387066370537,0.09829807851004015,0.18378788725230316,AB16,treadmill_01_01,camargo_treadmill,117,0.3,1.0,0.0,12.0
2.7966962501161685,4.2285319019344,0.023312535324719236,0.09520587906025899,0.17728196485533868,AB16,treadmill_01_01,camargo_treadmill,117,0.3,2.0,0.0,12.0
3.0732192296611616,4.522404635101469,0.027207119076296613,0.10397571747118203,0.19495835648257728,AB16,treadmill_01_01,camargo_treadmill,117,0.4,1.0,0.0,12.0
3.095960589842509,4.3880192891493275,0.026692252345333102,0.10488815338323113,0.1968974981130791,AB16,treadmill_01_01,camargo_treadmill,117,0.3,0.5,0.0,12.0
3.0001980952841056,4.22579863460634,0.024482086928472684,0.10211069437368428,0.19099132583899547,AB16,treadmill_01_01,camargo_treadmill,117,0.2,0.5,0.0,12.0
3.0234357614869194,4.49300215338057,0.026103098933462132,0.10254578521564617,0.19154319441043624,AB16,treadmill_01_01,camargo_treadmill,117,0.4,2.0,0.0,12.0
2.779546217602003,4.120978072507885,0.022250145895037793,0.09489148384690324,0.17663472232882288,AB16,treadmill_01_01,camargo_treadmill,117,0.2,1.0,0.0,12.0
3.2372565982365455,4.622222162571422,0.028922446279416574,0.10933417997058553,0.20573107093035173,AB16,treadmill_01_01,camargo_treadmill,117,0.4,0.5,0.0,12.0
2.6462657987175064,4.066532736749066,0.020633279979644367,0.09062318601411366,0.16792966845668017,AB16,treadmill_01_01,camargo_treadmill,117,0.2,2.0,0.0,12.0
3.0266653918278816,4.379012731226555,0.025729006032723316,0.10263218055977917,0.19200367937817087,AB16,treadmill_01_01,camargo_treadmill,117,0.3,0.5,2.0,5.0
3.1419014170627153,4.531799884153433,0.0268403243756215,0.10648818287826019,0.1992520211118683,AB16,treadmill_01_01,camargo_treadmill,117,0.4,0.5,2.0,5.0
2.97313311304731,4.261018936320455,0.025804817727497518,0.10065646535174422,0.18895915612388892,AB16,treadmill_01_01,camargo_treadmill,117,0.3,0.5,2.0,8.0
3.10199611522395,4.459282611646606,0.027428499873585848,0.10484575947748069,0.19702493762918896,AB16,treadmill_01_01,camargo_treadmill,117,0.4,0.5,2.0,8.0
2.937150980540709,4.352634107338839,0.024595211190215963,0.09940415205796857,0.18611689819492147,AB16,treadmill_02_01,camargo_treadmill,122,0.3,1.0,0.0,12.0
2.807790638837215,4.286001787069699,0.022989866928615318,0.09528895832676086,0.17765607399123926,AB16,treadmill_02_01,camargo_treadmill,122,0.3,2.0,0.0,12.0
3.1134958799581414,4.603637886239995,0.027063150133412945,0.1049963392512962,0.19715297361066517,AB16,treadmill_02_01,camargo_treadmill,122,0.4,1.0,0.0,12.0
3.1758223882879912,4.495567887689319,0.026874753617178747,0.10724557891180855,0.20163056664773377,AB16,treadmill_02_01,camargo_treadmill,122,0.3,0.5,0.0,12.0
3.0730546908805163,4.319461055216401,0.024666655990024492,0.10424705181900203,0.1953022007772488,AB16,treadmill_02_01,camargo_treadmill,122,0.2,0.5,0.0,12.0
3.0214019458870847,4.546000759748188,0.025676718535704673,0.10214864840652815,0.19106208756582294,AB16,treadmill_02_01,camargo_treadmill,122,0.4,2.0,0.0,12.0
2.826717386692142,4.196735929334033,0.022211436985806132,0.09619988953039625,0.1793050631402596,AB16,treadmill_02_01,camargo_treadmill,122,0.2,1.0,0.0,12.0
3.323714983206776,4.743001261959423,0.02910177182476356,0.11189848074364159,0.21085657518903747,AB16,treadmill_02_01,camargo_treadmill,122,0.4,0.5,0.0,12.0
2.6795842452593597,4.137743050923886,0.020453250005902382,0.0915013127695323,0.16972809538551153,AB16,treadmill_02_01,camargo_treadmill,122,0.2,2.0,0.0,12.0
3.1109845570534365,4.477204600625163,0.025280064486895112,0.10549593093004957,0.19709299029198232,AB16,treadmill_02_01,camargo_treadmill,122,0.3,0.5,2.0,5.0
3.2259332953787303,4.626972849222204,0.026339063360579944,0.10933364974196343,0.2043049710940568,AB16,treadmill_02_01,camargo_treadmill,122,0.4,0.5,2.0,5.0
3.052699088195436,4.368959143377997,0.02587474953487097,0.10311180784713284,0.1937520944690447,AB16,treadmill_02_01,camargo_treadmill,122,0.3,0.5,2.0,8.0
3.1853788521491597,4.57361163647674,0.027467229331933136,0.10742298920679132,0.2020310504576141,AB16,treadmill_02_01,camargo_treadmill,122,0.4,0.5,2.0,8.0
3.317237052034221,4.948629550363085,0.028361957897378057,0.11212427080735096,0.20979518415924564,AB16,treadmill_03_01,camargo_treadmill,125,0.3,1.0,0.0,12.0
3.135577902251434,4.810524234619706,0.02609815603770059,0.10631563217686547,0.19800831939777533,AB16,treadmill_03_01,camargo_treadmill,125,0.3,2.0,0.0,12.0
3.50542261446813,5.20376036980811,0.03108573433116577,0.11808031543896993,0.2216289490427537,AB16,treadmill_03_01,camargo_treadmill,125,0.4,1.0,0.0,12.0
3.5989746199752073,5.1571955543827235,0.03121985959163757,0.12134505480213223,0.2280274926584276,AB16,treadmill_03_01,camargo_treadmill,125,0.3,0.5,0.0,12.0
3.4758344793562905,4.963905825398301,0.0286711589964898,0.1176954298101224,0.22034485811170967,AB16,treadmill_03_01,camargo_treadmill,125,0.2,0.5,0.0,12.0
3.3577866057403325,5.068040593460998,0.029049819795789834,0.11342322288396656,0.2120064666175406,AB16,treadmill_03_01,camargo_treadmill,125,0.4,2.0,0.0,12.0
3.187625127766036,4.782501136614953,0.025609708251648197,0.10831641918664714,0.20169228929256514,AB16,treadmill_03_01,camargo_treadmill,125,0.2,1.0,0.0,12.0
3.7590440932020415,5.412455988819642,0.033674751697048824,0.1263792062408237,0.23806752161156325,AB16,treadmill_03_01,camargo_treadmill,125,0.4,0.5,0.0,12.0
2.9948395150048404,4.664078726347355,0.02320573057972563,0.10215511377618423,0.1892038191283297,AB16,treadmill_03_01,camargo_treadmill,125,0.2,2.0,0.0,12.0
3.444985445033129,4.93761882959719,0.02853896486543797,0.11663376804996786,0.21789655042089212,AB16,treadmill_03_01,camargo_treadmill,125,0.3,0.5,2.0,5.0
3.5685957150611873,5.089855357549114,0.029669877435868734,0.12077216599483297,0.22567370794881392,AB16,treadmill_03_01,camargo_treadmill,125,0.4,0.5,2.0,5.0
3.4698117192607554,5.011127626844782,0.030015296532031756,0.11702907703236706,0.2197556090289432,AB16,treadmill_03_01,camargo_treadmill,125,0.3,0.5,2.0,8.0
3.612857116727058,5.219339762650519,0.031731412611458475,0.12168886126747121,0.2287234379381221,AB16,treadmill_03_01,camargo_treadmill,125,0.4,0.5,2.0,8.0
3.134842234111858,4.688091015886338,0.0266113407370754,0.10581513952849578,0.19761290970256376,AB16,treadmill_04_01,camargo_treadmill,126,0.3,1.0,0.0,12.0
3.006544143273102,4.643183459770405,0.0248329664600743,0.10179691831149999,0.1892524014720351,AB16,treadmill_04_01,camargo_treadmill,126,0.3,2.0,0.0,12.0
3.3207898747636344,4.949579688835254,0.02926639046220259,0.11173296300127727,0.20927154642314474,AB16,treadmill_04_01,camargo_treadmill,126,0.4,1.0,0.0,12.0
3.3830105255051364,4.8334884013046135,0.029162652196940794,0.1139060837674329,0.21363173730130425,AB16,treadmill_04_01,camargo_treadmill,126,0.3,0.5,0.0,12.0
3.2747266347043564,4.647389941780996,0.026811494071625985,0.11070471787788204,0.20690891183760246,AB16,treadmill_04_01,camargo_treadmill,126,0.2,0.5,0.0,12.0
3.2340005257242765,4.9081352479548395,0.027789716618459796,0.10911533934045925,0.20355811457064374,AB16,treadmill_04_01,camargo_treadmill,126,0.4,2.0,0.0,12.0
3.018544586834475,4.528404558250465,0.024017136688159836,0.10240411313710994,0.19037054827962294,AB16,treadmill_04_01,camargo_treadmill,126,0.2,1.0,0.0,12.0
3.5366050558210804,5.092736220593728,0.0314975850520101,0.11876135956530916,0.22322924562138294,AB16,treadmill_04_01,camargo_treadmill,126,0.4,0.5,0.0,12.0
2.8724664560589916,4.501443432363157,0.02202125231367189,0.09781120792517281,0.18087537989671515,AB16,treadmill_04_01,camargo_treadmill,126,0.2,2.0,0.0,12.0
3.331677009521353,4.878321957853545,0.026989291582692396,0.11284089356990742,0.20997312642148572,AB16,treadmill_04_01,camargo_treadmill,126,0.3,0.5,2.0,5.0
3.4520531873893985,5.032041249179677,0.028077380702589697,0.11687362471009209,0.21751385354175537,AB16,treadmill_04_01,camargo_treadmill,126,0.4,0.5,2.0,5.0
3.2543298214545504,4.743487513701699,0.02768894803144066,0.10973195427412763,0.205404692957072,AB16,treadmill_04_01,camargo_treadmill,126,0.3,0.5,2.0,8.0
3.3907097965616253,4.952226285119282,0.02931092707028762,0.11418732137756367,0.21392120301671094,AB16,treadmill_04_01,camargo_treadmill,126,0.4,0.5,2.0,8.0
3.4996728964886117,5.212272566420439,0.029871522746061824,0.11804301826946688,0.22012383797197144,AB16,treadmill_05_01,camargo_treadmill,130,0.3,1.0,0.0,12.0
3.3068923210187675,5.103393304097787,0.027497760969216953,0.11188182626764467,0.20770455873335839,AB16,treadmill_05_01,camargo_treadmill,130,0.3,2.0,0.0,12.0
3.678887907641178,5.4590170806223375,0.03268608986452565,0.12367964882106366,0.23135704891457387,AB16,treadmill_05_01,camargo_treadmill,130,0.4,1.0,0.0,12.0
3.8107702341806426,5.4159650422773264,0.03306824452979906,0.12820061583109382,0.24010299529185128,AB16,treadmill_05_01,camargo_treadmill,130,0.3,0.5,0.0,12.0
3.6992799640010676,5.232595281277631,0.030484558012697387,0.1249439980504055,0.23317862705835243,AB16,treadmill_05_01,camargo_treadmill,130,0.2,0.5,0.0,12.0
3.520062457272344,5.346550503027814,0.030574645724533445,0.11866429510438344,0.22110946893838138,AB16,treadmill_05_01,camargo_treadmill,130,0.4,2.0,0.0,12.0
3.3876726017895074,5.065518859563732,0.02706493374638972,0.11483633050539686,0.21314661383585365,AB16,treadmill_05_01,camargo_treadmill,130,0.2,1.0,0.0,12.0
3.964075388648161,5.6686005432922855,0.035580648790044904,0.13299739675136465,0.24967801839791548,AB16,treadmill_05_01,camargo_treadmill,130,0.4,0.5,0.0,12.0
3.1873034321726963,4.9843398066827005,0.024526912057291274,0.10844607072171825,0.20023160708290674,AB16,treadmill_05_01,camargo_treadmill,130,0.2,2.0,0.0,12.0
3.6177628922860974,5.193965329725065,0.02981070575807799,0.12232781347096099,0.22769735218532902,AB16,treadmill_05_01,camargo_treadmill,130,0.3,0.5,2.0,5.0
3.736606516214101,5.344414620309263,0.030915818456191034,0.12630895478319526,0.23514234885980229,AB16,treadmill_05_01,camargo_treadmill,130,0.4,0.5,2.0,5.0
3.6413648878194236,5.251568835827035,0.031502439909255164,0.1225670466433159,0.22941086041169595,AB16,treadmill_05_01,camargo_treadmill,130,0.3,0.5,2.0,8.0
3.7783129277543077,5.457887441682038,0.0332092042734796,0.12702582779577257,0.2379577453982324,AB16,treadmill_05_01,camargo_treadmill,130,0.4,0.5,2.0,8.0
3.4875014964027113,5.233043641724819,0.02860808973093991,0.11801158163897921,0.2192216739687393,AB16,treadmill_06_01,camargo_treadmill,134,0.3,1.0,0.0,12.0
3.3330577901891756,5.185112149476561,0.026428412987077782,0.11309480979093675,0.20920479358128238,AB16,treadmill_06_01,camargo_treadmill,134,0.3,2.0,0.0,12.0
3.6580943860145996,5.455676554548752,0.03126690360790136,0.1234201979868267,0.22994110213777263,AB16,treadmill_06_01,camargo_treadmill,134,0.4,1.0,0.0,12.0
3.76215153216541,5.380113302463976,0.0316332581793466,0.1269967594235368,0.23689606711246497,AB16,treadmill_06_01,camargo_treadmill,134,0.3,0.5,0.0,12.0
3.6612905152564856,5.21695516195627,0.029238220323321722,0.12402089963493033,0.23059332509981625,AB16,treadmill_06_01,camargo_treadmill,134,0.2,0.5,0.0,12.0
3.539787141331454,5.398035575597212,0.029363414666656214,0.11972515016342582,0.2222272112409431,AB16,treadmill_06_01,camargo_treadmill,134,0.4,2.0,0.0,12.0
3.3891168712279645,5.117802360819539,0.026022212294616407,0.11517400162426687,0.21304773077377936,AB16,treadmill_06_01,camargo_treadmill,134,0.2,1.0,0.0,12.0
3.9074946588792074,5.6166475173703345,0.03399554003769909,0.13158171374231228,0.24599867643181442,AB16,treadmill_06_01,camargo_treadmill,134,0.4,0.5,0.0,12.0
3.2264265656927,5.105909125734644,0.023690636139450407,0.10999724787979516,0.2024938299779532,AB16,treadmill_06_01,camargo_treadmill,134,0.2,2.0,0.0,12.0
3.646298812333311,5.2280637859087555,0.028603794677337025,0.12358485873730624,0.2291656971971224,AB16,treadmill_06_01,camargo_treadmill,134,0.3,0.5,2.0,5.0
3.7676460280614137,5.374895603621358,0.029662361582951387,0.1276630090536092,0.23676887862542126,AB16,treadmill_06_01,camargo_treadmill,134,0.4,0.5,2.0,5.0
3.591397672008621,5.221958347849263,0.029889099705651144,0.1212934272128048,0.22606964404479066,AB16,treadmill_06_01,camargo_treadmill,134,0.3,0.5,2.0,8.0
3.725678859584206,5.42024828365205,0.0314812146699424,0.1256935355978543,0.2344599750171549,AB16,treadmill_06_01,camargo_treadmill,134,0.4,0.5,2.0,8.0
3.6966833665883887,5.476803909159552,0.03169011493544576,0.1242188608324032,0.23110227540783143,AB16,treadmill_07_01,camargo_treadmill,134,0.3,1.0,0.0,12.0
3.4574013839502746,5.328484640342083,0.02868152933248633,0.11656575334439787,0.21581848790922326,AB16,treadmill_07_01,camargo_treadmill,134,0.3,2.0,0.0,12.0
3.8984531452562683,5.740991865443265,0.03461894562163447,0.1306357036050872,0.24370889879417978,AB16,treadmill_07_01,camargo_treadmill,134,0.4,1.0,0.0,12.0
4.063649987848034,5.7426998114641075,0.03563285214190321,0.1361674122411609,0.254474696205234,AB16,treadmill_07_01,camargo_treadmill,134,0.3,0.5,0.0,12.0
3.9301674122179286,5.535232568541375,0.03295476397491129,0.13214240110684267,0.24618641617293188,AB16,treadmill_07_01,camargo_treadmill,134,0.2,0.5,0.0,12.0
3.6962678047142723,5.582386186816853,0.03190970762476847,0.12423457992839475,0.23079248574161923,AB16,treadmill_07_01,camargo_treadmill,134,0.4,2.0,0.0,12.0
3.559838127321517,5.31374186813688,0.028754053987113355,0.12014354407053202,0.2225717584444021,AB16,treadmill_07_01,camargo_treadmill,134,0.2,1.0,0.0,12.0
4.234709730522078,6.015795590457778,0.03821570918254828,0.14157938001287299,0.2651242901272695,AB16,treadmill_07_01,camargo_treadmill,134,0.4,0.5,0.0,12.0
3.313501383923484,5.205293989690288,0.025562171582526598,0.11227811520474924,0.2068134437011064,AB16,treadmill_07_01,camargo_treadmill,134,0.2,2.0,0.0,12.0
3.8693604128224277,5.47102033708926,0.03156665825136717,0.13041772756108047,0.2420020760675154,AB16,treadmill_07_01,camargo_treadmill,134,0.3,0.5,2.0,5.0
4.002704812735316,5.62940545346116,0.03271391880454546,0.13489833289555775,0.25032598309306264,AB16,treadmill_07_01,camargo_treadmill,134,0.4,0.5,2.0,5.0
3.899098480668202,5.59626621695064,0.03390529123672671,0.1307293393552598,0.2440893859051432,AB16,treadmill_07_01,camargo_treadmill,134,0.3,0.5,2.0,8.0
4.0539961450825315,5.817983227408395,0.035663624510779035,0.13581038537259507,0.25372517701595393,AB16,treadmill_07_01,camargo_treadmill,134,0.4,0.5,2.0,8.0
3.3268134582318893,4.864801101226967,0.030703484660856904,0.11620684253010688,0.21761807039975556,AB17,treadmill_01_01,camargo_treadmill,118,0.3,1.0,0.0,12.0
3.042101423282706,4.597050635280483,0.028238459475239626,0.1062533835070017,0.19853608413309237,AB17,treadmill_01_01,camargo_treadmill,118,0.3,2.0,0.0,12.0
3.5531421027724828,5.255351286098642,0.033435595036772514,0.12393961480913702,0.2322352472689375,AB17,treadmill_01_01,camargo_treadmill,118,0.4,1.0,0.0,12.0
3.7126190684523093,5.147984994439458,0.033248131515576165,0.12986744622864982,0.24343812492715533,AB17,treadmill_01_01,camargo_treadmill,118,0.3,0.5,0.0,12.0
3.5503209858994906,4.796198721390224,0.030428118192272438,0.12452979534705881,0.23307116418902568,AB17,treadmill_01_01,camargo_treadmill,118,0.2,0.5,0.0,12.0
3.3295998407895095,5.014600607654849,0.031153795249709498,0.11621621188862895,0.21722019355148803,AB17,treadmill_01_01,camargo_treadmill,118,0.4,2.0,0.0,12.0
3.1348768344419717,4.5001004633916555,0.027697040335850624,0.10982786561372199,0.20529748140584206,AB17,treadmill_01_01,camargo_treadmill,118,0.2,1.0,0.0,12.0
3.897350921714714,5.5139873643600605,0.03578729007414452,0.13610786753099405,0.2553089411881498,AB17,treadmill_01_01,camargo_treadmill,118,0.4,0.5,0.0,12.0
2.7965420222707493,4.213660767613934,0.025057374980411367,0.09793087514024407,0.18265433907841125,AB17,treadmill_01_01,camargo_treadmill,118,0.2,2.0,0.0,12.0
3.3783792774554815,4.678576978062594,0.029143551845722235,0.11840506830460629,0.22130293285017752,AB17,treadmill_01_01,camargo_treadmill,118,0.3,0.5,2.0,5.0
3.458742049568715,4.831495526372107,0.030003815960515597,0.12118760380900968,0.22645219323114918,AB17,treadmill_01_01,camargo_treadmill,118,0.4,0.5,2.0,5.0
3.4915341530169877,4.799305533603329,0.030797151896482182,0.12223812374315594,0.22899758856448965,AB17,treadmill_01_01,camargo_treadmill,118,0.3,0.5,2.0,8.0
3.6078141961532753,5.03408993149477,0.032320851797088775,0.12619148351354295,0.23645977627826223,AB17,treadmill_01_01,camargo_treadmill,118,0.4,0.5,2.0,8.0
3.388541070595611,4.950068864783727,0.030898167950531866,0.11862612189279242,0.22178372964017715,AB17,treadmill_02_01,camargo_treadmill,121,0.3,1.0,0.0,12.0
3.0853657260233707,4.675857647085524,0.028336941226849207,0.10798438371233537,0.20147671182651541,AB17,treadmill_02_01,camargo_treadmill,121,0.3,2.0,0.0,12.0
3.6194792175303165,5.360252180672555,0.03374295581534109,0.12650268498846057,0.23669276299836128,AB17,treadmill_02_01,camargo_treadmill,121,0.4,1.0,0.0,12.0
3.811410898825225,5.2595871516734025,0.03368723560796651,0.1336385308140414,0.2500573937369121,AB17,treadmill_02_01,camargo_treadmill,121,0.3,0.5,0.0,12.0
3.648997913392051,4.891654307193787,0.030781541415615378,0.12831750314460283,0.23969292710978082,AB17,treadmill_02_01,camargo_treadmill,121,0.2,0.5,0.0,12.0
3.380625812558175,5.1123430190231,0.03138695368365142,0.11820769025230687,0.22066984117825345,AB17,treadmill_02_01,camargo_treadmill,121,0.4,2.0,0.0,12.0
3.1964331226313183,4.569897966770656,0.027773208933254266,0.11226888673275413,0.20946092719215526,AB17,treadmill_02_01,camargo_treadmill,121,0.2,1.0,0.0,12.0
3.998653186870506,5.64361943198433,0.03630811048580047,0.13995096234883858,0.26208149681883275,AB17,treadmill_02_01,camargo_treadmill,121,0.4,0.5,0.0,12.0
2.8383573070716968,4.280085626655041,0.02501442749902575,0.09963837049452791,0.18549771210226773,AB17,treadmill_02_01,camargo_treadmill,121,0.2,2.0,0.0,12.0
3.5038833683310506,4.833211267600083,0.029777536729741382,0.12306899842555309,0.22962634447946315,AB17,treadmill_02_01,camargo_treadmill,121,0.3,0.5,2.0,5.0
3.5830588161023655,4.989343759698692,0.03063741004078199,0.1258026385240224,0.2346818589760822,AB17,treadmill_02_01,camargo_treadmill,121,0.4,0.5,2.0,5.0
3.6295411411092635,4.965779132584992,0.03161196006704605,0.12734523092002306,0.23811795644640876,AB17,treadmill_02_01,camargo_treadmill,121,0.3,0.5,2.0,8.0
3.744470284720042,5.206620715738737,0.03314571951039262,0.13123992013130584,0.24548023888335047,AB17,treadmill_02_01,camargo_treadmill,121,0.4,0.5,2.0,8.0
3.410985728587091,4.963761945929807,0.030973603837538687,0.11953122151054589,0.22298938803427645,AB17,treadmill_03_01,camargo_treadmill,127,0.3,1.0,0.0,12.0
3.107343347018524,4.702789278091419,0.028381412081093724,0.10887973767753331,0.2026307522931404,AB17,treadmill_03_01,camargo_treadmill,127,0.3,2.0,0.0,12.0
3.6692389849553595,5.427427228844918,0.03392987466606045,0.12841295205379608,0.2396439798054876,AB17,treadmill_03_01,camargo_treadmill,127,0.4,1.0,0.0,12.0
3.8479747088801046,5.272258677926934,0.03388123634129122,0.13504776405141802,0.2522002801911147,AB17,treadmill_03_01,camargo_treadmill,127,0.3,0.5,0.0,12.0
3.6574870508234003,4.83822722125087,0.030878181463438306,0.12870004968383847,0.24004378314635713,AB17,treadmill_03_01,camargo_treadmill,127,0.2,0.5,0.0,12.0
3.4336005717223554,5.191271373977402,0.03157075816739975,0.12024169509487914,0.22381130895143983,AB17,treadmill_03_01,camargo_treadmill,127,0.4,2.0,0.0,12.0
3.186552125710719,4.517252793432149,0.02772058175742098,0.11199596293635929,0.20859931820889577,AB17,treadmill_03_01,camargo_treadmill,127,0.2,1.0,0.0,12.0
4.058295436190829,5.708283597012329,0.0365856784381644,0.14221144764348817,0.2656957091839213,AB17,treadmill_03_01,camargo_treadmill,127,0.4,0.5,0.0,12.0
2.823827983050485,4.244230893105793,0.02489844148260474,0.09920604748497867,0.18430762694889077,AB17,treadmill_03_01,camargo_treadmill,127,0.2,2.0,0.0,12.0
3.543865320099239,4.9000659502991075,0.029738157040863474,0.12467694053724113,0.23190821560821778,AB17,treadmill_03_01,camargo_treadmill,127,0.3,0.5,2.0,5.0
3.6326444014448342,5.072553806261254,0.030616184583972035,0.12777161151529326,0.237582783818413,AB17,treadmill_03_01,camargo_treadmill,127,0.4,0.5,2.0,5.0
3.6455839912210815,4.962511829960318,0.031584330743623185,0.128024252523445,0.2388881435562332,AB17,treadmill_03_01,camargo_treadmill,127,0.3,0.5,2.0,8.0
3.775269765234599,5.235619278093817,0.033154804751886764,0.13246922101659103,0.24719388229419684,AB17,treadmill_03_01,camargo_treadmill,127,0.4,0.5,2.0,8.0
3.7186214137370133,5.515585275219742,0.03469361008212278,0.1304052846295157,0.24208904453674393,AB17,treadmill_04_01,camargo_treadmill,124,0.3,1.0,0.0,12.0
3.3825246753429576,5.19142497001508,0.03173706116937171,0.11864038597130949,0.21969549061295085,AB17,treadmill_04_01,camargo_treadmill,124,0.3,2.0,0.0,12.0
4.006533669364354,6.032099897680334,0.03794236937357165,0.14037334758569572,0.2605942821784439,AB17,treadmill_04_01,camargo_treadmill,124,0.4,1.0,0.0,12.0
4.198270661469756,5.886597373953769,0.038015978752419924,0.1474007004145329,0.2740051575266876,AB17,treadmill_04_01,camargo_treadmill,124,0.3,0.5,0.0,12.0
3.980203982430703,5.393656848170531,0.03471967184428063,0.14003758449001552,0.2601295742847588,AB17,treadmill_04_01,camargo_treadmill,124,0.2,0.5,0.0,12.0
3.74575845776285,5.735926012622309,0.03526046457738834,0.13135192352641115,0.24319605944360387,AB17,treadmill_04_01,camargo_treadmill,124,0.4,2.0,0.0,12.0
3.4605811025573026,5.004985519387507,0.031097291594621542,0.12163278108520688,0.22559233649884022,AB17,treadmill_04_01,camargo_treadmill,124,0.2,1.0,0.0,12.0
4.432061658361202,6.3703385590450505,0.04096749804026686,0.15542626434757337,0.2889568980955496,AB17,treadmill_04_01,camargo_treadmill,124,0.4,0.5,0.0,12.0
3.0580990074164394,4.666079676977281,0.027866019484101348,0.10746200273433301,0.19879262018451882,AB17,treadmill_04_01,camargo_treadmill,124,0.2,2.0,0.0,12.0
3.927175549485374,5.5316496696018875,0.0337044241202085,0.13826688845272622,0.25587756687512747,AB17,treadmill_04_01,camargo_treadmill,124,0.3,0.5,2.0,5.0
4.02638770985251,5.7188322223728125,0.03468596001469391,0.1417449339390389,0.26219979275191385,AB17,treadmill_04_01,camargo_treadmill,124,0.4,0.5,2.0,5.0
4.007523469732427,5.584765492726955,0.035750347611322425,0.14079395729673852,0.2615201720435348,AB17,treadmill_04_01,camargo_treadmill,124,0.3,0.5,2.0,8.0
4.151846464690845,5.88504695291344,0.037467324969547765,0.14578171237893953,0.2707322646551899,AB17,treadmill_04_01,camargo_treadmill,124,0.4,0.5,2.0,8.0
4.003627357964252,5.995923004194824,0.03803858844323289,0.13923383013889587,0.25898836838067896,AB17,treadmill_05_01,camargo_treadmill,130,0.3,1.0,0.0,12.0
3.625501781491027,5.6038050922969225,0.034485475530760305,0.12612056221206377,0.23402825918188416,AB17,treadmill_05_01,camargo_treadmill,130,0.3,2.0,0.0,12.0
4.295302288592489,6.507995253576666,0.04143469800408682,0.14921321579339428,0.2776302227544895,AB17,treadmill_05_01,camargo_treadmill,130,0.4,1.0,0.0,12.0
4.513429428756261,6.425763462752603,0.04187728250444865,0.1571562863587533,0.29266773458421236,AB17,treadmill_05_01,camargo_treadmill,130,0.3,0.5,0.0,12.0
4.2892696126548575,5.9394561429849,0.03838883996242856,0.1497157073925383,0.2784836837967714,AB17,treadmill_05_01,camargo_treadmill,130,0.2,0.5,0.0,12.0
3.9925647386954446,6.146693589709818,0.03814245648310657,0.1388468123160678,0.2576394159110522,AB17,treadmill_05_01,camargo_treadmill,130,0.4,2.0,0.0,12.0
3.7403178955645586,5.492291540849662,0.0342594409099342,0.13042012567287242,0.2422542337617051,AB17,treadmill_05_01,camargo_treadmill,130,0.2,1.0,0.0,12.0
4.751534793108253,6.9046123957061845,0.0449819711810027,0.16521741542214197,0.30781154869376814,AB17,treadmill_05_01,camargo_treadmill,130,0.4,0.5,0.0,12.0
3.2969440636882776,5.083293997547508,0.030454420812776807,0.11494282650093418,0.21299379808200736,AB17,treadmill_05_01,camargo_treadmill,130,0.2,2.0,0.0,12.0
4.140470578245966,5.852019351137338,0.036241588034475546,0.14467730189595035,0.26837491490247173,AB17,treadmill_05_01,camargo_treadmill,130,0.3,0.5,2.0,5.0
4.24587857186835,6.041905589465247,0.03725772253223559,0.148347323960468,0.2750607659392864,AB17,treadmill_05_01,camargo_treadmill,130,0.4,0.5,2.0,5.0
4.2960907698184485,6.067004033906422,0.0393628820053177,0.14967177799265438,0.278631771015657,AB17,treadmill_05_01,camargo_treadmill,130,0.3,0.5,2.0,8.0
4.4487692110524835,6.370884089864921,0.041166204094792595,0.15489593102029114,0.2883277774141239,AB17,treadmill_05_01,camargo_treadmill,130,0.4,0.5,2.0,8.0
4.036171085301891,6.034212166721149,0.03831459544818402,0.1406795054265172,0.26022467741202615,AB17,treadmill_06_01,camargo_treadmill,129,0.3,1.0,0.0,12.0
3.6700368693593743,5.652415261291583,0.03478028169954507,0.12796587048083552,0.23607701854955712,AB17,treadmill_06_01,camargo_treadmill,129,0.3,2.0,0.0,12.0
4.353548914234277,6.585016124040337,0.04190509894098818,0.15160965520311087,0.280435627400984,AB17,treadmill_06_01,camargo_treadmill,129,0.4,1.0,0.0,12.0
4.547862133563284,6.4739773108374115,0.04225240763470329,0.15867602449794976,0.29395472026296043,AB17,treadmill_06_01,camargo_treadmill,129,0.3,0.5,0.0,12.0
4.306566604986433,5.955312263405024,0.03861051989405312,0.15058010802174074,0.2787559792948704,AB17,treadmill_06_01,camargo_treadmill,129,0.2,0.5,0.0,12.0
4.070516752185734,6.238570512255025,0.03867828250416527,0.14191668279060943,0.2617577961165293,AB17,treadmill_06_01,camargo_treadmill,129,0.4,2.0,0.0,12.0
3.748702438716076,5.493202407663724,0.034327840793795535,0.13095254390443573,0.24202404652944784,AB17,treadmill_06_01,camargo_treadmill,129,0.2,1.0,0.0,12.0
4.804415690783026,6.985401082830947,0.04550306234222285,0.16742629182625463,0.3102033082973802,AB17,treadmill_06_01,camargo_treadmill,129,0.4,0.5,0.0,12.0
3.308700955943786,5.0913050173803605,0.030486875019238465,0.11556332246285092,0.2130106825445239,AB17,treadmill_06_01,camargo_treadmill,129,0.2,2.0,0.0,12.0
4.2143053026542034,5.980866275470321,0.03664195333055574,0.14757678364481483,0.27212453164189354,AB17,treadmill_06_01,camargo_treadmill,129,0.3,0.5,2.0,5.0
4.328031157959678,6.18189323399813,0.037709778395361576,0.15155008934801917,0.2793101263821653,AB17,treadmill_06_01,camargo_treadmill,129,0.4,0.5,2.0,5.0
4.305166563453596,6.084031240469777,0.03941094938662374,0.15031539910347502,0.27829703819444535,AB17,treadmill_06_01,camargo_treadmill,129,0.3,0.5,2.0,8.0
4.46751802620538,6.403493693629544,0.041285041489689624,0.15590193182225476,0.28855882538324856,AB17,treadmill_06_01,camargo_treadmill,129,0.4,0.5,2.0,8.0
4.462349001043796,6.66558918736691,0.042519271323879435,0.15516965457998289,0.2865033717319501,AB17,treadmill_07_01,camargo_treadmill,130,0.3,1.0,0.0,12.0
4.016392509867179,6.180546405081719,0.03813521152256899,0.13973051874066905,0.25729830187895436,AB17,treadmill_07_01,camargo_treadmill,130,0.3,2.0,0.0,12.0
4.8040665194346435,7.254925100396538,0.04642602036958349,0.16690209755724705,0.3081789019208529,AB17,treadmill_07_01,camargo_treadmill,130,0.4,1.0,0.0,12.0
5.0578187906826875,7.20978453619757,0.047353485909538404,0.17603389546191656,0.32554282602978124,AB17,treadmill_07_01,camargo_treadmill,130,0.3,0.5,0.0,12.0
4.786367420944197,6.64253185727314,0.04335136875353732,0.16693734818753753,0.30848728888423954,AB17,treadmill_07_01,camargo_treadmill,130,0.2,0.5,0.0,12.0
4.440484481393925,6.803235366979524,0.042348861398370186,0.15446088562222893,0.28437742836530755,AB17,treadmill_07_01,camargo_treadmill,130,0.4,2.0,0.0,12.0
4.144371523906422,6.078049677514442,0.038149814513201256,0.144431554640759,0.2664331705651912,AB17,treadmill_07_01,camargo_treadmill,130,0.2,1.0,0.0,12.0
5.33819422103178,7.760297478558806,0.050901408383221755,0.1855691523211146,0.34323758197982374,AB17,treadmill_07_01,camargo_treadmill,130,0.4,0.5,0.0,12.0
3.626666450483955,5.577199282590763,0.03346135706723174,0.1263903236456523,0.23251483415472507,AB17,treadmill_07_01,camargo_treadmill,130,0.2,2.0,0.0,12.0
4.618253517916052,6.517547977169455,0.040144914921631546,0.16141405404745077,0.29717665942048593,AB17,treadmill_07_01,camargo_treadmill,130,0.3,0.5,2.0,5.0
4.743560124520302,6.731973739973435,0.04129690332533479,0.1657927292317483,0.3050716473292034,AB17,treadmill_07_01,camargo_treadmill,130,0.4,0.5,2.0,5.0
4.78944724491107,6.76863086963746,0.04415763327852896,0.1667985449145667,0.3083497568152602,AB17,treadmill_07_01,camargo_treadmill,130,0.3,0.5,2.0,8.0
4.971477473402245,7.116102367086471,0.04619720714638622,0.17306128520126351,0.319820467816836,AB17,treadmill_07_01,camargo_treadmill,130,0.4,0.5,2.0,8.0
2.8756894377728304,4.253970358214113,0.023000848299736965,0.10536989945820319,0.19816676071583164,AB18,treadmill_01_01,camargo_treadmill,110,0.3,1.0,0.0,12.0
2.6605738322118424,4.066673822498334,0.02114057136836495,0.09752003071135695,0.1830282898670682,AB18,treadmill_01_01,camargo_treadmill,110,0.3,2.0,0.0,12.0
3.0458144800777966,4.509145906960383,0.025187415665253697,0.1113476072256391,0.20974758888713776,AB18,treadmill_01_01,camargo_treadmill,110,0.4,1.0,0.0,12.0
3.1627072549559494,4.523605393847192,0.025288609554017853,0.11587347376149053,0.21824316587074477,AB18,treadmill_01_01,camargo_treadmill,110,0.3,0.5,0.0,12.0
3.0505898797417617,4.327897417736713,0.023226630324468957,0.11212489113036303,0.21070875142395998,AB18,treadmill_01_01,camargo_treadmill,110,0.2,0.5,0.0,12.0
2.850895755725078,4.308703720494221,0.023428299212790542,0.10426765271405258,0.19605237851146043,AB18,treadmill_01_01,camargo_treadmill,110,0.4,2.0,0.0,12.0
2.772863140123061,4.100231596099644,0.020888260473308766,0.1019769188587209,0.19122628881871173,AB18,treadmill_01_01,camargo_treadmill,110,0.2,1.0,0.0,12.0
3.316445135574056,4.7884935923501555,0.0273239307612258,0.12124756228919363,0.2286589988990702,AB18,treadmill_01_01,camargo_treadmill,110,0.4,0.5,0.0,12.0
2.567070638254444,3.954418958443525,0.0190649932700209,0.09445545890365045,0.17667924752933759,AB18,treadmill_01_01,camargo_treadmill,110,0.2,2.0,0.0,12.0
2.9882221497219215,4.287733661050521,0.02378919847127966,0.10949334788959558,0.20600775142329592,AB18,treadmill_01_01,camargo_treadmill,110,0.3,0.5,2.0,5.0
3.091561531223714,4.420360587110787,0.02459620718159724,0.11327072697646201,0.21305643462069612,AB18,treadmill_01_01,camargo_treadmill,110,0.4,0.5,2.0,5.0
3.0537308178971183,4.408477178891561,0.024654707385978098,0.11177644530366326,0.2106412072107204,AB18,treadmill_01_01,camargo_treadmill,110,0.3,0.5,2.0,8.0
3.1697489722459937,4.586564661606361,0.02588375100494872,0.11591804649961757,0.21851114070370836,AB18,treadmill_01_01,camargo_treadmill,110,0.4,0.5,2.0,8.0
3.118239929547174,4.398989898103903,0.024923649437504098,0.11529746608364992,0.2168065540563351,AB18,treadmill_02_01,camargo_treadmill,114,0.3,1.0,0.0,12.0
2.8309612864325473,4.179274707235848,0.022566913572061982,0.1046752757931277,0.19640871681627944,AB18,treadmill_02_01,camargo_treadmill,114,0.3,2.0,0.0,12.0
3.288881434799859,4.634944231105024,0.02718099059760691,0.12132529550736824,0.22857248423183277,AB18,treadmill_02_01,camargo_treadmill,114,0.4,1.0,0.0,12.0
3.4764610702129306,4.690711116089386,0.027715445092205786,0.12855792800489776,0.24213315957363693,AB18,treadmill_02_01,camargo_treadmill,114,0.3,0.5,0.0,12.0
3.3651456032281715,4.520273840725619,0.02559574733103134,0.1248225294389624,0.23450392760662606,AB18,treadmill_02_01,camargo_treadmill,114,0.2,0.5,0.0,12.0
3.018473439306057,4.397957417681823,0.024917154751078658,0.11135333900711775,0.20940279774944603,AB18,treadmill_02_01,camargo_treadmill,114,0.4,2.0,0.0,12.0
3.0168923697528145,4.275775271476266,0.022753373266754837,0.11194379955627029,0.20980134859653465,AB18,treadmill_02_01,camargo_treadmill,114,0.2,1.0,0.0,12.0
3.6308029349532425,4.940536538102433,0.029815919766962108,0.13397968408169666,0.25272030823513963,AB18,treadmill_02_01,camargo_treadmill,114,0.4,0.5,0.0,12.0
2.745378450654066,4.103486116232685,0.02045875521598187,0.10189550739191715,0.19043393285605265,AB18,treadmill_02_01,camargo_treadmill,114,0.2,2.0,0.0,12.0
3.1218951037993343,4.259405362145943,0.024782065684652473,0.11552155392121086,0.21731427310877655,AB18,treadmill_02_01,camargo_treadmill,114,0.3,0.5,2.0,5.0
3.2455234294290554,4.410352340480777,0.02570219218115524,0.12009110099718343,0.22582262478015763,AB18,treadmill_02_01,camargo_treadmill,114,0.4,0.5,2.0,5.0
3.274807169908463,4.464986452128641,0.026500434627268307,0.12094197797786566,0.22803196942790263,AB18,treadmill_02_01,camargo_treadmill,114,0.3,0.5,2.0,8.0
3.407472882297628,4.656830260740687,0.027852314995289503,0.1257321327708273,0.23712725329000303,AB18,treadmill_02_01,camargo_treadmill,114,0.4,0.5,2.0,8.0
3.3119349424351388,4.80524845685934,0.026500684549872703,0.12133680342289464,0.2284155717211915,AB18,treadmill_03_01,camargo_treadmill,117,0.3,1.0,0.0,12.0
3.0075445246933845,4.5448250671855925,0.02397834536761392,0.11018165172389147,0.20707385232818218,AB18,treadmill_03_01,camargo_treadmill,117,0.3,2.0,0.0,12.0
3.4806491768274985,5.043050044061915,0.02888565440285059,0.1272226847390178,0.23994676649397761,AB18,treadmill_03_01,camargo_treadmill,117,0.4,1.0,0.0,12.0
3.689279713802357,5.147217134742964,0.02952915590036003,0.13516015652286967,0.25475599623136247,AB18,treadmill_03_01,camargo_treadmill,117,0.3,0.5,0.0,12.0
3.5771673659180783,4.96884951615829,0.027245352157813114,0.13145426258148465,0.24716429092433415,AB18,treadmill_03_01,camargo_treadmill,117,0.2,0.5,0.0,12.0
3.1912465819548115,4.761253584425992,0.026451735636336193,0.11664994163015525,0.2197004666539127,AB18,treadmill_03_01,camargo_treadmill,117,0.4,2.0,0.0,12.0
3.2129338756772516,4.680279556957407,0.02416246217808575,0.11812141659181735,0.22165044340576284,AB18,treadmill_03_01,camargo_treadmill,117,0.2,1.0,0.0,12.0
3.8435628676465208,5.4020784421324475,0.03175107933554994,0.1405101775310041,0.26523997532250326,AB18,treadmill_03_01,camargo_treadmill,117,0.4,0.5,0.0,12.0
2.9275090299369086,4.4738090534325865,0.021711229469120318,0.1076481909718862,0.20154295711322653,AB18,treadmill_03_01,camargo_treadmill,117,0.2,2.0,0.0,12.0
3.2329953468722827,4.545788020721166,0.02608967347860486,0.11845351568300648,0.22319074158886365,AB18,treadmill_03_01,camargo_treadmill,117,0.3,0.5,2.0,5.0
3.3505533269837446,4.683135355931872,0.026967179768304796,0.12276495886459822,0.23123262166233918,AB18,treadmill_03_01,camargo_treadmill,117,0.4,0.5,2.0,5.0
3.4479866684934906,4.88303259007864,0.028145324516563167,0.12614521035871992,0.23803605020856938,AB18,treadmill_03_01,camargo_treadmill,117,0.3,0.5,2.0,8.0
3.5723719152168507,5.0597357350782515,0.029473333533912842,0.13058580006934611,0.2465024144153135,AB18,treadmill_03_01,camargo_treadmill,117,0.4,0.5,2.0,8.0
3.3940568072748163,4.834026004535298,0.027062661617088906,0.12484051024294197,0.23407478566383547,AB18,treadmill_04_01,camargo_treadmill,119,0.3,1.0,0.0,12.0
3.0851641494302213,4.580612857847821,0.02448836153902684,0.11345904855218555,0.2123829540433677,AB18,treadmill_04_01,camargo_treadmill,119,0.3,2.0,0.0,12.0
3.5899474890748606,5.101837116320847,0.02965303960548955,0.13178704781280123,0.24750933413047108,AB18,treadmill_04_01,camargo_treadmill,119,0.4,1.0,0.0,12.0
3.7735780868547373,5.168129275687587,0.030171992285235396,0.13880709364902877,0.2606093099650074,AB18,treadmill_04_01,camargo_treadmill,119,0.3,0.5,0.0,12.0
3.636112676016086,4.957061746278312,0.027682630536448108,0.13411184722557884,0.2512286351697511,AB18,treadmill_04_01,camargo_treadmill,119,0.2,0.5,0.0,12.0
3.2985035536449967,4.823190264743603,0.027177376225720192,0.12108581794406491,0.22708907978342435,AB18,treadmill_04_01,camargo_treadmill,119,0.4,2.0,0.0,12.0
3.2702856295984497,4.687438690826371,0.024521507117136108,0.12065023433627019,0.22553871582134286,AB18,treadmill_04_01,camargo_treadmill,119,0.2,1.0,0.0,12.0
3.9525751445504325,5.457914093703395,0.03258534817877458,0.145117867227667,0.27281471709080457,AB18,treadmill_04_01,camargo_treadmill,119,0.4,0.5,0.0,12.0
2.9817296718815935,4.497144109622676,0.022032114251819696,0.10999691450794566,0.2051596108322914,AB18,treadmill_04_01,camargo_treadmill,119,0.2,2.0,0.0,12.0
3.377349056282151,4.656695679252322,0.026802965297087675,0.12438270651864446,0.23312832720359325,AB18,treadmill_04_01,camargo_treadmill,119,0.3,0.5,2.0,5.0
3.51607439031844,4.815375268796266,0.027793000352493234,0.12950681477180825,0.2426358036031557,AB18,treadmill_04_01,camargo_treadmill,119,0.4,0.5,2.0,5.0
3.5227218808840006,4.895672017321817,0.028745676439816306,0.1294165342475367,0.243262552951431,AB18,treadmill_04_01,camargo_treadmill,119,0.3,0.5,2.0,8.0
3.6746282147021354,5.10823192569839,0.03023708356161503,0.1349164681000519,0.25363136847593337,AB18,treadmill_04_01,camargo_treadmill,119,0.4,0.5,2.0,8.0
3.674255087473876,5.26153098086083,0.030505587665462117,0.134992103484682,0.2525039278135786,AB18,treadmill_05_01,camargo_treadmill,106,0.3,1.0,0.0,12.0
3.348172045959741,4.945571182380043,0.0275999115692772,0.12302435002028922,0.22985283042293603,AB18,treadmill_05_01,camargo_treadmill,106,0.3,2.0,0.0,12.0
3.939523338453344,5.626284281765531,0.03356241836103718,0.14457229971762586,0.2707381252877183,AB18,treadmill_05_01,camargo_treadmill,106,0.4,1.0,0.0,12.0
4.088780973799749,5.7006660905289746,0.03418250595193534,0.15018593678750505,0.2812083498311913,AB18,treadmill_05_01,camargo_treadmill,106,0.3,0.5,0.0,12.0
3.8878770824314532,5.39929781637681,0.03125601392267533,0.1430811524875105,0.26740364867025085,AB18,treadmill_05_01,camargo_treadmill,106,0.2,0.5,0.0,12.0
3.6431731321634815,5.2979968894596405,0.030829107292803522,0.13375672489456317,0.25021305189968335,AB18,treadmill_05_01,camargo_treadmill,106,0.4,2.0,0.0,12.0
3.4730715715422,5.0122405496658775,0.02743109901184303,0.12785503598062573,0.23855978921246676,AB18,treadmill_05_01,camargo_treadmill,106,0.2,1.0,0.0,12.0
4.323112677044805,6.072658353584849,0.036973783671137114,0.1585932950064928,0.29723905796373906,AB18,treadmill_05_01,camargo_treadmill,106,0.4,0.5,0.0,12.0
3.1561319783736077,4.749072994439636,0.024533134531895533,0.11618167798392347,0.21642424779334946,AB18,treadmill_05_01,camargo_treadmill,106,0.2,2.0,0.0,12.0
3.8235239989602205,5.264314533116398,0.03113268802658116,0.14077177689652565,0.2630012961113672,AB18,treadmill_05_01,camargo_treadmill,106,0.3,0.5,2.0,5.0
3.9947555548155953,5.461578704635961,0.0323034474548527,0.14713432978379953,0.2747358297250627,AB18,treadmill_05_01,camargo_treadmill,106,0.4,0.5,2.0,5.0
3.8799595422150253,5.4311167827749225,0.03319028505970007,0.1423249843373372,0.2669639915491852,AB18,treadmill_05_01,camargo_treadmill,106,0.3,0.5,2.0,8.0
4.079418807509243,5.708856238268557,0.034964283662190676,0.1496273757745026,0.2805925385344523,AB18,treadmill_05_01,camargo_treadmill,106,0.4,0.5,2.0,8.0
3.531133477109007,5.018622107323872,0.028837375523031568,0.1305602646064144,0.24368830314387732,AB18,treadmill_06_01,camargo_treadmill,122,0.3,1.0,0.0,12.0
3.2194716890880177,4.752224976237592,0.026140348557642315,0.11899236526525636,0.22177146116106414,AB18,treadmill_06_01,camargo_treadmill,122,0.3,2.0,0.0,12.0
3.7632325688606287,5.328737570099785,0.03171371050418623,0.138987660553478,0.2597212303305665,AB18,treadmill_06_01,camargo_treadmill,122,0.4,1.0,0.0,12.0
3.914240399655812,5.373431922052264,0.03213502033462755,0.14474490382418978,0.27051439475211986,AB18,treadmill_06_01,camargo_treadmill,122,0.3,0.5,0.0,12.0
3.749836298359906,5.130418760924424,0.029420447972240787,0.1389053425388827,0.2591512175703603,AB18,treadmill_06_01,camargo_treadmill,122,0.2,0.5,0.0,12.0
3.4802212160637,5.044804992479769,0.02918587928006888,0.12853346723149062,0.23986279608616912,AB18,treadmill_06_01,camargo_treadmill,122,0.4,2.0,0.0,12.0
3.3740753266436334,4.841263072614538,0.02602627290789196,0.12496314135929266,0.23268871933979324,AB18,treadmill_06_01,camargo_treadmill,122,0.2,1.0,0.0,12.0
4.119649520329673,5.69991077878482,0.03477095590739458,0.15215111086512087,0.2846205822224623,AB18,treadmill_06_01,camargo_treadmill,122,0.4,0.5,0.0,12.0
3.0765900968494235,4.636392684516728,0.02336857951907387,0.11387569579161015,0.21162671246200607,AB18,treadmill_06_01,camargo_treadmill,122,0.2,2.0,0.0,12.0
3.6059794820616595,4.874224402812231,0.028356370090488445,0.1337195821740336,0.2489341378413688,AB18,treadmill_06_01,camargo_treadmill,122,0.3,0.5,2.0,5.0
3.774209436527555,5.064170134909999,0.029536553597414052,0.13998274400038915,0.2604759169707791,AB18,treadmill_06_01,camargo_treadmill,122,0.4,0.5,2.0,5.0
3.6360887701759506,5.0045901110805415,0.030291424238537975,0.13436292841453773,0.25144151242182977,AB18,treadmill_06_01,camargo_treadmill,122,0.3,0.5,2.0,8.0
3.823378915407263,5.264173540188546,0.03201897380233223,0.1412540339366392,0.26426615214991456,AB18,treadmill_06_01,camargo_treadmill,122,0.4,0.5,2.0,8.0
3.606765502101694,5.086150411939884,0.029486013211187087,0.13282035473896475,0.2481063223813127,AB18,treadmill_07_01,camargo_treadmill,126,0.3,1.0,0.0,12.0
3.280241922524398,4.8046499600380805,0.02671233019922199,0.12078485413910499,0.22530239470190222,AB18,treadmill_07_01,camargo_treadmill,126,0.3,2.0,0.0,12.0
3.8423813638683773,5.424795160004553,0.03234553114085197,0.14129711892285798,0.26422471942338843,AB18,treadmill_07_01,camargo_treadmill,126,0.4,1.0,0.0,12.0
4.0242895490224075,5.489462636318316,0.033037192555562284,0.14817977312838598,0.27713172339237674,AB18,treadmill_07_01,camargo_treadmill,126,0.3,0.5,0.0,12.0
3.8549575260831825,5.212475360672359,0.030354125932653776,0.14223531678646373,0.26557903693210627,AB18,treadmill_07_01,camargo_treadmill,126,0.2,0.5,0.0,12.0
3.547719630777054,5.126950532945002,0.029756720677237416,0.13048611099938046,0.24367833171995504,AB18,treadmill_07_01,camargo_treadmill,126,0.4,2.0,0.0,12.0
3.4417227872173064,4.868715061969429,0.026679665962993884,0.1270189324374487,0.23673598468828597,AB18,treadmill_07_01,camargo_treadmill,126,0.2,1.0,0.0,12.0
4.2313661460575585,5.839606271784694,0.035639033422550565,0.15557965577397204,0.29122407776993403,AB18,treadmill_07_01,camargo_treadmill,126,0.4,0.5,0.0,12.0
3.1236565963052114,4.6463400912825925,0.02391033361484087,0.11525935448269635,0.21441106717380398,AB18,treadmill_07_01,camargo_treadmill,126,0.2,2.0,0.0,12.0
3.719670257397047,5.03157219359513,0.029503802548378547,0.13732170916148267,0.2560017629137484,AB18,treadmill_07_01,camargo_treadmill,126,0.3,0.5,2.0,5.0
3.881089338089039,5.218974031807433,0.030614220733948785,0.14331088788010732,0.2670358672247075,AB18,treadmill_07_01,camargo_treadmill,126,0.4,0.5,2.0,5.0
3.7389313505587163,5.135537405384743,0.03135307193359575,0.1375323660353248,0.2576801461969718,AB18,treadmill_07_01,camargo_treadmill,126,0.3,0.5,2.0,8.0
3.9197669774363284,5.397484627498395,0.03300075930717622,0.14414337923464315,0.26999724719384177,AB18,treadmill_07_01,camargo_treadmill,126,0.4,0.5,2.0,8.0
3.05969304211993,4.370986335744933,0.029589338789522045,0.10972927294790591,0.19595948334852173,AB19,treadmill_01_01,camargo_treadmill,122,0.3,1.0,0.0,12.0
2.6746848578297464,3.9831182843726336,0.026161317074467064,0.09592635029410344,0.17115270416586986,AB19,treadmill_01_01,camargo_treadmill,122,0.3,2.0,0.0,12.0
3.1916408117902875,4.610740187323283,0.03194333417950955,0.11429466438774986,0.2043999168538017,AB19,treadmill_01_01,camargo_treadmill,122,0.4,1.0,0.0,12.0
3.5814758681843313,4.7651390486405445,0.03352789362496,0.12854613654944674,0.22964568799716356,AB19,treadmill_01_01,camargo_treadmill,122,0.3,0.5,0.0,12.0
3.5199953382904083,4.5964405690058445,0.03130588342391158,0.12658380619606754,0.22568632157253954,AB19,treadmill_01_01,camargo_treadmill,122,0.2,0.5,0.0,12.0
2.863805499907363,4.2570303469669355,0.028765487605515342,0.10258678559465892,0.18321480351706523,AB19,treadmill_01_01,camargo_treadmill,122,0.4,2.0,0.0,12.0
2.985776401729473,4.195906410153552,0.02720735296580824,0.10733335414100045,0.19122320554382505,AB19,treadmill_01_01,camargo_treadmill,122,0.2,1.0,0.0,12.0
3.681392923485375,4.982629966531954,0.03567041697341924,0.13195172585631568,0.23605118447639156,AB19,treadmill_01_01,camargo_treadmill,122,0.4,0.5,0.0,12.0
2.562191080968874,3.7871865903803617,0.02357936226479321,0.09212708312604784,0.16400100443803042,AB19,treadmill_01_01,camargo_treadmill,122,0.2,2.0,0.0,12.0
2.8100331190973407,3.7724296849486234,0.026364035762525172,0.1009491284138555,0.18052126325488932,AB19,treadmill_01_01,camargo_treadmill,122,0.3,0.5,2.0,5.0
2.8753672286689063,3.905277869509297,0.02727961518999374,0.10324388916765821,0.18463934852621985,AB19,treadmill_01_01,camargo_treadmill,122,0.4,0.5,2.0,5.0
3.294886419259454,4.403174042589285,0.031123686369739556,0.11825098718220584,0.21143957853511613,AB19,treadmill_01_01,camargo_treadmill,122,0.3,0.5,2.0,8.0
3.3712419100841933,4.571663080991104,0.032586549172594466,0.12087456820414844,0.21630439425888298,AB19,treadmill_01_01,camargo_treadmill,122,0.4,0.5,2.0,8.0
3.3069190244930753,4.763079657405933,0.03237758370471136,0.11786728565840912,0.21069024720313162,AB19,treadmill_02_01,camargo_treadmill,127,0.3,1.0,0.0,12.0
2.8602074911521806,4.293538721501144,0.028226949570047625,0.1019409591444652,0.1821209286729221,AB19,treadmill_02_01,camargo_treadmill,127,0.3,2.0,0.0,12.0
3.434338884209129,4.997880352490983,0.03472416211234326,0.12222198319644803,0.2188288541686991,AB19,treadmill_02_01,camargo_treadmill,127,0.4,1.0,0.0,12.0
3.8840084883452914,5.221196134296989,0.03693804696641517,0.138583476914578,0.24771425877953326,AB19,treadmill_02_01,camargo_treadmill,127,0.3,0.5,0.0,12.0
3.8176899765648735,5.046890983959067,0.03466739955467392,0.13648322153698791,0.24343385365543505,AB19,treadmill_02_01,camargo_treadmill,127,0.2,0.5,0.0,12.0
3.037758687403341,4.557239667645778,0.0307898517741171,0.10812942004892592,0.1934091286349447,AB19,treadmill_02_01,camargo_treadmill,127,0.4,2.0,0.0,12.0
3.2342673791048884,4.588572686731407,0.02997354853237199,0.11556059812378797,0.20602311600014256,AB19,treadmill_02_01,camargo_treadmill,127,0.2,1.0,0.0,12.0
3.9845692944379976,5.438077269249532,0.03909429340196744,0.14197304159751506,0.2541564611684403,AB19,treadmill_02_01,camargo_treadmill,127,0.4,0.5,0.0,12.0
2.759777655123491,4.1072281094879,0.025675144498245754,0.09862803046973735,0.17574213348735385,AB19,treadmill_02_01,camargo_treadmill,127,0.2,2.0,0.0,12.0
2.9251891460747634,3.9560006003134593,0.027802749422203437,0.10451649196071176,0.18714570576131917,AB19,treadmill_02_01,camargo_treadmill,127,0.3,0.5,2.0,5.0
2.9915315113990766,4.086084491087604,0.028688488756758147,0.10683536965326407,0.1913233759530975,AB19,treadmill_02_01,camargo_treadmill,127,0.4,0.5,2.0,5.0
3.5289552401368103,4.763447204093583,0.03389826396847058,0.12591891372058517,0.22533033159388913,AB19,treadmill_02_01,camargo_treadmill,127,0.3,0.5,2.0,8.0
3.6054366149339683,4.929940549443607,0.03533735915179606,0.12852555948103786,0.2302026033493438,AB19,treadmill_02_01,camargo_treadmill,127,0.4,0.5,2.0,8.0
3.5776869781052154,5.139876624197566,0.034533749135828566,0.12725887937228897,0.22772164256623328,AB19,treadmill_03_01,camargo_treadmill,131,0.3,1.0,0.0,12.0
3.0687962494440932,4.622973780530524,0.030107402304055817,0.10910176771683854,0.19518481726907386,AB19,treadmill_03_01,camargo_treadmill,131,0.3,2.0,0.0,12.0
3.699441774553335,5.368340316279726,0.03686507968600673,0.1313924467657836,0.2354824060363892,AB19,treadmill_03_01,camargo_treadmill,131,0.4,1.0,0.0,12.0
4.2149913958498555,5.642558780671474,0.039410707181104086,0.1501390415097925,0.268602855179923,AB19,treadmill_03_01,camargo_treadmill,131,0.3,0.5,0.0,12.0
4.152323138088218,5.473803065283817,0.03715470269507627,0.1481816166872473,0.26456904444274665,AB19,treadmill_03_01,camargo_treadmill,131,0.2,0.5,0.0,12.0
3.2382698206859084,4.88069721793976,0.032648302113594804,0.11498138851648329,0.20593923384694052,AB19,treadmill_03_01,camargo_treadmill,131,0.4,2.0,0.0,12.0
3.5105042200829097,4.9713874851959226,0.0321398608222477,0.12516062647110804,0.22341573766649306,AB19,treadmill_03_01,camargo_treadmill,131,0.2,1.0,0.0,12.0
4.31134272719915,5.853409540944566,0.041548759217919784,0.1533612589095274,0.2747601132287509,AB19,treadmill_03_01,camargo_treadmill,131,0.4,0.5,0.0,12.0
2.977361518066116,4.442235509425218,0.027572676215032402,0.1061251671555498,0.18939321387307576,AB19,treadmill_03_01,camargo_treadmill,131,0.2,2.0,0.0,12.0
3.1414338002677566,4.234523291998434,0.02971757646966269,0.11197406872913777,0.200858272234206,AB19,treadmill_03_01,camargo_treadmill,131,0.3,0.5,2.0,5.0
3.2076210174133717,4.362638328226494,0.030573752470966376,0.11428064859284125,0.20501263998979444,AB19,treadmill_03_01,camargo_treadmill,131,0.4,0.5,2.0,5.0
3.8048837381352456,5.121003510761947,0.0361195940173706,0.1354902164878874,0.24275477516909555,AB19,treadmill_03_01,camargo_treadmill,131,0.3,0.5,2.0,8.0
3.879667815383756,5.284117533802358,0.03752737896479086,0.1380233562517626,0.2474987046228362,AB19,treadmill_03_01,camargo_treadmill,131,0.4,0.5,2.0,8.0
3.660675463073233,5.3161134410379525,0.03529506720440765,0.12975573056042267,0.23168219239252374,AB19,treadmill_04_01,camargo_treadmill,131,0.3,1.0,0.0,12.0
3.0910451127594074,4.705097040598214,0.03022808230373252,0.10950364770307779,0.19542793827134083,AB19,treadmill_04_01,camargo_treadmill,131,0.3,2.0,0.0,12.0
3.787398057937636,5.543798264336545,0.037773330297858065,0.13403752001097297,0.23972134475671278,AB19,treadmill_04_01,camargo_treadmill,131,0.4,1.0,0.0,12.0
4.369193846530809,5.915434453935048,0.04087106137425094,0.1550744582221871,0.27687119831736806,AB19,treadmill_04_01,camargo_treadmill,131,0.3,0.5,0.0,12.0
4.313865456133753,5.758582530987393,0.03854899106505933,0.15340250040224254,0.27331985777244927,AB19,treadmill_04_01,camargo_treadmill,131,0.2,0.5,0.0,12.0
3.2824351669829657,4.968822150618422,0.03301942586466077,0.11614235281839536,0.2075233223877525,AB19,treadmill_04_01,camargo_treadmill,131,0.4,2.0,0.0,12.0
3.5958856856204147,5.160916255314021,0.03278298267806286,0.12776404063235192,0.22754014986529217,AB19,treadmill_04_01,camargo_treadmill,131,0.2,1.0,0.0,12.0
4.462909643338533,6.122755786233806,0.04309431181566706,0.15817390808301238,0.282830662645588,AB19,treadmill_04_01,camargo_treadmill,131,0.4,0.5,0.0,12.0
2.9873159635178945,4.535552480921629,0.027476044237568307,0.10610043806714395,0.18886858091912187,AB19,treadmill_04_01,camargo_treadmill,131,0.2,2.0,0.0,12.0
3.170671238495709,4.2646095292183706,0.029383828842701198,0.11265887240323622,0.20157333309884432,AB19,treadmill_04_01,camargo_treadmill,131,0.3,0.5,2.0,5.0
3.241419243357446,4.394368852227899,0.030304310075617836,0.115117378364924,0.20597818916351066,AB19,treadmill_04_01,camargo_treadmill,131,0.4,0.5,2.0,5.0
3.9152909082733967,5.325716686234238,0.036924835862886564,0.13894890018824135,0.24843004854195994,AB19,treadmill_04_01,camargo_treadmill,131,0.3,0.5,2.0,8.0
3.9885919020723475,5.48482250024256,0.038391180445634165,0.14141144542497683,0.2530491314219197,AB19,treadmill_04_01,camargo_treadmill,131,0.4,0.5,2.0,8.0
3.7750548634517456,5.448255479753197,0.0374670455220357,0.13410193941835719,0.23913399675560193,AB19,treadmill_05_01,camargo_treadmill,132,0.3,1.0,0.0,12.0
3.2182886160849247,4.886091283493599,0.03229660351460453,0.11428973501225934,0.20363209442109523,AB19,treadmill_05_01,camargo_treadmill,132,0.3,2.0,0.0,12.0
3.9271287359017295,5.708067332396636,0.04006318789495142,0.1393265636416766,0.24881568320864889,AB19,treadmill_05_01,camargo_treadmill,132,0.4,1.0,0.0,12.0
4.474742249478377,6.0103519382016515,0.04321987801468517,0.1591397816124573,0.28382902370702073,AB19,treadmill_05_01,camargo_treadmill,132,0.3,0.5,0.0,12.0
4.405231325553092,5.832752369812226,0.04081605341030923,0.15695467568045937,0.27935824317410785,AB19,treadmill_05_01,camargo_treadmill,132,0.2,0.5,0.0,12.0
3.449734026800832,5.194727868971044,0.035265843296900155,0.12242114535696964,0.21832122475963325,AB19,treadmill_05_01,camargo_treadmill,132,0.4,2.0,0.0,12.0
3.683267480142205,5.258912439462083,0.034819204652699456,0.13112601281573233,0.23325479410152725,AB19,treadmill_05_01,camargo_treadmill,132,0.2,1.0,0.0,12.0
4.582400652160066,6.238542889842527,0.04551625117926872,0.16275627509979435,0.2906976915077288,AB19,treadmill_05_01,camargo_treadmill,132,0.4,0.5,0.0,12.0
3.0699312495845517,4.6659307806126105,0.029332991401324025,0.10925165819671649,0.1942063596889123,AB19,treadmill_05_01,camargo_treadmill,132,0.2,2.0,0.0,12.0
3.2768822780900404,4.399112848178109,0.030950179348552688,0.11671564113105609,0.2084544424736237,AB19,treadmill_05_01,camargo_treadmill,132,0.3,0.5,2.0,5.0
3.364058721100078,4.54987238796102,0.03196315407456127,0.1197836902630229,0.21392287705515187,AB19,treadmill_05_01,camargo_treadmill,132,0.4,0.5,2.0,5.0
3.982346505617939,5.358978847039789,0.03886644705997452,0.14159520696942643,0.2529474431446143,AB19,treadmill_05_01,camargo_treadmill,132,0.3,0.5,2.0,8.0
4.072588592196419,5.542615305892788,0.04043255296270583,0.14468141328265444,0.25866046348789923,AB19,treadmill_05_01,camargo_treadmill,132,0.4,0.5,2.0,8.0
3.8923384330207944,5.57455285111297,0.038561565488439406,0.1379704937276161,0.2454820985529921,AB19,treadmill_06_01,camargo_treadmill,135,0.3,1.0,0.0,12.0
3.320536874893783,5.003284279140736,0.0332021072497681,0.11766681105785934,0.20912011173959683,AB19,treadmill_06_01,camargo_treadmill,135,0.3,2.0,0.0,12.0
4.066742705544036,5.871739090053993,0.04132603364606125,0.1439732121312562,0.25649132445069917,AB19,treadmill_06_01,camargo_treadmill,135,0.4,1.0,0.0,12.0
4.621973278407381,6.149892127697859,0.04459186176724195,0.16402987470228286,0.29193649418108997,AB19,treadmill_06_01,camargo_treadmill,135,0.3,0.5,0.0,12.0
4.53393973811193,5.93201646096141,0.04203814732537234,0.16119741103723031,0.2863512801509078,AB19,treadmill_06_01,camargo_treadmill,135,0.2,0.5,0.0,12.0
3.583089056336318,5.352519071946647,0.03637633404642304,0.12689032640081901,0.225663934230948,AB19,treadmill_06_01,camargo_treadmill,135,0.4,2.0,0.0,12.0
3.775528842941166,5.34206985435256,0.03573341329254589,0.13411407187295402,0.2380897713401238,AB19,treadmill_06_01,camargo_treadmill,135,0.2,1.0,0.0,12.0
4.745530483078698,6.412087327803785,0.04702520400731419,0.1681951610023251,0.2997451799762428,AB19,treadmill_06_01,camargo_treadmill,135,0.4,0.5,0.0,12.0
3.1369117036778142,4.737140619221317,0.030019591725435106,0.11137839956089562,0.19755487760465198,AB19,treadmill_06_01,camargo_treadmill,135,0.2,2.0,0.0,12.0
3.386447308444642,4.520958519108492,0.031748526823244694,0.12034794724195397,0.21430776469567497,AB19,treadmill_06_01,camargo_treadmill,135,0.3,0.5,2.0,5.0
3.4875166281068206,4.687110924277566,0.032824564333598705,0.12391161889578023,0.2206144366357891,AB19,treadmill_06_01,camargo_treadmill,135,0.4,0.5,2.0,5.0
4.085250949109832,5.466336969220772,0.04002632765894075,0.14489114423915211,0.258335772590847,AB19,treadmill_06_01,camargo_treadmill,135,0.3,0.5,2.0,8.0
4.190695586434822,5.677280425715015,0.04168719789870152,0.1485107650106038,0.2649561396390092,AB19,treadmill_06_01,camargo_treadmill,135,0.4,0.5,2.0,8.0
4.0454683288230475,5.6641317999321235,0.040273098935645,0.14325741492226138,0.2544187219670852,AB19,treadmill_07_01,camargo_treadmill,137,0.3,1.0,0.0,12.0
3.4194747277614073,5.060722212175392,0.0344038593562156,0.12106133950024343,0.21469869744111986,AB19,treadmill_07_01,camargo_treadmill,137,0.3,2.0,0.0,12.0
4.225973975054617,5.982911200930441,0.04309519994895845,0.14948639547908393,0.2657542424741502,AB19,treadmill_07_01,camargo_treadmill,137,0.4,1.0,0.0,12.0
4.824086478468677,6.282600830709582,0.04679951986403084,0.17101835208910954,0.3038295363617564,AB19,treadmill_07_01,camargo_treadmill,137,0.3,0.5,0.0,12.0
4.735803993099791,6.051507423483815,0.04422505133315996,0.16816814401612526,0.29826839217991236,AB19,treadmill_07_01,camargo_treadmill,137,0.2,0.5,0.0,12.0
3.699460964811359,5.4426802066755835,0.03769675636522662,0.1309208424681703,0.2322649225110875,AB19,treadmill_07_01,camargo_treadmill,137,0.4,2.0,0.0,12.0
3.923610548849037,5.410728925760674,0.03739516105816026,0.1392053278991985,0.246761226203073,AB19,treadmill_07_01,camargo_treadmill,137,0.2,1.0,0.0,12.0
4.9487434424131385,6.558622432320626,0.04925806211436199,0.17522786021548234,0.3116657467471956,AB19,treadmill_07_01,camargo_treadmill,137,0.4,0.5,0.0,12.0
3.218822704227695,4.761104457048727,0.031107937703441616,0.11414100313251849,0.20213055331875157,AB19,treadmill_07_01,camargo_treadmill,137,0.2,2.0,0.0,12.0
3.5677008179711147,4.671176673745903,0.03315788015847158,0.12669946030713986,0.22502303761972667,AB19,treadmill_07_01,camargo_treadmill,137,0.3,0.5,2.0,5.0
3.66610394095694,4.844844430143684,0.0342321293553482,0.13016922166131392,0.23112411658200796,AB19,treadmill_07_01,camargo_treadmill,137,0.4,0.5,2.0,5.0
4.251754167284712,5.556261643342793,0.04172924602548942,0.15065251733743878,0.26810897110681414,AB19,treadmill_07_01,camargo_treadmill,137,0.3,0.5,2.0,8.0
4.355838983103844,5.775965018071887,0.04338990743507687,0.15422819153072578,0.2746039539159403,AB19,treadmill_07_01,camargo_treadmill,137,0.4,0.5,2.0,8.0
3.0364627716499397,4.299210499660023,0.023291978440945892,0.11274700477030809,0.20389908725800096,AB20,treadmill_01_01,camargo_treadmill,120,0.3,1.0,0.0,12.0
2.854968250367868,4.17507679104644,0.021873153914096912,0.10622938649884309,0.19155781506598035,AB20,treadmill_01_01,camargo_treadmill,120,0.3,2.0,0.0,12.0
3.2844360842096796,4.610700255758201,0.025703478044983578,0.1215028959873689,0.22048158969949289,AB20,treadmill_01_01,camargo_treadmill,120,0.4,1.0,0.0,12.0
3.3051419567784217,4.488444679930824,0.025183583329075006,0.12260003167746111,0.22225720904111484,AB20,treadmill_01_01,camargo_treadmill,120,0.3,0.5,0.0,12.0
3.1037669782103747,4.221877294838195,0.02278571155669656,0.11576328977363423,0.20882620180780548,AB20,treadmill_01_01,camargo_treadmill,120,0.2,0.5,0.0,12.0
3.1165437195161116,4.476509977533984,0.02435436015716159,0.11546547759522134,0.20905910861289076,AB20,treadmill_01_01,camargo_treadmill,120,0.4,2.0,0.0,12.0
2.8305194895735366,4.064779856077339,0.020779595404889953,0.10584541010562033,0.19012130006781103,AB20,treadmill_01_01,camargo_treadmill,120,0.2,1.0,0.0,12.0
3.528165866884689,4.805904079333768,0.027427747784135204,0.13046173826565158,0.23713103332775703,AB20,treadmill_01_01,camargo_treadmill,120,0.4,0.5,0.0,12.0
2.6640118165272204,3.9737678797094995,0.019390075976967482,0.09998358851487026,0.17879419979902642,AB20,treadmill_01_01,camargo_treadmill,120,0.2,2.0,0.0,12.0
3.4543674359463212,4.738636908414267,0.026454275353905262,0.12791747751617638,0.23185103409837118,AB20,treadmill_01_01,camargo_treadmill,120,0.3,0.5,2.0,5.0
3.6088481877579635,4.8981276549153,0.027386304015450207,0.13374524384991432,0.24225456091896655,AB20,treadmill_01_01,camargo_treadmill,120,0.4,0.5,2.0,5.0
3.3442214379018407,4.602177070684382,0.02599742285686614,0.12365610489744522,0.22465246697329289,AB20,treadmill_01_01,camargo_treadmill,120,0.3,0.5,2.0,8.0
3.530090253291223,4.836185205096566,0.02743986999606059,0.1304641006748581,0.2370934939346712,AB20,treadmill_01_01,camargo_treadmill,120,0.4,0.5,2.0,8.0
3.2990191751786297,4.70913218116865,0.02567503160626139,0.122527226288234,0.22122337233950168,AB20,treadmill_02_01,camargo_treadmill,117,0.3,1.0,0.0,12.0
3.0524768285308053,4.511216697668541,0.02379184950172749,0.11354581545849136,0.20445399594719185,AB20,treadmill_02_01,camargo_treadmill,117,0.3,2.0,0.0,12.0
3.5610006885857013,5.031033177759299,0.028245605787398983,0.1318258029865778,0.23875811429713284,AB20,treadmill_02_01,camargo_treadmill,117,0.4,1.0,0.0,12.0
3.634616705806898,4.972258172540625,0.028104419259543705,0.1348827476615815,0.24413748942703103,AB20,treadmill_02_01,camargo_treadmill,117,0.3,0.5,0.0,12.0
3.4273042745260973,4.70467442803242,0.025590789822726674,0.12781627364481993,0.2303035759002856,AB20,treadmill_02_01,camargo_treadmill,117,0.2,0.5,0.0,12.0
3.3380214059015856,4.831026440868766,0.026483955605534643,0.12371445761119036,0.22358370620843637,AB20,treadmill_02_01,camargo_treadmill,117,0.4,2.0,0.0,12.0
3.0796452856050935,4.469450624169034,0.02298745493304509,0.11511400211856974,0.2065353284513279,AB20,treadmill_02_01,camargo_treadmill,117,0.2,1.0,0.0,12.0
3.8639725021708777,5.294853776186397,0.03045415768976519,0.14299246005070176,0.25944213477022354,AB20,treadmill_02_01,camargo_treadmill,117,0.4,0.5,0.0,12.0
2.838187969150716,4.296899189776989,0.021075105162373056,0.10640975370745497,0.1901118015942536,AB20,treadmill_02_01,camargo_treadmill,117,0.2,2.0,0.0,12.0
3.7323790485708126,5.1022559912701135,0.028932084987156232,0.13842642755404544,0.25038922048326184,AB20,treadmill_02_01,camargo_treadmill,117,0.3,0.5,2.0,5.0
3.8944811411361715,5.2668208039797815,0.029905342966508187,0.1445692333533041,0.2613041924994925,AB20,treadmill_02_01,camargo_treadmill,117,0.4,0.5,2.0,5.0
3.640507537321171,5.02077808517962,0.02884188258729589,0.13465349527977938,0.24438089507558694,AB20,treadmill_02_01,camargo_treadmill,117,0.3,0.5,2.0,8.0
3.833316421971948,5.258998804358013,0.03033804682386334,0.14175150680261694,0.2572894503885899,AB20,treadmill_02_01,camargo_treadmill,117,0.4,0.5,2.0,8.0
3.3397252799026083,4.751881490193659,0.02658062711236201,0.12376133022211216,0.22373523376519058,AB20,treadmill_03_01,camargo_treadmill,124,0.3,1.0,0.0,12.0
3.0863805797172708,4.554383983240735,0.024702862165328545,0.11449044335022614,0.20655426066562207,AB20,treadmill_03_01,camargo_treadmill,124,0.3,2.0,0.0,12.0
3.6201308512403227,5.098767750795067,0.02925707347545086,0.13378173141216546,0.24246703992962162,AB20,treadmill_03_01,camargo_treadmill,124,0.4,1.0,0.0,12.0
3.6871983513141746,5.022477890398227,0.029053794643542286,0.1365984623853843,0.24739930332300783,AB20,treadmill_03_01,camargo_treadmill,124,0.3,0.5,0.0,12.0
3.4579640875741275,4.721086730860054,0.026409332027122086,0.12867494259794765,0.23213482056717932,AB20,treadmill_03_01,camargo_treadmill,124,0.2,0.5,0.0,12.0
3.3902919368939632,4.8978954874787375,0.027493267741501258,0.12538015508773706,0.22686782630922608,AB20,treadmill_03_01,camargo_treadmill,124,0.4,2.0,0.0,12.0
3.0955005291440183,4.478635590789597,0.02375373248844155,0.11537574180686555,0.20742523215069686,AB20,treadmill_03_01,camargo_treadmill,124,0.2,1.0,0.0,12.0
3.9327448085253134,5.369827144665944,0.0315045795575564,0.14533991553427422,0.26375738552516226,AB20,treadmill_03_01,camargo_treadmill,124,0.4,0.5,0.0,12.0
2.847799543518749,4.3086548997210805,0.021856105256125115,0.10640577466359184,0.19063718232188723,AB20,treadmill_03_01,camargo_treadmill,124,0.2,2.0,0.0,12.0
3.885226114000591,5.3240897493344495,0.03073023000516395,0.14390180359168933,0.26031490330206547,AB20,treadmill_03_01,camargo_treadmill,124,0.3,0.5,2.0,5.0
4.054233308467385,5.495194172582633,0.03173763565551498,0.15031522555548926,0.27168560985639795,AB20,treadmill_03_01,camargo_treadmill,124,0.4,0.5,2.0,5.0
3.7349009868379133,5.157971883556209,0.030313516692514454,0.137883182932519,0.2504162973708866,AB20,treadmill_03_01,camargo_treadmill,124,0.3,0.5,2.0,8.0
3.9413007847828383,5.413886742676268,0.03187995508792536,0.1455150918895574,0.26421815028908935,AB20,treadmill_03_01,camargo_treadmill,124,0.4,0.5,2.0,8.0
3.3725770632257297,4.798100102449894,0.02652301692525383,0.12497255418294041,0.22564051599667762,AB20,treadmill_04_01,camargo_treadmill,130,0.3,1.0,0.0,12.0
3.0877464162262815,4.570350019051141,0.024360542649480173,0.11458848056604296,0.2063502553949475,AB20,treadmill_04_01,camargo_treadmill,130,0.3,2.0,0.0,12.0
3.6452994044044815,5.12974011672695,0.029196409102061668,0.1346571292697621,0.24381608782328038,AB20,treadmill_04_01,camargo_treadmill,130,0.4,1.0,0.0,12.0
3.7541709128693244,5.108897741290651,0.02933157249731315,0.139000918113527,0.2515572510683518,AB20,treadmill_04_01,camargo_treadmill,130,0.3,0.5,0.0,12.0
3.536839756373018,4.830674592511204,0.02673617731445345,0.13155844649639056,0.23712458462689287,AB20,treadmill_04_01,camargo_treadmill,130,0.2,0.5,0.0,12.0
3.3832213117956584,4.8961805332912265,0.027162543694720518,0.12510140993835578,0.22606167054353551,AB20,treadmill_04_01,camargo_treadmill,130,0.4,2.0,0.0,12.0
3.1435030240937247,4.553059802131007,0.02373236939267401,0.11721126165486814,0.21037440004545527,AB20,treadmill_04_01,camargo_treadmill,130,0.2,1.0,0.0,12.0
3.9924664819060913,5.442745467565008,0.031759346494354856,0.14743893056023355,0.2673889643215035,AB20,treadmill_04_01,camargo_treadmill,130,0.4,0.5,0.0,12.0
2.8692514467664845,4.358941666651279,0.02154755590427481,0.10733099114783252,0.19179441300490302,AB20,treadmill_04_01,camargo_treadmill,130,0.2,2.0,0.0,12.0
3.8857705964427947,5.3087783736280105,0.030439412811172746,0.14387818564970667,0.25984042729447165,AB20,treadmill_04_01,camargo_treadmill,130,0.3,0.5,2.0,5.0
4.057408791106833,5.480682202603006,0.03146515372040305,0.1503800084051466,0.27136107462404124,AB20,treadmill_04_01,camargo_treadmill,130,0.4,0.5,2.0,5.0
3.7706074175141584,5.203409390676348,0.03044514754918221,0.139052061074064,0.25237200898589596,AB20,treadmill_04_01,camargo_treadmill,130,0.3,0.5,2.0,8.0
3.97433858000488,5.452633679032909,0.03200499938431483,0.1465640731485328,0.2659569242624947,AB20,treadmill_04_01,camargo_treadmill,130,0.4,0.5,2.0,8.0
3.617110721189795,5.245725089190102,0.02934467681544908,0.13393589755976243,0.2417579153467314,AB20,treadmill_05_01,camargo_treadmill,134,0.3,1.0,0.0,12.0
3.326696154000035,4.9857286006407255,0.026993203202062197,0.1233742601417319,0.2220938842270919,AB20,treadmill_05_01,camargo_treadmill,134,0.3,2.0,0.0,12.0
3.900107166809165,5.590541873816953,0.032228752309595064,0.14397120317974998,0.26066019539845736,AB20,treadmill_05_01,camargo_treadmill,134,0.4,1.0,0.0,12.0
3.9996442198589044,5.580747752101574,0.032338869149207056,0.14795742458054634,0.26775670199958046,AB20,treadmill_05_01,camargo_treadmill,134,0.3,0.5,0.0,12.0
3.76960270393328,5.281388080387788,0.02948425744723605,0.14009527372370975,0.25243975173824756,AB20,treadmill_05_01,camargo_treadmill,134,0.2,0.5,0.0,12.0
3.6335727315172983,5.3234575435612985,0.03000358335579135,0.13429506042151587,0.2426149343406943,AB20,treadmill_05_01,camargo_treadmill,134,0.4,2.0,0.0,12.0
3.3757710198709003,4.982112103939266,0.026290547319067888,0.125764329783099,0.22562895971578414,AB20,treadmill_05_01,camargo_treadmill,134,0.2,1.0,0.0,12.0
4.248581354540371,5.929124687350886,0.034974293960228865,0.15675329969048002,0.2843316637188836,AB20,treadmill_05_01,camargo_treadmill,134,0.4,0.5,0.0,12.0
3.0939484948725715,4.758476491216151,0.023918010874809246,0.11561411742509697,0.20653422258302567,AB20,treadmill_05_01,camargo_treadmill,134,0.2,2.0,0.0,12.0
4.111960574037561,5.657541127813371,0.03315760699776938,0.15221515643156036,0.2749841251756442,AB20,treadmill_05_01,camargo_treadmill,134,0.3,0.5,2.0,5.0
4.288671196083261,5.8335024422382205,0.03422914372988328,0.1589198188101772,0.28686444917515797,AB20,treadmill_05_01,camargo_treadmill,134,0.4,0.5,2.0,5.0
4.010797258397975,5.63818856622836,0.03347069777781073,0.1478051918324616,0.2682915421318183,AB20,treadmill_05_01,camargo_treadmill,134,0.3,0.5,2.0,8.0
4.223050645345023,5.896940217836278,0.035133940257940366,0.15563536672344178,0.2824751563586242,AB20,treadmill_05_01,camargo_treadmill,134,0.4,0.5,2.0,8.0
3.8747311065013603,5.632768521627257,0.03245908077556288,0.14289973435131806,0.2582462779680458,AB20,treadmill_06_01,camargo_treadmill,132,0.3,1.0,0.0,12.0
3.534055574369296,5.319223287587856,0.029747167817063727,0.13044506414784438,0.23518567225708015,AB20,treadmill_06_01,camargo_treadmill,132,0.3,2.0,0.0,12.0
4.174390212241511,6.001487703693711,0.03563054222729313,0.15347465389373402,0.27821235831368185,AB20,treadmill_06_01,camargo_treadmill,132,0.4,1.0,0.0,12.0
4.310795929041714,6.0166979633056155,0.035876093093714236,0.15891235312139348,0.28787733622121464,AB20,treadmill_06_01,camargo_treadmill,132,0.3,0.5,0.0,12.0
4.068269355360967,5.700769367625598,0.03271507290968171,0.15069890847139708,0.2717677466970362,AB20,treadmill_06_01,camargo_treadmill,132,0.2,0.5,0.0,12.0
3.8614819008770773,5.687858307139794,0.03305250980332123,0.14207244187637494,0.2570339773035009,AB20,treadmill_06_01,camargo_treadmill,132,0.4,2.0,0.0,12.0
3.6184639490288015,5.348967025920581,0.029077847457061448,0.13427763544990437,0.24114967336891074,AB20,treadmill_06_01,camargo_treadmill,132,0.2,1.0,0.0,12.0
4.5730997321783375,6.384477168349933,0.03877927439044108,0.1681140003656175,0.305289792101129,AB20,treadmill_06_01,camargo_treadmill,132,0.4,0.5,0.0,12.0
3.2835920549242545,5.065371057700025,0.02633974658879087,0.12211230241338375,0.2184652667799364,AB20,treadmill_06_01,camargo_treadmill,132,0.2,2.0,0.0,12.0
4.417783678682629,6.090930019632509,0.03678338363875972,0.16296614334989956,0.2947100963168207,AB20,treadmill_06_01,camargo_treadmill,132,0.3,0.5,2.0,5.0
4.60314215552034,6.276710796808213,0.037926581587400095,0.1699963593863124,0.30713968338835534,AB20,treadmill_06_01,camargo_treadmill,132,0.4,0.5,2.0,5.0
4.318610717478594,6.07491410926452,0.03732498533610694,0.15846424897999262,0.2881810492061585,AB20,treadmill_06_01,camargo_treadmill,132,0.3,0.5,2.0,8.0
4.542409463315755,6.349517973610469,0.03912924144738432,0.16670152958814205,0.3030910189121664,AB20,treadmill_06_01,camargo_treadmill,132,0.4,0.5,2.0,8.0
3.916262937083073,5.668135747131634,0.03313613888120514,0.14413751779615616,0.2605348864188397,AB20,treadmill_07_01,camargo_treadmill,136,0.3,1.0,0.0,12.0
3.5551100000021996,5.321931110683827,0.03012496966989662,0.13099925478863744,0.23617358311637957,AB20,treadmill_07_01,camargo_treadmill,136,0.3,2.0,0.0,12.0
4.231251085682864,6.062153004239494,0.03650063569703918,0.15522920969829315,0.28144615875863954,AB20,treadmill_07_01,camargo_treadmill,136,0.4,1.0,0.0,12.0
4.377566766359475,6.0989585883399,0.036907829089089274,0.1610035884513273,0.2917565550843861,AB20,treadmill_07_01,camargo_treadmill,136,0.3,0.5,0.0,12.0
4.120708715015413,5.757629762806654,0.03356799048084399,0.15231143785738474,0.27477180209272034,AB20,treadmill_07_01,camargo_treadmill,136,0.2,0.5,0.0,12.0
3.8996720203885804,5.714474842345233,0.03365119807425809,0.1432004247016611,0.2590851904899405,AB20,treadmill_07_01,camargo_treadmill,136,0.4,2.0,0.0,12.0
3.6442863123996325,5.360902949841488,0.02954019673874688,0.13500238473002976,0.24247611848929776,AB20,treadmill_07_01,camargo_treadmill,136,0.2,1.0,0.0,12.0
4.652852772555552,6.49077632636147,0.03996983889365556,0.17064517298007714,0.3099647800649455,AB20,treadmill_07_01,camargo_treadmill,136,0.4,0.5,0.0,12.0
3.2888768534867032,5.050171452164598,0.026476605123298205,0.1221683454864913,0.2184853506258271,AB20,treadmill_07_01,camargo_treadmill,136,0.2,2.0,0.0,12.0
4.437607532666199,6.076462867144476,0.036908470798490786,0.16366978514089162,0.2954621064821974,AB20,treadmill_07_01,camargo_treadmill,136,0.3,0.5,2.0,5.0
4.627076025820105,6.26612672412601,0.03810032955391427,0.1708427823812456,0.3081395635209276,AB20,treadmill_07_01,camargo_treadmill,136,0.4,0.5,2.0,5.0
4.353543185389273,6.108087461274732,0.03779020350155565,0.15956120223731995,0.2899349557209946,AB20,treadmill_07_01,camargo_treadmill,136,0.3,0.5,2.0,8.0
4.583332780292068,6.390754786243927,0.03966743139594565,0.1680064902500653,0.30520120646508747,AB20,treadmill_07_01,camargo_treadmill,136,0.4,0.5,2.0,8.0
4.192262604678153,5.5678971155137305,0.03630567474148595,0.13965339885182515,0.2663288268583057,AB21,treadmill_01_01,camargo_treadmill,107,0.3,1.0,0.0,12.0
3.8713194548625562,5.256732205451257,0.03305597141306644,0.12917121249521785,0.24549696596674678,AB21,treadmill_01_01,camargo_treadmill,107,0.3,2.0,0.0,12.0
4.6492868697097665,6.24339061586395,0.040273087261629446,0.15486405346302373,0.29503371743081647,AB21,treadmill_01_01,camargo_treadmill,107,0.4,1.0,0.0,12.0
4.587965291850183,5.9553902234083544,0.03977085748654716,0.15276830482328324,0.2919254520648938,AB21,treadmill_01_01,camargo_treadmill,107,0.3,0.5,0.0,12.0
4.193674135896315,5.318075979917933,0.03579895882416785,0.139844970056716,0.2672906805191017,AB21,treadmill_01_01,camargo_treadmill,107,0.2,0.5,0.0,12.0
4.413610289849863,5.994712332083051,0.03741478468797483,0.14732768260193013,0.2796571983057633,AB21,treadmill_01_01,camargo_treadmill,107,0.4,2.0,0.0,12.0
3.7131348405613567,4.862566289476658,0.031867404563872964,0.12381552562370358,0.23629706501110906,AB21,treadmill_01_01,camargo_treadmill,107,0.2,1.0,0.0,12.0
4.964323710768611,6.564167567321152,0.04330698405706411,0.16520581348725646,0.31548996647475364,AB21,treadmill_01_01,camargo_treadmill,107,0.4,0.5,0.0,12.0
3.300908094311556,4.484296898535258,0.028214503748523183,0.11016846518805351,0.2096343693180529,AB21,treadmill_01_01,camargo_treadmill,107,0.2,2.0,0.0,12.0
4.527044406481384,6.051894649050252,0.037556065096665835,0.15118145017183893,0.28690427706067206,AB21,treadmill_01_01,camargo_treadmill,107,0.3,0.5,2.0,5.0
4.751233939954781,6.341522417980385,0.039236638075664174,0.15873274265368273,0.301069554905638,AB21,treadmill_01_01,camargo_treadmill,107,0.4,0.5,2.0,5.0
4.446708966644336,5.827270814767423,0.03850213623186248,0.1479950826769396,0.282548016764458,AB21,treadmill_01_01,camargo_treadmill,107,0.3,0.5,2.0,8.0
4.739526429259933,6.263673841890976,0.041015987387922066,0.15775579347159902,0.3009503531884849,AB21,treadmill_01_01,camargo_treadmill,107,0.4,0.5,2.0,8.0
5.091720146758077,6.226700846255405,0.04310468195916931,0.16955017546208986,0.3249218184295206,AB21,treadmill_02_01,camargo_treadmill,119,0.3,1.0,0.0,12.0
4.3196976414622155,5.631618520313442,0.03729181882938114,0.14393954614758703,0.27527062731403523,AB21,treadmill_02_01,camargo_treadmill,119,0.3,2.0,0.0,12.0
5.453446693187797,6.800181756768956,0.04651081673278091,0.1814699637727813,0.34762855978682294,AB21,treadmill_02_01,camargo_treadmill,119,0.4,1.0,0.0,12.0
5.93868723296117,6.854953009478445,0.04907161112209036,0.19780812989232333,0.37935838374872755,AB21,treadmill_02_01,camargo_treadmill,119,0.3,0.5,0.0,12.0
5.6439060917640465,6.328090998623807,0.04575724888430397,0.18830382165116671,0.36097931792342886,AB21,treadmill_02_01,camargo_treadmill,119,0.2,0.5,0.0,12.0
4.772094010979167,6.275386986848415,0.04114383119379327,0.15897334674007016,0.3037564185661894,AB21,treadmill_02_01,camargo_treadmill,119,0.4,2.0,0.0,12.0
4.726776818755141,5.635921229517398,0.03935865905536176,0.15766552562244254,0.3021080458670086,AB21,treadmill_02_01,camargo_treadmill,119,0.2,1.0,0.0,12.0
6.228489961793987,7.362972944467314,0.05206086216766639,0.20727333003631251,0.39749920902857033,AB21,treadmill_02_01,camargo_treadmill,119,0.4,0.5,0.0,12.0
3.864114988969657,4.969960308167708,0.03309802086879578,0.12894656627086962,0.24670698488290604,AB21,treadmill_02_01,camargo_treadmill,119,0.2,2.0,0.0,12.0
4.583317658779601,5.798579179599845,0.037629733919747596,0.15329354003156417,0.2925455694113053,AB21,treadmill_02_01,camargo_treadmill,119,0.3,0.5,2.0,5.0
4.762409629242807,6.03625092897556,0.03903310379861921,0.15928669109102633,0.3038593182150931,AB21,treadmill_02_01,camargo_treadmill,119,0.4,0.5,2.0,5.0
5.279605385753653,6.260582000268336,0.0436008824104797,0.17602276606317324,0.3373293861513907,AB21,treadmill_02_01,camargo_treadmill,119,0.3,0.5,2.0,8.0
5.50226124373221,6.613135598540128,0.04566415174611362,0.18337326401578397,0.3513246094381698,AB21,treadmill_02_01,camargo_treadmill,119,0.4,0.5,2.0,8.0
4.582349287187868,6.005644029107179,0.04108638077402692,0.15328664818871274,0.29275659227195927,AB21,treadmill_03_01,camargo_treadmill,123,0.3,1.0,0.0,12.0
4.067725171775508,5.518698267498113,0.03649272996906553,0.1362771400184202,0.25953765467616985,AB21,treadmill_03_01,camargo_treadmill,123,0.3,2.0,0.0,12.0
4.990950656466361,6.6178579520960445,0.04491481382286987,0.16684320418912976,0.3185015433532768,AB21,treadmill_03_01,camargo_treadmill,123,0.4,1.0,0.0,12.0
5.177120115323995,6.549353501453672,0.045912321327264825,0.1731369209128071,0.3311463570785416,AB21,treadmill_03_01,camargo_treadmill,123,0.3,0.5,0.0,12.0
4.841219659649542,5.994040723426709,0.04213487200002047,0.1622261642925767,0.3101062278582501,AB21,treadmill_03_01,camargo_treadmill,123,0.2,0.5,0.0,12.0
4.568570304594451,6.204452511921638,0.040739412602565354,0.15303019264162226,0.2911826197534978,AB21,treadmill_03_01,camargo_treadmill,123,0.4,2.0,0.0,12.0
4.170071583941048,5.383364897323628,0.03685708611132557,0.13976151065169326,0.26686485386289,AB21,treadmill_03_01,camargo_treadmill,123,0.2,1.0,0.0,12.0
5.507578193696605,7.091734085097642,0.04930949999357999,0.1840043229431824,0.3519108157390084,AB21,treadmill_03_01,camargo_treadmill,123,0.4,0.5,0.0,12.0
3.5628134206953272,4.822066815667157,0.031847352250000495,0.11954216073776323,0.2277442479753327,AB21,treadmill_03_01,camargo_treadmill,123,0.2,2.0,0.0,12.0
4.541087415565805,5.981302687244752,0.03886200308481562,0.15253172940889725,0.2898058059503329,AB21,treadmill_03_01,camargo_treadmill,123,0.3,0.5,2.0,5.0
4.7446438147264445,6.249055190483776,0.040471816525889645,0.15937576835846481,0.3026929352279391,AB21,treadmill_03_01,camargo_treadmill,123,0.4,0.5,2.0,5.0
4.840302017666548,6.211956989063262,0.04295391470098337,0.1619383883219736,0.3094081880832813,AB21,treadmill_03_01,camargo_treadmill,123,0.3,0.5,2.0,8.0
5.0996336371753985,6.603235284405608,0.045354179547755634,0.17055034130308755,0.3257524314463484,AB21,treadmill_03_01,camargo_treadmill,123,0.4,0.5,2.0,8.0
4.612025839621458,5.84116742356999,0.03983107221793582,0.15577900311249168,0.2960235042983745,AB21,treadmill_04_01,camargo_treadmill,124,0.3,1.0,0.0,12.0
4.0972186672083035,5.419804658646777,0.035637411922042665,0.13853742329674812,0.2626602537875499,AB21,treadmill_04_01,camargo_treadmill,124,0.3,2.0,0.0,12.0
5.0350604010380735,6.4807785233347275,0.043656293349058566,0.16989922887468686,0.32268644276899466,AB21,treadmill_04_01,camargo_treadmill,124,0.4,1.0,0.0,12.0
5.229646212030259,6.352945587532745,0.04446965606657421,0.17662926623754854,0.3360259706545563,AB21,treadmill_04_01,camargo_treadmill,124,0.3,0.5,0.0,12.0
4.885058253629383,5.776144547186583,0.0407589656106287,0.16534427109397634,0.314437181202648,AB21,treadmill_04_01,camargo_treadmill,124,0.2,0.5,0.0,12.0
4.615021688633959,6.1341551465041775,0.039906200360980554,0.15593990310594455,0.2953908561337816,AB21,treadmill_04_01,camargo_treadmill,124,0.4,2.0,0.0,12.0
4.186379911735668,5.190934989594345,0.035628919194186336,0.14172019660828614,0.26928355691665484,AB21,treadmill_04_01,camargo_treadmill,124,0.2,1.0,0.0,12.0
5.570531277888297,6.917610931401021,0.04783001408385236,0.18792245394617324,0.35744907085950817,AB21,treadmill_04_01,camargo_treadmill,124,0.4,0.5,0.0,12.0
3.57534990783498,4.693469092453695,0.03098284509877329,0.12115145910687085,0.22978566762405403,AB21,treadmill_04_01,camargo_treadmill,124,0.2,2.0,0.0,12.0
4.560107824830662,5.876346571472487,0.038337257324330756,0.15424156339595455,0.2922347428078726,AB21,treadmill_04_01,camargo_treadmill,124,0.3,0.5,2.0,5.0
4.764148991028046,6.147973254805956,0.03992340182693369,0.16113165462542808,0.30516625743303544,AB21,treadmill_04_01,camargo_treadmill,124,0.4,0.5,2.0,5.0
4.880558503378167,6.05469864790915,0.0417609666797799,0.1647694085364834,0.3133841085421763,AB21,treadmill_04_01,camargo_treadmill,124,0.3,0.5,2.0,8.0
5.14103772194918,6.448784603558626,0.044117073092129984,0.17346555915176062,0.32981617476119235,AB21,treadmill_04_01,camargo_treadmill,124,0.4,0.5,2.0,8.0
4.668833961909935,5.883534930617688,0.04017822350118695,0.1568107319165583,0.297988874529214,AB21,treadmill_05_01,camargo_treadmill,129,0.3,1.0,0.0,12.0
4.13617896432495,5.451606321389461,0.03586124865228462,0.13911111827952327,0.2637234733631482,AB21,treadmill_05_01,camargo_treadmill,129,0.3,2.0,0.0,12.0
5.096391919537329,6.521300698764518,0.04409158316518829,0.17102277374980307,0.32486634780141876,AB21,treadmill_05_01,camargo_treadmill,129,0.4,1.0,0.0,12.0
5.308966539978011,6.417069622681558,0.04497931255026142,0.17824712992889527,0.33912967616606304,AB21,treadmill_05_01,camargo_treadmill,129,0.3,0.5,0.0,12.0
4.9627687797553985,5.850257702569039,0.04116784570093607,0.16696338831942711,0.3174666124224236,AB21,treadmill_05_01,camargo_treadmill,129,0.2,0.5,0.0,12.0
4.660847483234832,6.169576895658898,0.04021213018185303,0.1566779537593836,0.29677867584247,AB21,treadmill_05_01,camargo_treadmill,129,0.4,2.0,0.0,12.0
4.242348790819476,5.244251887040882,0.035876389443191374,0.14279323671776017,0.2712440505851312,AB21,treadmill_05_01,camargo_treadmill,129,0.2,1.0,0.0,12.0
5.653279713295484,6.977205186330927,0.048426282072079656,0.18960523829647635,0.36072479811223623,AB21,treadmill_05_01,camargo_treadmill,129,0.4,0.5,0.0,12.0
3.6125565859380386,4.732745601199644,0.03111228056178612,0.1217469953468941,0.2308207879785534,AB21,treadmill_05_01,camargo_treadmill,129,0.2,2.0,0.0,12.0
4.600713620802903,5.925953122832574,0.03833876309525734,0.15489063998804378,0.293326156589756,AB21,treadmill_05_01,camargo_treadmill,129,0.3,0.5,2.0,5.0
4.808381959286016,6.200150377707846,0.03991659659839378,0.16188957242612645,0.3064338096101423,AB21,treadmill_05_01,camargo_treadmill,129,0.4,0.5,2.0,5.0
4.922587035989821,6.0993292886284465,0.041993931392606466,0.1652431092496367,0.31427173282115045,AB21,treadmill_05_01,camargo_treadmill,129,0.3,0.5,2.0,8.0
5.188298316379975,6.495722497453965,0.04438593983837002,0.1740867217344029,0.3309852249898201,AB21,treadmill_05_01,camargo_treadmill,129,0.4,0.5,2.0,8.0
5.431286038883018,6.437775192452779,0.045636126543703026,0.18328142740565562,0.3486091085809177,AB21,treadmill_06_01,camargo_treadmill,133,0.3,1.0,0.0,12.0
4.669304661153988,5.901311783625409,0.04017568911430154,0.1576596217794309,0.2993036119215903,AB21,treadmill_06_01,camargo_treadmill,133,0.3,2.0,0.0,12.0
5.834382203167543,7.048058962858169,0.04945814256142591,0.19672296586043372,0.37405123954262676,AB21,treadmill_06_01,camargo_treadmill,133,0.4,1.0,0.0,12.0
6.301286278336832,7.069330109390197,0.051679842037911684,0.21264875122437255,0.4048407789514317,AB21,treadmill_06_01,camargo_treadmill,133,0.3,0.5,0.0,12.0
5.978377892734477,6.531508176861723,0.04798091190748502,0.202106496000555,0.384545957972798,AB21,treadmill_06_01,camargo_treadmill,133,0.2,0.5,0.0,12.0
5.167944911390312,6.592736010927802,0.044443344100984605,0.17441538178621802,0.33084384895378977,AB21,treadmill_06_01,camargo_treadmill,133,0.4,2.0,0.0,12.0
5.032493128796107,5.82686901585591,0.041451171081206335,0.17014593337657297,0.3234995083397486,AB21,treadmill_06_01,camargo_treadmill,133,0.2,1.0,0.0,12.0
6.624719802217226,7.602461325126412,0.05503451662162078,0.2233483349401543,0.4252132420044712,AB21,treadmill_06_01,camargo_treadmill,133,0.4,0.5,0.0,12.0
4.176458012955182,5.209483180168024,0.035534429216676176,0.14127339858185847,0.26821755874277403,AB21,treadmill_06_01,camargo_treadmill,133,0.2,2.0,0.0,12.0
5.1482484353009195,6.43030980048781,0.04301442778915549,0.17402522808966783,0.3298764340085829,AB21,treadmill_06_01,camargo_treadmill,133,0.3,0.5,2.0,5.0
5.350756608005679,6.7063372111660335,0.04459329327473903,0.18088773061577176,0.3427296410888746,AB21,treadmill_06_01,camargo_treadmill,133,0.4,0.5,2.0,5.0
5.789232052394591,6.7892228328406805,0.04850706375203776,0.19523872928378805,0.37158433588002565,AB21,treadmill_06_01,camargo_treadmill,133,0.3,0.5,2.0,8.0
6.04987383735516,7.185820769241588,0.050906923446702,0.20395755616031305,0.38805504116000245,AB21,treadmill_06_01,camargo_treadmill,133,0.4,0.5,2.0,8.0
5.142592667605944,6.081883356319854,0.04444457149759223,0.17432358979698054,0.3306433666535566,AB21,treadmill_07_01,camargo_treadmill,132,0.3,1.0,0.0,12.0
4.5297839241301325,5.620791368646075,0.03961630108564228,0.15377638981477368,0.2910781897579731,AB21,treadmill_07_01,camargo_treadmill,132,0.3,2.0,0.0,12.0
5.570492163358106,6.68351270032052,0.048444184825449155,0.18869688703951873,0.35780519631379504,AB21,treadmill_07_01,camargo_treadmill,132,0.4,1.0,0.0,12.0
5.869594771716488,6.663777171605027,0.04996054902344442,0.19881572626129562,0.3775641171331012,AB21,treadmill_07_01,camargo_treadmill,132,0.3,0.5,0.0,12.0
5.5289830187461755,6.1524704586929415,0.04616079655525789,0.18757342886221712,0.35601545464347983,AB21,treadmill_07_01,camargo_treadmill,132,0.2,0.5,0.0,12.0
5.056857778667076,6.314071014680973,0.04412013268588008,0.17158903023180933,0.3245925425442185,AB21,treadmill_07_01,camargo_treadmill,132,0.4,2.0,0.0,12.0
4.7219284639217225,5.494548707549793,0.04010846283032843,0.16033721048321825,0.30397361097019165,AB21,treadmill_07_01,camargo_treadmill,132,0.2,1.0,0.0,12.0
6.213372470345265,7.181939825476285,0.05344544985821873,0.21028816130785766,0.39934013051197637,AB21,treadmill_07_01,camargo_treadmill,132,0.4,0.5,0.0,12.0
4.011389699195382,4.943684703634083,0.03475598907306486,0.13641301636166905,0.25816192142411737,AB21,treadmill_07_01,camargo_treadmill,132,0.2,2.0,0.0,12.0
4.929210878217596,6.062683114514879,0.041250594725016465,0.16773735201388848,0.31670487788843854,AB21,treadmill_07_01,camargo_treadmill,132,0.3,0.5,2.0,5.0
5.155036273836743,6.3459862438566965,0.04292616984693656,0.17544129501768035,0.3311063226708938,AB21,treadmill_07_01,camargo_treadmill,132,0.4,0.5,2.0,5.0
5.337640465747335,6.21480691238141,0.04573062515780479,0.18088942988575402,0.34334349049587537,AB21,treadmill_07_01,camargo_treadmill,132,0.3,0.5,2.0,8.0
5.617200584773372,6.60563573961466,0.04820741759315755,0.19032220775109718,0.3610991976578954,AB21,treadmill_07_01,camargo_treadmill,132,0.4,0.5,2.0,8.0
3.491444159152312,5.173392666016902,0.033421640359356374,0.12833068203328535,0.2345440793267717,AB23,treadmill_01_01,camargo_treadmill,110,0.3,1.0,0.0,12.0
3.188016293358493,4.9110235963627495,0.03074289800413384,0.11715873546214317,0.21384127837055167,AB23,treadmill_01_01,camargo_treadmill,110,0.3,2.0,0.0,12.0
3.690624965154291,5.520013432908384,0.03613201157763206,0.1354690296748687,0.24780339559951844,AB23,treadmill_01_01,camargo_treadmill,110,0.4,1.0,0.0,12.0
3.9236157447043793,5.458934676897133,0.0364010654054625,0.14435258257632788,0.26404935970378446,AB23,treadmill_01_01,camargo_treadmill,110,0.3,0.5,0.0,12.0
3.7899536806945453,5.1677852336875265,0.03367272926121897,0.13972716283332112,0.2552275368176227,AB23,treadmill_01_01,camargo_treadmill,110,0.2,0.5,0.0,12.0
3.4389885324196436,5.287039241314682,0.03362854833457264,0.1262438672032944,0.23059526886154702,AB23,treadmill_01_01,camargo_treadmill,110,0.4,2.0,0.0,12.0
3.3355618674736136,4.867262816755681,0.030528086810397297,0.12290333617237525,0.2242430483321749,AB23,treadmill_01_01,camargo_treadmill,110,0.2,1.0,0.0,12.0
4.0858822817437765,5.780284464701254,0.03892258624328672,0.1501198304941018,0.2748204238791419,AB23,treadmill_01_01,camargo_treadmill,110,0.4,0.5,0.0,12.0
2.993377188291845,4.581640173259657,0.0277023357138238,0.11029267790419879,0.20095748393390242,AB23,treadmill_01_01,camargo_treadmill,110,0.2,2.0,0.0,12.0
3.0796391610711837,4.3728144911706925,0.027922507307798095,0.11332843848436863,0.20709337829868557,AB23,treadmill_01_01,camargo_treadmill,110,0.3,0.5,2.0,5.0
3.159920761451077,4.5189908452106735,0.02879852141239958,0.11626644423045292,0.21245069900156047,AB23,treadmill_01_01,camargo_treadmill,110,0.4,0.5,2.0,5.0
3.532682931301098,4.93709995646765,0.03216105051603996,0.1300320257304215,0.23771771451488183,AB23,treadmill_01_01,camargo_treadmill,110,0.3,0.5,2.0,8.0
3.633075217851021,5.139025796422018,0.0336647627353922,0.13362392794433478,0.24440016394891617,AB23,treadmill_01_01,camargo_treadmill,110,0.4,0.5,2.0,8.0
3.5068589737462124,5.172043941023685,0.033424514251017536,0.12958448288751587,0.236277580133024,AB23,treadmill_02_01,camargo_treadmill,115,0.3,1.0,0.0,12.0
3.2576205356254664,4.961328828070212,0.031132680222841304,0.12037543704490802,0.21923340454006066,AB23,treadmill_02_01,camargo_treadmill,115,0.3,2.0,0.0,12.0
3.7246401913182354,5.543719672693914,0.03628162937450697,0.13744788578276262,0.25080639069953137,AB23,treadmill_02_01,camargo_treadmill,115,0.4,1.0,0.0,12.0
3.88976911805052,5.412334989433158,0.03608429448823254,0.14385207525476426,0.2625331907125648,AB23,treadmill_02_01,camargo_treadmill,115,0.3,0.5,0.0,12.0
3.7399916894361973,5.102590743230587,0.03320481638823611,0.13860850884423256,0.25262464661317346,AB23,treadmill_02_01,camargo_treadmill,115,0.2,0.5,0.0,12.0
3.520885808130598,5.360093802185224,0.03413247034161161,0.1299533816996078,0.23682999736770308,AB23,treadmill_02_01,camargo_treadmill,115,0.4,2.0,0.0,12.0
3.3393960684813133,4.852036118105702,0.03039999913884499,0.1237078286856025,0.2251960124273712,AB23,treadmill_02_01,camargo_treadmill,115,0.2,1.0,0.0,12.0
4.072820916408112,5.760869205091887,0.03876459909107598,0.15042079680656922,0.27471544885061255,AB23,treadmill_02_01,camargo_treadmill,115,0.4,0.5,0.0,12.0
3.0600982065861517,4.621983937285355,0.028005155504490835,0.11338602311875821,0.2061642358131637,AB23,treadmill_02_01,camargo_treadmill,115,0.2,2.0,0.0,12.0
3.185967993249793,4.567734138299907,0.02888892940870933,0.11791223902985498,0.2148723387869914,AB23,treadmill_02_01,camargo_treadmill,115,0.3,0.5,2.0,5.0
3.2745423867420813,4.71863323564795,0.02979688728521719,0.12116924579722244,0.22080126903308628,AB23,treadmill_02_01,camargo_treadmill,115,0.4,0.5,2.0,5.0
3.544622448789421,4.981596152106744,0.032384224282265534,0.13116404955015612,0.23923683142010366,AB23,treadmill_02_01,camargo_treadmill,115,0.3,0.5,2.0,8.0
3.6580507482483773,5.195714989746904,0.03396128773684335,0.13525608191791066,0.24680439093929685,AB23,treadmill_02_01,camargo_treadmill,115,0.4,0.5,2.0,8.0
3.8539484013913805,5.677758260719053,0.03688967539677233,0.14218678146925207,0.25976217383941935,AB23,treadmill_03_01,camargo_treadmill,119,0.3,1.0,0.0,12.0
3.538648859264473,5.422368742788544,0.0342690113788714,0.13051772356883642,0.23823511314359772,AB23,treadmill_03_01,camargo_treadmill,119,0.3,2.0,0.0,12.0
4.054081451281006,6.032556738735705,0.03965470127605783,0.14941595999734317,0.2731038928034333,AB23,treadmill_03_01,camargo_treadmill,119,0.4,1.0,0.0,12.0
4.29873246141499,5.955369539784387,0.03987218421579262,0.15874905341746334,0.2902105852883881,AB23,treadmill_03_01,camargo_treadmill,119,0.3,0.5,0.0,12.0
4.152831863185639,5.644459918115385,0.037046099462151906,0.15360410356343981,0.28056132444745513,AB23,treadmill_03_01,camargo_treadmill,119,0.2,0.5,0.0,12.0
3.7781678907134415,5.800179129057456,0.03715715437698405,0.13923051927569738,0.25423152028371926,AB23,treadmill_03_01,camargo_treadmill,119,0.4,2.0,0.0,12.0
3.6941044150040687,5.35887405490455,0.03392079678041705,0.13654460542152763,0.2491971495338655,AB23,treadmill_03_01,camargo_treadmill,119,0.2,1.0,0.0,12.0
4.46921680108998,6.289992597715578,0.04246730572792542,0.16487541306072398,0.30155370443502905,AB23,treadmill_03_01,camargo_treadmill,119,0.4,0.5,0.0,12.0
3.3548306107087855,5.088332413913024,0.031214816570424027,0.12398863122123707,0.2260933789690239,AB23,treadmill_03_01,camargo_treadmill,119,0.2,2.0,0.0,12.0
3.4262839439748167,4.874338859209308,0.03119720306813525,0.1266505305671344,0.23125765324179878,AB23,treadmill_03_01,camargo_treadmill,119,0.3,0.5,2.0,5.0
3.5018471530245807,5.013823759758309,0.031995815674435414,0.12942498889003387,0.23630237670820747,AB23,treadmill_03_01,camargo_treadmill,119,0.4,0.5,2.0,5.0
3.8375714944881283,5.332258572923899,0.03515939431011283,0.1417758413051782,0.25909723298620774,AB23,treadmill_03_01,camargo_treadmill,119,0.3,0.5,2.0,8.0
3.938811230117988,5.5357554573196595,0.036615691526747006,0.14543014588875625,0.2658381481600583,AB23,treadmill_03_01,camargo_treadmill,119,0.4,0.5,2.0,8.0
3.640053501105091,5.447555582927753,0.03573317163138848,0.13390832545033968,0.2430958438013311,AB23,treadmill_04_01,camargo_treadmill,119,0.3,1.0,0.0,12.0
3.3288453419108834,5.155184701269979,0.03291037943536045,0.1224350042421638,0.22198723023797515,AB23,treadmill_04_01,camargo_treadmill,119,0.3,2.0,0.0,12.0
3.8792557428314347,5.87020992690088,0.03890884552058303,0.14255679598952586,0.25885918110928197,AB23,treadmill_04_01,camargo_treadmill,119,0.4,1.0,0.0,12.0
4.083420786580106,5.763864838873974,0.03890788774283337,0.15036453520146137,0.27324909518694007,AB23,treadmill_04_01,camargo_treadmill,119,0.3,0.5,0.0,12.0
3.9167403403083294,5.398099791159153,0.03571692326352386,0.14448975535857347,0.26240356318388985,AB23,treadmill_04_01,camargo_treadmill,119,0.2,0.5,0.0,12.0
3.624458058175225,5.61041187125816,0.03629020703421648,0.1332042389643649,0.24154145511118702,AB23,treadmill_04_01,camargo_treadmill,119,0.4,2.0,0.0,12.0
3.450492554232297,5.067282205246337,0.032339931127458234,0.1272021528371792,0.2307452880802938,AB23,treadmill_04_01,camargo_treadmill,119,0.2,1.0,0.0,12.0
4.281492661542667,6.157306149360221,0.04185220971096872,0.15748102269039344,0.28625592968191566,AB23,treadmill_04_01,camargo_treadmill,119,0.4,0.5,0.0,12.0
3.0992083740191347,4.752474773005309,0.029348186872803043,0.11423788294102012,0.20698411035207337,AB23,treadmill_04_01,camargo_treadmill,119,0.2,2.0,0.0,12.0
3.3295292035301474,4.784860529445953,0.030448702116961216,0.12282129748198771,0.2228114825051727,AB23,treadmill_04_01,camargo_treadmill,119,0.3,0.5,2.0,5.0
3.4211989229519535,4.952273702182174,0.03142076174266397,0.12617860320078747,0.22884166168435496,AB23,treadmill_04_01,camargo_treadmill,119,0.4,0.5,2.0,5.0
3.6612099239656275,5.183124602365633,0.03428479714802435,0.13491211090091462,0.2451003125974918,AB23,treadmill_04_01,camargo_treadmill,119,0.3,0.5,2.0,8.0
3.7819815153767267,5.427270415886876,0.035987896552973395,0.13926982955471462,0.25302488167348175,AB23,treadmill_04_01,camargo_treadmill,119,0.4,0.5,2.0,8.0
3.892697940798661,5.884057152412904,0.03905154032288828,0.1433044107917719,0.2597449364217145,AB23,treadmill_05_01,camargo_treadmill,122,0.3,1.0,0.0,12.0
3.5447716929533195,5.529971338154843,0.03575358177546238,0.13048926191252413,0.23620119359489536,AB23,treadmill_05_01,camargo_treadmill,122,0.3,2.0,0.0,12.0
4.147165652713285,6.323297678241058,0.04246174907082684,0.15250476494236573,0.2765471462255025,AB23,treadmill_05_01,camargo_treadmill,122,0.4,1.0,0.0,12.0
4.371213697323601,6.256307992769063,0.04271419069968047,0.1610457741906816,0.292201688338551,AB23,treadmill_05_01,camargo_treadmill,122,0.3,0.5,0.0,12.0
4.190092219716677,5.871853322496408,0.03928040735353039,0.15465726368317287,0.2803539625085066,AB23,treadmill_05_01,camargo_treadmill,122,0.2,0.5,0.0,12.0
3.861160323980453,6.004032785043526,0.03940525414171567,0.14201416206192824,0.25714885605024923,AB23,treadmill_05_01,camargo_treadmill,122,0.4,2.0,0.0,12.0
3.685276370313814,5.4844629814178925,0.03537629066056682,0.13596169197196475,0.24616324943116272,AB23,treadmill_05_01,camargo_treadmill,122,0.2,1.0,0.0,12.0
4.580374201243972,6.664114350575121,0.04585514952018285,0.16856089717275613,0.3059733604693045,AB23,treadmill_05_01,camargo_treadmill,122,0.4,0.5,0.0,12.0
3.293018942860717,5.107620971480576,0.03187110277294241,0.12150211826832978,0.219695500703116,AB23,treadmill_05_01,camargo_treadmill,122,0.2,2.0,0.0,12.0
3.463645555640174,4.992472707562752,0.03246652746938929,0.12780004323829958,0.23153073646055541,AB23,treadmill_05_01,camargo_treadmill,122,0.3,0.5,2.0,5.0
3.567039839209656,5.166916084199458,0.033509428732781045,0.13160577255873715,0.23835990599628565,AB23,treadmill_05_01,camargo_treadmill,122,0.4,0.5,2.0,5.0
3.8725349814390246,5.54410665348779,0.037254299981196136,0.14276933646647025,0.25902401534619823,AB23,treadmill_05_01,camargo_treadmill,122,0.3,0.5,2.0,8.0
4.003263676244073,5.796717324824633,0.039053858678320286,0.14750648244380604,0.26764502165293935,AB23,treadmill_05_01,camargo_treadmill,122,0.4,0.5,2.0,8.0
4.262876124957742,6.260682200828752,0.04133553522800998,0.1573052509212554,0.2851276491865809,AB23,treadmill_06_01,camargo_treadmill,126,0.3,1.0,0.0,12.0
3.833114249807538,5.86557804258603,0.037653484024000476,0.14135408478569117,0.255947090247702,AB23,treadmill_06_01,camargo_treadmill,126,0.3,2.0,0.0,12.0
4.502523906098566,6.67844770034656,0.04460045130499259,0.16596595071773834,0.3009048004941682,AB23,treadmill_06_01,camargo_treadmill,126,0.4,1.0,0.0,12.0
4.828269276431394,6.698078289456157,0.04564595925632689,0.1783504403376416,0.3235391694574733,AB23,treadmill_06_01,camargo_treadmill,126,0.3,0.5,0.0,12.0
4.655555977326122,6.330975328506282,0.0423934044731542,0.17225310767796068,0.31229248337843346,AB23,treadmill_06_01,camargo_treadmill,126,0.2,0.5,0.0,12.0
4.131853104102629,6.316366229059044,0.04117692497357811,0.15224015556132567,0.27569397367258436,AB23,treadmill_06_01,camargo_treadmill,126,0.4,2.0,0.0,12.0
4.065897656364284,5.880983753066344,0.037817833742265876,0.15032196962382424,0.2722852573321646,AB23,treadmill_06_01,camargo_treadmill,126,0.2,1.0,0.0,12.0
5.025514466978355,7.0862696617717456,0.04862127654495685,0.18543144703782033,0.3364819113806211,AB23,treadmill_06_01,camargo_treadmill,126,0.4,0.5,0.0,12.0
3.594676413611119,5.46536017364891,0.03390713330175298,0.1328218368298343,0.24035598743636682,AB23,treadmill_06_01,camargo_treadmill,126,0.2,2.0,0.0,12.0
3.8214222510782454,5.437418116409126,0.035453185790908545,0.14119098327848445,0.25590133359191775,AB23,treadmill_06_01,camargo_treadmill,126,0.3,0.5,2.0,5.0
3.915666180336715,5.603210917140263,0.036416109449158435,0.14464395601145594,0.2620960741495138,AB23,treadmill_06_01,camargo_treadmill,126,0.4,0.5,2.0,5.0
4.34818682009613,6.068667945750597,0.04100928776228102,0.1606279246202431,0.2914491031217333,AB23,treadmill_06_01,camargo_treadmill,126,0.3,0.5,2.0,8.0
4.474902290082825,6.3152687717978875,0.04270844020153398,0.16520892694719683,0.2997627107628068,AB23,treadmill_06_01,camargo_treadmill,126,0.4,0.5,2.0,8.0
4.5342344203568725,6.609085518989271,0.04473366869738371,0.1668925001877872,0.30305345740140255,AB23,treadmill_07_01,camargo_treadmill,132,0.3,1.0,0.0,12.0
4.099490578145496,6.147204636535414,0.04059594781063514,0.15074382460976588,0.2736696111977043,AB23,treadmill_07_01,camargo_treadmill,132,0.3,2.0,0.0,12.0
4.8079383337768915,7.038466541444083,0.04813387266585773,0.17680025574030275,0.321175364874217,AB23,treadmill_07_01,camargo_treadmill,132,0.4,1.0,0.0,12.0
5.118220507655844,7.1165404790853275,0.04962150304354362,0.18870550892348917,0.34269582533798215,AB23,treadmill_07_01,camargo_treadmill,132,0.3,0.5,0.0,12.0
4.907662020775009,6.731802571809774,0.04621599966231391,0.1812382524786018,0.3288549336244193,AB23,treadmill_07_01,camargo_treadmill,132,0.2,0.5,0.0,12.0
4.431969658253093,6.609689290651782,0.04426153121091159,0.16287874315170195,0.29574892216571963,AB23,treadmill_07_01,camargo_treadmill,132,0.4,2.0,0.0,12.0
4.2892339239059005,6.207968592274669,0.04101866116391943,0.15814315478664878,0.2869100180883739,AB23,treadmill_07_01,camargo_treadmill,132,0.2,1.0,0.0,12.0
5.343847308366514,7.514537241599107,0.052704460460638515,0.19680851063479343,0.35758463706926075,AB23,treadmill_07_01,camargo_treadmill,132,0.4,0.5,0.0,12.0
3.809335168275584,5.724745318588382,0.03663354100939932,0.14028654046478625,0.25450799468921187,AB23,treadmill_07_01,camargo_treadmill,132,0.2,2.0,0.0,12.0
3.91186587404136,5.6038875045834695,0.0371419337203779,0.14403947841350453,0.26159447731372376,AB23,treadmill_07_01,camargo_treadmill,132,0.3,0.5,2.0,5.0
4.031438441558042,5.770513311605536,0.038179204721058034,0.1484325616168672,0.26953221964484253,AB23,treadmill_07_01,camargo_treadmill,132,0.4,0.5,2.0,5.0
4.537910533119523,6.368012119089823,0.04409185533558478,0.16722097471642622,0.3038213209466342,AB23,treadmill_07_01,camargo_treadmill,132,0.3,0.5,2.0,8.0
4.690181755928601,6.618057019439013,0.045878317726314594,0.17272882933117242,0.31388041768204,AB23,treadmill_07_01,camargo_treadmill,132,0.4,0.5,2.0,8.0
3.191691476661021,4.460913295581487,0.029453439344784893,0.11584967144578098,0.21796859998142182,AB24,treadmill_01_01,camargo_treadmill,110,0.3,1.0,0.0,12.0
2.9022111321512325,4.224952761572732,0.02694532780487452,0.10529065387322482,0.19791722249828933,AB24,treadmill_01_01,camargo_treadmill,110,0.3,2.0,0.0,12.0
3.430207914030449,4.828617200881314,0.03217382075028297,0.12440130213487144,0.23416473093178922,AB24,treadmill_01_01,camargo_treadmill,110,0.4,1.0,0.0,12.0
3.5426995234180203,4.732297685283829,0.032115201214966346,0.12873963516072817,0.24224091385716284,AB24,treadmill_01_01,camargo_treadmill,110,0.3,0.5,0.0,12.0
3.3777118790447545,4.432945890405411,0.029538461085523597,0.12297769335677486,0.23108685124855424,AB24,treadmill_01_01,camargo_treadmill,110,0.2,0.5,0.0,12.0
3.202358179837685,4.62859721136371,0.029962972616771093,0.11614903127773428,0.21834088851531727,AB24,treadmill_01_01,camargo_treadmill,110,0.4,2.0,0.0,12.0
2.991031342262842,4.141647100886247,0.02662903971767033,0.10876876137816475,0.2043568100776433,AB24,treadmill_01_01,camargo_treadmill,110,0.2,1.0,0.0,12.0
3.732683778762934,5.06753659687645,0.034551901849826185,0.13548686731687729,0.2551060984783733,AB24,treadmill_01_01,camargo_treadmill,110,0.4,0.5,0.0,12.0
2.6532504084642947,3.8789347738487603,0.02387352452890455,0.09640369619920945,0.18099129036959785,AB24,treadmill_01_01,camargo_treadmill,110,0.2,2.0,0.0,12.0
3.0939342399452068,4.170818291506828,0.026906847941934438,0.11271016496305503,0.2115905721636971,AB24,treadmill_01_01,camargo_treadmill,110,0.3,0.5,2.0,5.0
3.220264594820466,4.336132022404659,0.028004865548788657,0.11731751759744649,0.2201750180037023,AB24,treadmill_01_01,camargo_treadmill,110,0.4,0.5,2.0,5.0
3.2789855243717922,4.367904884233306,0.02926961262783196,0.11927698435147875,0.22436107076590936,AB24,treadmill_01_01,camargo_treadmill,110,0.3,0.5,2.0,8.0
3.421494468336458,4.595557226202253,0.030890628453611117,0.12439386650638264,0.2340325608087179,AB24,treadmill_01_01,camargo_treadmill,110,0.4,0.5,2.0,8.0
3.2453727364946157,4.552303838186005,0.0303612087183151,0.11750701434624797,0.22164620766242846,AB24,treadmill_02_01,camargo_treadmill,114,0.3,1.0,0.0,12.0
2.938817204511615,4.298339367269588,0.02773387008601376,0.10635827189612683,0.20042232507642083,AB24,treadmill_02_01,camargo_treadmill,114,0.3,2.0,0.0,12.0
3.492263540002299,4.927272808705013,0.03319928143812345,0.1262921788636175,0.23838841760351143,AB24,treadmill_02_01,camargo_treadmill,114,0.4,1.0,0.0,12.0
3.61591475776149,4.843375376171641,0.03315947389930982,0.13107826274444528,0.24724825262054237,AB24,treadmill_02_01,camargo_treadmill,114,0.3,0.5,0.0,12.0
3.450832557463402,4.550566364550395,0.03049900031435462,0.12540045425302918,0.23609163724994786,AB24,treadmill_02_01,camargo_treadmill,114,0.2,0.5,0.0,12.0
3.253454962057897,4.717318228793808,0.030905524524578596,0.1176701528950262,0.22178954018689379,AB24,treadmill_02_01,camargo_treadmill,114,0.4,2.0,0.0,12.0
3.0403807384601897,4.233047956226498,0.027418233646261336,0.11036421097881036,0.20775548740411384,AB24,treadmill_02_01,camargo_treadmill,114,0.2,1.0,0.0,12.0
3.8089530152129703,5.178948101877731,0.03567794175481861,0.13786895675035252,0.2603099175376425,AB24,treadmill_02_01,camargo_treadmill,114,0.4,0.5,0.0,12.0
2.680776929228456,3.9441912435890267,0.02450908970183708,0.09724500611399992,0.18291668020305377,AB24,treadmill_02_01,camargo_treadmill,114,0.2,2.0,0.0,12.0
3.089197880256032,4.140374719219215,0.026935238442081358,0.11238278365416741,0.21130047790153025,AB24,treadmill_02_01,camargo_treadmill,114,0.3,0.5,2.0,5.0
3.222757968966964,4.310139960470191,0.028070695596778647,0.1172437041464984,0.22036384951405405,AB24,treadmill_02_01,camargo_treadmill,114,0.4,0.5,2.0,5.0
3.31624973121338,4.404606958602226,0.0298066589689868,0.12040780326722964,0.22697851347353235,AB24,treadmill_02_01,camargo_treadmill,114,0.3,0.5,2.0,8.0
3.4601936417358026,4.628635719339021,0.03145831769307497,0.1255424113283419,0.23673744570080477,AB24,treadmill_02_01,camargo_treadmill,114,0.4,0.5,2.0,8.0
3.267549211555975,4.658222800278632,0.030776223099729466,0.1176118259462594,0.22154423985937385,AB24,treadmill_03_01,camargo_treadmill,116,0.3,1.0,0.0,12.0
3.007008099117835,4.472649918310922,0.028571193816167496,0.10815834846780352,0.20351752999601713,AB24,treadmill_03_01,camargo_treadmill,116,0.3,2.0,0.0,12.0
3.5425816424741625,5.089646599276931,0.03376392952925223,0.12741973996438843,0.24010512525621616,AB24,treadmill_03_01,camargo_treadmill,116,0.4,1.0,0.0,12.0
3.6016407762913043,4.89227365938324,0.033216673777069265,0.1298322568323365,0.2445768654991424,AB24,treadmill_03_01,camargo_treadmill,116,0.3,0.5,0.0,12.0
3.409688465519855,4.535482457272696,0.030405876133981338,0.12317188845160393,0.2316621777083018,AB24,treadmill_03_01,camargo_treadmill,116,0.2,0.5,0.0,12.0
3.3529023493213086,4.947841204626021,0.03190687450572467,0.120605003469177,0.22689820173576114,AB24,treadmill_03_01,camargo_treadmill,116,0.4,2.0,0.0,12.0
3.031497617456447,4.271115051064168,0.027662440609510994,0.10933231638145814,0.2056214043949455,AB24,treadmill_03_01,camargo_treadmill,116,0.2,1.0,0.0,12.0
3.8187337388588607,5.281419808893989,0.035865544295094205,0.13749742976882892,0.25919555731942756,AB24,treadmill_03_01,camargo_treadmill,116,0.4,0.5,0.0,12.0
2.714039738712688,4.049271684083323,0.025158253230390892,0.09776453394648854,0.18372769700715358,AB24,treadmill_03_01,camargo_treadmill,116,0.2,2.0,0.0,12.0
3.2139444744217203,4.457692243632247,0.028368501548133532,0.11616447889323718,0.21798494921427894,AB24,treadmill_03_01,camargo_treadmill,116,0.3,0.5,2.0,5.0
3.358722641041582,4.644865605894008,0.029544378590748124,0.12143528594426348,0.22777173121410837,AB24,treadmill_03_01,camargo_treadmill,116,0.4,0.5,2.0,5.0
3.3095437628588087,4.4895639422683695,0.03007052459152349,0.1194244574679867,0.22487205007066424,AB24,treadmill_03_01,camargo_treadmill,116,0.3,0.5,2.0,8.0
3.4707003160716474,4.747995100197689,0.03179164582782064,0.12519195297805943,0.23575325163916652,AB24,treadmill_03_01,camargo_treadmill,116,0.4,0.5,2.0,8.0
3.6073760985387207,5.492267387923106,0.0349357402526114,0.12917633539002257,0.24280820084038943,AB24,treadmill_04_01,camargo_treadmill,118,0.3,1.0,0.0,12.0
3.3343599671291146,5.203578898901069,0.03231709462458043,0.11934609574268411,0.22413586973698468,AB24,treadmill_04_01,camargo_treadmill,118,0.3,2.0,0.0,12.0
3.869166724033438,5.866182608799746,0.03802786278063116,0.13842619315301063,0.26042604547774356,AB24,treadmill_04_01,camargo_treadmill,118,0.4,1.0,0.0,12.0
3.9479329490159563,5.800466733192916,0.03768888877330393,0.14156333760839976,0.26611546740874464,AB24,treadmill_04_01,camargo_treadmill,118,0.3,0.5,0.0,12.0
3.7731156215090462,5.517660982814734,0.03476959888237524,0.1355914610493602,0.25435907696597465,AB24,treadmill_04_01,camargo_treadmill,118,0.2,0.5,0.0,12.0
3.6665234195405794,5.6304448832863425,0.03579529517462288,0.13119474160640873,0.2464966788984557,AB24,treadmill_04_01,camargo_treadmill,118,0.4,2.0,0.0,12.0
3.3889066778100245,5.175977647794818,0.031654312629487806,0.12162306410881772,0.22809771906301413,AB24,treadmill_04_01,camargo_treadmill,118,0.2,1.0,0.0,12.0
4.151138477182394,6.127430290463739,0.04039526789801625,0.14866490163919854,0.2797738384042094,AB24,treadmill_04_01,camargo_treadmill,118,0.4,0.5,0.0,12.0
3.0617708565133137,4.844136207682738,0.0286910074268583,0.1098084050832531,0.2057901919679519,AB24,treadmill_04_01,camargo_treadmill,118,0.2,2.0,0.0,12.0
3.419954295718973,5.003049650526728,0.03140318845539852,0.12291056973721058,0.2303838256410809,AB24,treadmill_04_01,camargo_treadmill,118,0.3,0.5,2.0,5.0
3.5670558219685953,5.173055499108226,0.032616969144250114,0.1282260583301998,0.24027498724599317,AB24,treadmill_04_01,camargo_treadmill,118,0.4,0.5,2.0,5.0
3.5879249375464712,5.254527127485513,0.03370532254628544,0.12879442684885845,0.2419562487380359,AB24,treadmill_04_01,camargo_treadmill,118,0.3,0.5,2.0,8.0
3.7432179418518627,5.471090894709852,0.035453573459389695,0.13430000519072166,0.2523968143147532,AB24,treadmill_04_01,camargo_treadmill,118,0.4,0.5,2.0,8.0
3.8767269548077548,5.903412470685974,0.03798211254477763,0.13817580261157825,0.25990293034356826,AB24,treadmill_05_01,camargo_treadmill,119,0.3,1.0,0.0,12.0
3.5609123097497775,5.564871465580001,0.035015823155064484,0.1268457864132077,0.23842543337484337,AB24,treadmill_05_01,camargo_treadmill,119,0.3,2.0,0.0,12.0
4.141632639744822,6.282930423521434,0.04121668974652837,0.14745614090419695,0.27767338756631815,AB24,treadmill_05_01,camargo_treadmill,119,0.4,1.0,0.0,12.0
4.257037311706411,6.256899529662772,0.04106703975195574,0.15195165196863233,0.285787154046856,AB24,treadmill_05_01,camargo_treadmill,119,0.3,0.5,0.0,12.0
4.082834754351323,5.972264929150759,0.038008959020786756,0.1461012318027334,0.27411132160264623,AB24,treadmill_05_01,camargo_treadmill,119,0.2,0.5,0.0,12.0
3.902852887630153,6.003828733127531,0.03866204204643535,0.1389735138715223,0.2613703836211395,AB24,treadmill_05_01,camargo_treadmill,119,0.4,2.0,0.0,12.0
3.655172710409948,5.580499816039762,0.03453860711543598,0.13061389924262007,0.24503617314838527,AB24,treadmill_05_01,camargo_treadmill,119,0.2,1.0,0.0,12.0
4.459678839764444,6.585117580853331,0.043894828340636176,0.15895093397670082,0.2993655164180822,AB24,treadmill_05_01,camargo_treadmill,119,0.4,0.5,0.0,12.0
3.2781248137453876,5.191367875514423,0.031198758324875158,0.11703749857021441,0.21945814293968158,AB24,treadmill_05_01,camargo_treadmill,119,0.2,2.0,0.0,12.0
3.6446618295931885,5.310830771203485,0.03390781447922305,0.13043998978292073,0.24463075254815794,AB24,treadmill_05_01,camargo_treadmill,119,0.3,0.5,2.0,5.0
3.793023074948688,5.48318480517618,0.035152838598573266,0.1357866862346363,0.25456693609884773,AB24,treadmill_05_01,camargo_treadmill,119,0.4,0.5,2.0,5.0
3.8685633100184926,5.656010760605716,0.03681757686378888,0.1382445673344476,0.25987765463108137,AB24,treadmill_05_01,camargo_treadmill,119,0.3,0.5,2.0,8.0
4.023053423638275,5.873687198879241,0.03862535145895177,0.1436789073672069,0.2702237515965671,AB24,treadmill_05_01,camargo_treadmill,119,0.4,0.5,2.0,8.0
3.7265411015213794,5.698674574978085,0.03608517864208029,0.13280041481500335,0.24924835029848053,AB24,treadmill_06_01,camargo_treadmill,122,0.3,1.0,0.0,12.0
3.473985313133315,5.450480876330371,0.03369575410583008,0.123755227332135,0.23204594728636674,AB24,treadmill_06_01,camargo_treadmill,122,0.3,2.0,0.0,12.0
4.000178933387622,6.095329357662479,0.039310861329551174,0.14240751017573391,0.2675312337283136,AB24,treadmill_06_01,camargo_treadmill,122,0.4,1.0,0.0,12.0
4.056044406503592,5.984411974103976,0.03872159994660632,0.14472775740647953,0.27167410577013007,AB24,treadmill_06_01,camargo_treadmill,122,0.3,0.5,0.0,12.0
3.8760839085942083,5.683455813972086,0.03570654057263191,0.13864514744488732,0.25966501115681184,AB24,treadmill_06_01,camargo_treadmill,122,0.2,0.5,0.0,12.0
3.8241982511019534,5.902256165156318,0.037342536711693186,0.1361857344478854,0.2554629320335694,AB24,treadmill_06_01,camargo_treadmill,122,0.4,2.0,0.0,12.0
3.499753201279357,5.361911336189765,0.03267325929526081,0.1250294267322166,0.23409307706618718,AB24,treadmill_06_01,camargo_treadmill,122,0.2,1.0,0.0,12.0
4.2663353035631175,6.330286802929752,0.04152351555714211,0.15201993181731,0.2857048898983119,AB24,treadmill_06_01,camargo_treadmill,122,0.4,0.5,0.0,12.0
3.187614087948172,5.06905646388099,0.029905147959085374,0.11380235301932037,0.2129070069499685,AB24,treadmill_06_01,camargo_treadmill,122,0.2,2.0,0.0,12.0
3.6205267432614776,5.3479583455745425,0.03322508539077846,0.12952404931486852,0.2421674654087958,AB24,treadmill_06_01,camargo_treadmill,122,0.3,0.5,2.0,5.0
3.774501846548277,5.527748776719326,0.0344657113354458,0.13507669835690025,0.2524511718512614,AB24,treadmill_06_01,camargo_treadmill,122,0.4,0.5,2.0,5.0
3.6998001066430386,5.453947400894699,0.034867367715374936,0.13213855695991283,0.24791686398569862,AB24,treadmill_06_01,camargo_treadmill,122,0.3,0.5,2.0,8.0
3.8605549297575386,5.6830147380953475,0.03664898894592092,0.13781193002791778,0.25864053917418844,AB24,treadmill_06_01,camargo_treadmill,122,0.4,0.5,2.0,8.0
3.9425193593271746,6.026668806097312,0.038551484100139824,0.1401600743902423,0.26291688652084233,AB24,treadmill_07_01,camargo_treadmill,124,0.3,1.0,0.0,12.0
3.6097732712672537,5.656930919966588,0.03537392464682756,0.12829029924864724,0.2404232290576733,AB24,treadmill_07_01,camargo_treadmill,124,0.3,2.0,0.0,12.0
4.231594974493236,6.44129148795438,0.04198079465924744,0.15027020632999888,0.2821757624222382,AB24,treadmill_07_01,camargo_treadmill,124,0.4,1.0,0.0,12.0
4.351835990907371,6.432421619371995,0.04198923502083093,0.1548948620744881,0.29059064850993593,AB24,treadmill_07_01,camargo_treadmill,124,0.3,0.5,0.0,12.0
4.159201839458585,6.113599752069166,0.03878412979613767,0.14842013443203356,0.27778522036475745,AB24,treadmill_07_01,camargo_treadmill,124,0.2,0.5,0.0,12.0
3.9846073803487276,6.132123952065605,0.039273949601522175,0.14156424000239728,0.2654246927913839,AB24,treadmill_07_01,camargo_treadmill,124,0.4,2.0,0.0,12.0
3.696766746331824,5.668876065346483,0.034895964688297386,0.13177318235968105,0.2465494308973795,AB24,treadmill_07_01,camargo_treadmill,124,0.2,1.0,0.0,12.0
4.571376664907534,6.79177607642107,0.04494727186272477,0.1624667268308114,0.3051921225544445,AB24,treadmill_07_01,camargo_treadmill,124,0.4,0.5,0.0,12.0
3.2951817223450353,5.250734987646985,0.03128533675262529,0.1173814924072513,0.21945306181699745,AB24,treadmill_07_01,camargo_treadmill,124,0.2,2.0,0.0,12.0
3.763513979060665,5.485744174294092,0.03473109313739086,0.1343910321827231,0.25111066304057894,AB24,treadmill_07_01,camargo_treadmill,124,0.3,0.5,2.0,5.0
3.9304966938204164,5.677021474391393,0.03607092054470502,0.14041203711005606,0.26224488949656843,AB24,treadmill_07_01,camargo_treadmill,124,0.4,0.5,2.0,5.0
3.9274824432653195,5.780977637497657,0.037537539154541034,0.1399078457341156,0.2624101913648969,AB24,treadmill_07_01,camargo_treadmill,124,0.3,0.5,2.0,8.0
4.09997924938859,6.022829573613091,0.03943829480665625,0.14598416785568158,0.27388947781774925,AB24,treadmill_07_01,camargo_treadmill,124,0.4,0.5,2.0,8.0
3.5698004704747675,5.163250916863437,0.028503500795440253,0.1228194090524919,0.21933757300721904,AB25,Treadmill_01_01,camargo_treadmill,120,0.3,1.0,0.0,12.0
3.0343041975483613,4.607588399342401,0.024417146141052386,0.1043470644782342,0.18641383855537527,AB25,Treadmill_01_01,camargo_treadmill,120,0.3,2.0,0.0,12.0
3.67700741536236,5.42222694100835,0.03029232933467444,0.12637825007230594,0.22581728875135562,AB25,Treadmill_01_01,camargo_treadmill,120,0.4,1.0,0.0,12.0
4.174589075024848,5.764161193578581,0.03289261644801429,0.1437203336531679,0.2565458652117072,AB25,Treadmill_01_01,camargo_treadmill,120,0.3,0.5,0.0,12.0
4.13298048579489,5.585267525901586,0.031354289763139885,0.142463268775719,0.25413648551237744,AB25,Treadmill_01_01,camargo_treadmill,120,0.2,0.5,0.0,12.0
3.196315848108072,4.904258205519667,0.026503205583230393,0.10981886160038971,0.19627090936299707,AB25,Treadmill_01_01,camargo_treadmill,120,0.4,2.0,0.0,12.0
3.5239877277893665,4.971698882544664,0.026777284715721224,0.12143760925472584,0.2166881186407739,AB25,Treadmill_01_01,camargo_treadmill,120,0.2,1.0,0.0,12.0
4.253165784346075,5.988168812361247,0.03441402230502128,0.14629838409688165,0.2612746003602527,AB25,Treadmill_01_01,camargo_treadmill,120,0.4,0.5,0.0,12.0
2.9632241284623517,4.400248597352968,0.02250055208491677,0.10208874510802604,0.18221646596579746,AB25,Treadmill_01_01,camargo_treadmill,120,0.2,2.0,0.0,12.0
3.078392569880025,4.216576842575479,0.023657937846504547,0.10621441858401513,0.1899473225581536,AB25,Treadmill_01_01,camargo_treadmill,120,0.3,0.5,2.0,5.0
3.131440061423875,4.335127953805072,0.024183067900105572,0.10802188282242896,0.1931566875966771,AB25,Treadmill_01_01,camargo_treadmill,120,0.4,0.5,2.0,5.0
3.5970341099165157,4.8984443333826615,0.028158772571962032,0.12398777488205436,0.2215248752234868,AB25,Treadmill_01_01,camargo_treadmill,120,0.3,0.5,2.0,8.0
3.6392575067212016,5.035321098003233,0.02895176530032877,0.12537681819889634,0.22405305657626803,AB25,Treadmill_01_01,camargo_treadmill,120,0.4,0.5,2.0,8.0
4.0965208591697095,5.837058458484309,0.0333086978840391,0.14124667366898638,0.2520084818399212,AB25,Treadmill_02_01,camargo_treadmill,130,0.3,1.0,0.0,12.0
3.4482934657102513,5.13157016334591,0.02821211914714762,0.1189181847109527,0.21226973018759318,AB25,Treadmill_02_01,camargo_treadmill,130,0.3,2.0,0.0,12.0
4.199964566572463,6.079082431389064,0.035052853406127446,0.1446375992881966,0.25823504604478525,AB25,Treadmill_02_01,camargo_treadmill,130,0.4,1.0,0.0,12.0
4.804421440837623,6.577206681135721,0.03868068136927312,0.16567719454968904,0.29544827543990737,AB25,Treadmill_02_01,camargo_treadmill,130,0.3,0.5,0.0,12.0
4.757649180876464,6.404890532842483,0.037151409322087756,0.16427139680275502,0.29271976710308895,AB25,Treadmill_02_01,camargo_treadmill,130,0.2,0.5,0.0,12.0
3.6022645885903932,5.411057363202249,0.030242028101808496,0.1240631720899078,0.22158416934000508,AB25,Treadmill_02_01,camargo_treadmill,130,0.4,2.0,0.0,12.0
4.042658333496067,5.648490279023466,0.031569830842455585,0.13962606294219504,0.24887526989531647,AB25,Treadmill_02_01,camargo_treadmill,130,0.2,1.0,0.0,12.0
4.880480237915388,6.784324160701513,0.04015333678421108,0.1681403409633317,0.3000163561789972,AB25,Treadmill_02_01,camargo_treadmill,130,0.4,0.5,0.0,12.0
3.369524215405986,4.9249626106046485,0.026284367081471718,0.11644406958959828,0.2076332545845152,AB25,Treadmill_02_01,camargo_treadmill,130,0.2,2.0,0.0,12.0
3.352149711524778,4.464462218836263,0.025937027872110902,0.11610233552592913,0.20754709237466964,AB25,Treadmill_02_01,camargo_treadmill,130,0.3,0.5,2.0,5.0
3.398491455154345,4.5725583274996096,0.026422766235268277,0.1176606666162935,0.2103256255045611,AB25,Treadmill_02_01,camargo_treadmill,130,0.4,0.5,2.0,5.0
4.065879047163037,5.453737097848907,0.032378061520361615,0.1404849553313085,0.2507999685176525,AB25,Treadmill_02_01,camargo_treadmill,130,0.3,0.5,2.0,8.0
4.1081243258791895,5.580923864392509,0.033153136045117375,0.14185589349025113,0.2533173305185025,AB25,Treadmill_02_01,camargo_treadmill,130,0.4,0.5,2.0,8.0
4.157043705415845,5.847512059345685,0.03333657888617278,0.143072457001491,0.25463671034472085,AB25,Treadmill_03_01,camargo_treadmill,133,0.3,1.0,0.0,12.0
3.5034055440645773,5.130211563055094,0.028080241235698765,0.12049954505940995,0.2145848716095956,AB25,Treadmill_03_01,camargo_treadmill,133,0.3,2.0,0.0,12.0
4.264149859037159,6.10826601154561,0.03518864501756885,0.14661040193322916,0.26108946929073334,AB25,Treadmill_03_01,camargo_treadmill,133,0.4,1.0,0.0,12.0
4.863150567026695,6.59019107562289,0.03880436795435289,0.16749013710081043,0.2979180149951291,AB25,Treadmill_03_01,camargo_treadmill,133,0.3,0.5,0.0,12.0
4.812096392595366,6.397649166786097,0.03716331083361138,0.16592002235551326,0.2949275018770088,AB25,Treadmill_03_01,camargo_treadmill,133,0.2,0.5,0.0,12.0
3.6594074074773086,5.425858038885414,0.030219070163955294,0.12574595990616205,0.22403622676530444,AB25,Treadmill_03_01,camargo_treadmill,133,0.4,2.0,0.0,12.0
4.102570607882616,5.6439832862859705,0.031498833188709635,0.14140644119960485,0.2514585753177086,AB25,Treadmill_03_01,camargo_treadmill,133,0.2,1.0,0.0,12.0
4.94445369801767,6.817750116862511,0.0403840791138266,0.1701473933709495,0.3028034027780457,AB25,Treadmill_03_01,camargo_treadmill,133,0.4,0.5,0.0,12.0
3.428595616428243,4.915825389965467,0.02607262702855882,0.11812739292266615,0.21016991234271618,AB25,Treadmill_03_01,camargo_treadmill,133,0.2,2.0,0.0,12.0
3.4084570646386116,4.470607124020589,0.025772536770089335,0.11767363577035521,0.20983329971352577,AB25,Treadmill_03_01,camargo_treadmill,133,0.3,0.5,2.0,5.0
3.4625223779965277,4.592788656431063,0.0262972281033899,0.11951017911711821,0.213086638324006,AB25,Treadmill_03_01,camargo_treadmill,133,0.4,0.5,2.0,5.0
4.089703204118929,5.397727638577197,0.0322694845117574,0.1410284594658191,0.25113257534224065,AB25,Treadmill_03_01,camargo_treadmill,133,0.3,0.5,2.0,8.0
4.138225240537012,5.545788660362488,0.0330993314616653,0.14262825765337617,0.2540334087924737,AB25,Treadmill_03_01,camargo_treadmill,133,0.4,0.5,2.0,8.0
4.329172304963788,6.113982067709836,0.03519011040005549,0.14889826748234827,0.2651966245773467,AB25,Treadmill_04_01,camargo_treadmill,137,0.3,1.0,0.0,12.0
3.6466792052752623,5.325958665652932,0.029419132914748163,0.12540156363102917,0.22344502352024107,AB25,Treadmill_04_01,camargo_treadmill,137,0.3,2.0,0.0,12.0
4.436899965526815,6.359546467685241,0.037121473415249115,0.15243538966403572,0.27169375832119114,AB25,Treadmill_04_01,camargo_treadmill,137,0.4,1.0,0.0,12.0
5.060776796661251,6.925019856298285,0.0411722725995285,0.17412485002376415,0.3099784689344478,AB25,Treadmill_04_01,camargo_treadmill,137,0.3,0.5,0.0,12.0
5.008414006925251,6.745731511501524,0.03945254567545508,0.17253328884828278,0.30690148780780896,AB25,Treadmill_04_01,camargo_treadmill,137,0.2,0.5,0.0,12.0
3.801257435936707,5.602077409045081,0.031641138098684365,0.13057759419218945,0.23282138170860678,AB25,Treadmill_04_01,camargo_treadmill,137,0.4,2.0,0.0,12.0
4.274468555457145,5.929775358378363,0.03326215616906544,0.1472500155356985,0.2619912202836738,AB25,Treadmill_04_01,camargo_treadmill,137,0.2,1.0,0.0,12.0
5.143204840957988,7.14151080648447,0.042817210894485654,0.1768002359574895,0.31493478048372814,AB25,Treadmill_04_01,camargo_treadmill,137,0.4,0.5,0.0,12.0
3.5750813584479846,5.137979939967953,0.02732991327206942,0.12316445600333076,0.21920257521639733,AB25,Treadmill_04_01,camargo_treadmill,137,0.2,2.0,0.0,12.0
3.441269387838162,4.4606000555415735,0.026116267975281233,0.11881448160516196,0.21193929862792246,AB25,Treadmill_04_01,camargo_treadmill,137,0.3,0.5,2.0,5.0
3.4996097962300126,4.580127233726266,0.026668081185392538,0.12079651802996758,0.21545241211495642,AB25,Treadmill_04_01,camargo_treadmill,137,0.4,0.5,2.0,5.0
4.2120627035783365,5.608519660071772,0.033772954942957054,0.14514379579839531,0.25865686372253355,AB25,Treadmill_04_01,camargo_treadmill,137,0.3,0.5,2.0,8.0
4.264672164802861,5.7500600661117796,0.034649378994745704,0.14687528442191128,0.2618054802253555,AB25,Treadmill_04_01,camargo_treadmill,137,0.4,0.5,2.0,8.0
4.304569877671298,6.101118361992869,0.035403108109408755,0.14795738848249596,0.262886361696826,AB25,Treadmill_05_01,camargo_treadmill,138,0.3,1.0,0.0,12.0
3.6406848505476943,5.360780046247124,0.029829612776094038,0.12509888891988857,0.22238149313722708,AB25,Treadmill_05_01,camargo_treadmill,138,0.3,2.0,0.0,12.0
4.433863457569175,6.3999273610694365,0.037408837985500216,0.1522419862369837,0.27065643671197637,AB25,Treadmill_05_01,camargo_treadmill,138,0.4,1.0,0.0,12.0
5.03343662003284,6.88332708187993,0.04126673861397085,0.17309211720246337,0.3073888853520493,AB25,Treadmill_05_01,camargo_treadmill,138,0.3,0.5,0.0,12.0
4.962732326776686,6.648489093861193,0.039488297704678925,0.17085528907147968,0.3032159265540615,AB25,Treadmill_05_01,camargo_treadmill,138,0.2,0.5,0.0,12.0
3.8241411539725867,5.693670945350339,0.032157770433495256,0.13127086495723517,0.23346178209155935,AB25,Treadmill_05_01,camargo_treadmill,138,0.4,2.0,0.0,12.0
4.227913440986299,5.854742668320896,0.03339344468156118,0.1455424855761538,0.25837629121074374,AB25,Treadmill_05_01,camargo_treadmill,138,0.2,1.0,0.0,12.0
5.132446451987098,7.146274553619432,0.04296142582410282,0.17634624282703304,0.3133274786137075,AB25,Treadmill_05_01,camargo_treadmill,138,0.4,0.5,0.0,12.0
3.540834401373523,5.107346310632112,0.027624246398736677,0.12188182305269665,0.21646298183467483,AB25,Treadmill_05_01,camargo_treadmill,138,0.2,2.0,0.0,12.0
3.549061313886034,4.7293947096528655,0.027049331929643972,0.1223319310941442,0.21764479042969165,AB25,Treadmill_05_01,camargo_treadmill,138,0.3,0.5,2.0,5.0
3.6143019317682956,4.861701527738169,0.027620012829955225,0.12454988995943216,0.22155760622520576,AB25,Treadmill_05_01,camargo_treadmill,138,0.4,0.5,2.0,5.0
4.181957339900999,5.6170610205368305,0.033877609843326655,0.14398392430999943,0.25600569675300916,AB25,Treadmill_05_01,camargo_treadmill,138,0.3,0.5,2.0,8.0
4.244489378536537,5.787417597819466,0.0347781893809824,0.14605887722967612,0.2597382126865636,AB25,Treadmill_05_01,camargo_treadmill,138,0.4,0.5,2.0,8.0
4.7800187293319985,6.761693888928442,0.04051410034691609,0.16429584036883815,0.2916256971100938,AB25,Treadmill_06_01,camargo_treadmill,138,0.3,1.0,0.0,12.0
3.998483553569683,5.876291229661283,0.033700608073210375,0.13738791982549797,0.24398841299289548,AB25,Treadmill_06_01,camargo_treadmill,138,0.3,2.0,0.0,12.0
4.925250622701776,7.061685271165317,0.04278842878961243,0.16911550331106492,0.30036131926921994,AB25,Treadmill_06_01,camargo_treadmill,138,0.4,1.0,0.0,12.0
5.6232792445699005,7.689090509225364,0.04765850012319503,0.19336241118416186,0.3430544773384389,AB25,Treadmill_06_01,camargo_treadmill,138,0.3,0.5,0.0,12.0
5.537054057594119,7.4509557396366395,0.045605793711150165,0.19061177455201742,0.3379410215288529,AB25,Treadmill_06_01,camargo_treadmill,138,0.2,0.5,0.0,12.0
4.199804360297305,6.208774388957079,0.03632413146453407,0.1441666171861972,0.2561490242625833,AB25,Treadmill_06_01,camargo_treadmill,138,0.4,2.0,0.0,12.0
4.684855920376472,6.517059734717731,0.03819029879898728,0.1612637268393586,0.28599332429017993,AB25,Treadmill_06_01,camargo_treadmill,138,0.2,1.0,0.0,12.0
5.735235932332879,7.955832473513469,0.04958534164660483,0.19704665440812505,0.3497771442046282,AB25,Treadmill_06_01,camargo_treadmill,138,0.4,0.5,0.0,12.0
3.8796867636069097,5.629681128261191,0.031158282224823326,0.13353527536027812,0.23692265724976808,AB25,Treadmill_06_01,camargo_treadmill,138,0.2,2.0,0.0,12.0
3.804902607309428,4.967022725497555,0.029720118887293565,0.13115092455330524,0.2331444976486331,AB25,Treadmill_06_01,camargo_treadmill,138,0.3,0.5,2.0,5.0
3.8832608757074722,5.106197598708914,0.030395694208827654,0.1338233132098311,0.2378572617700553,AB25,Treadmill_06_01,camargo_treadmill,138,0.4,0.5,2.0,5.0
4.657709829810848,6.25323612792001,0.039030901010768664,0.16031260246834328,0.28482044733432743,AB25,Treadmill_06_01,camargo_treadmill,138,0.3,0.5,2.0,8.0
4.7356558124281145,6.428923652705585,0.040099758135946066,0.16291439972910643,0.2894889896478403,AB25,Treadmill_06_01,camargo_treadmill,138,0.4,0.5,2.0,8.0
4.814812402821135,6.712276044691693,0.04079870311510782,0.1656398823239507,0.2939214709676097,AB25,Treadmill_07_01,camargo_treadmill,145,0.3,1.0,0.0,12.0
4.02656707388452,5.845758073267209,0.033819110878348733,0.13848763614122092,0.2458248968897913,AB25,Treadmill_07_01,camargo_treadmill,145,0.3,2.0,0.0,12.0
4.969155953034536,7.014565750521176,0.043105692974551,0.17077493242463462,0.3032132548892055,AB25,Treadmill_07_01,camargo_treadmill,145,0.4,1.0,0.0,12.0
5.675465767515419,7.640820893425557,0.04817294699840487,0.19532179657733215,0.3464636104513324,AB25,Treadmill_07_01,camargo_treadmill,145,0.3,0.5,0.0,12.0
5.579456320732891,7.394154444874009,0.04609212404562722,0.19223845707997236,0.34075532350018767,AB25,Treadmill_07_01,camargo_treadmill,145,0.2,0.5,0.0,12.0
4.236794754598591,6.172209622917588,0.036486238674957025,0.14558413486684857,0.2585356013430887,AB25,Treadmill_07_01,camargo_treadmill,145,0.4,2.0,0.0,12.0
4.708569878021864,6.465161012837822,0.03842913316120938,0.1622222373483828,0.28761091678905293,AB25,Treadmill_07_01,camargo_treadmill,145,0.2,1.0,0.0,12.0
5.795264758152735,7.914001914481789,0.0501191847481997,0.19927086363029156,0.35366124085462136,AB25,Treadmill_07_01,camargo_treadmill,145,0.4,0.5,0.0,12.0
3.8970737573955687,5.60840647882746,0.03121479391009494,0.13425046836982096,0.23809621012290802,AB25,Treadmill_07_01,camargo_treadmill,145,0.2,2.0,0.0,12.0
3.8777823525084605,5.002599730015612,0.029877026131178628,0.13374268001215542,0.23758209256519003,AB25,Treadmill_07_01,camargo_treadmill,145,0.3,0.5,2.0,5.0
3.9632938729474385,5.141807802931125,0.030594244405019774,0.13666521676744267,0.24273152744954588,AB25,Treadmill_07_01,camargo_treadmill,145,0.4,0.5,2.0,5.0
4.727308549800679,6.282948969500192,0.03964513656272467,0.16276635610537976,0.2891151374605418,AB25,Treadmill_07_01,camargo_treadmill,145,0.3,0.5,2.0,8.0
4.815069775439917,6.465140608373255,0.04076409291942701,0.16570434615723084,0.294375129964418,AB25,Treadmill_07_01,camargo_treadmill,145,0.4,0.5,2.0,8.0
3.44963585801306,4.790373252100016,0.030998311141479856,0.12257749697486184,0.22993737873748316,AB27,Treadmill_01_01,camargo_treadmill,118,0.3,1.0,0.0,12.0
3.1995540005045005,4.476292515141962,0.02838264781545044,0.11379303774402987,0.21317143655955725,AB27,Treadmill_01_01,camargo_treadmill,118,0.3,2.0,0.0,12.0
3.729105115118485,5.214581186810128,0.03387242885211913,0.13232120589336446,0.2484086004559617,AB27,Treadmill_01_01,camargo_treadmill,118,0.4,1.0,0.0,12.0
3.829379794903275,5.132785765489314,0.03403426930840815,0.13616986614520107,0.25564657272893254,AB27,Treadmill_01_01,camargo_treadmill,118,0.3,0.5,0.0,12.0
3.5898942757416594,4.734594184716655,0.03104885097906592,0.1280410439976212,0.23987177875145466,AB27,Treadmill_01_01,camargo_treadmill,118,0.2,0.5,0.0,12.0
3.504454612604509,4.912730162049919,0.0313462785236303,0.12445201945431025,0.23331563532390304,AB27,Treadmill_01_01,camargo_treadmill,118,0.4,2.0,0.0,12.0
3.1985674883723245,4.403166400042707,0.02789131925497231,0.11410641736720777,0.21338858665282237,AB27,Treadmill_01_01,camargo_treadmill,118,0.2,1.0,0.0,12.0
4.079937375640987,5.5461531700981626,0.03675208689576416,0.14488316869734316,0.2721845972475052,AB27,Treadmill_01_01,camargo_treadmill,118,0.4,0.5,0.0,12.0
2.9453412813897124,4.09768665974776,0.02525090228552703,0.10527443175023861,0.19645232260089182,AB27,Treadmill_01_01,camargo_treadmill,118,0.2,2.0,0.0,12.0
3.4791357419169606,4.822511442315149,0.029554154730556417,0.12414294447984037,0.23125067946313063,AB27,Treadmill_01_01,camargo_treadmill,118,0.3,0.5,2.0,5.0
3.6403941551867285,5.035708158525941,0.030742133150295108,0.1299598608390261,0.24196786432756023,AB27,Treadmill_01_01,camargo_treadmill,118,0.4,0.5,2.0,5.0
3.5830079403781943,4.886630769437237,0.032007164297523594,0.12730342323190638,0.23891023430874864,AB27,Treadmill_01_01,camargo_treadmill,118,0.3,0.5,2.0,8.0
3.7867715283210113,5.201274535638588,0.03386644183392709,0.13453027300254286,0.2523963615996366,AB27,Treadmill_01_01,camargo_treadmill,118,0.4,0.5,2.0,8.0
3.1712868274572195,4.471623241039539,0.029482679616281694,0.11295796006747355,0.2106754259112885,AB27,Treadmill_02_01,camargo_treadmill,117,0.3,1.0,0.0,12.0
2.9076497034911037,4.164537181620851,0.026810903140762895,0.10365026579690789,0.19304526103389197,AB27,Treadmill_02_01,camargo_treadmill,117,0.3,2.0,0.0,12.0
3.477268718923515,4.936286721368325,0.032651247232049055,0.12373225151549097,0.2308751582044443,AB27,Treadmill_02_01,camargo_treadmill,117,0.4,1.0,0.0,12.0
3.5532341191179895,4.808955023905694,0.03251735952614924,0.12664866413741555,0.23640358040179657,AB27,Treadmill_02_01,camargo_treadmill,117,0.3,0.5,0.0,12.0
3.2986609402337512,4.37599971698138,0.029257805723164897,0.11789382225454383,0.21965353446490102,AB27,Treadmill_02_01,camargo_treadmill,117,0.2,0.5,0.0,12.0
3.2480488767581788,4.641855769704871,0.030100267009063677,0.11567511425676606,0.21551835514089904,AB27,Treadmill_02_01,camargo_treadmill,117,0.4,2.0,0.0,12.0
2.901579469270446,4.055726436437533,0.02607513264305577,0.1037218566240681,0.19290677147912894,AB27,Treadmill_02_01,camargo_treadmill,117,0.2,1.0,0.0,12.0
3.8234422595394753,5.263039618623618,0.0354990997983118,0.13613374970766345,0.25421205561861776,AB27,Treadmill_02_01,camargo_treadmill,117,0.4,0.5,0.0,12.0
2.6304336040716105,3.7626127700043317,0.023355888441184802,0.09420337767881776,0.17480965126210743,AB27,Treadmill_02_01,camargo_treadmill,117,0.2,2.0,0.0,12.0
3.3565894556198312,4.668630785230761,0.02894176462954044,0.12021956232789628,0.22247341048727623,AB27,Treadmill_02_01,camargo_treadmill,117,0.3,0.5,2.0,5.0
3.534518240732624,4.899663376640843,0.030258394320869856,0.12665893610893883,0.23427907067780052,AB27,Treadmill_02_01,camargo_treadmill,117,0.4,0.5,2.0,5.0
3.341851787305145,4.608113560387235,0.030641172204974334,0.11910890103310483,0.22211971699469021,AB27,Treadmill_02_01,camargo_treadmill,117,0.3,0.5,2.0,8.0
3.5642161846565843,4.951729309220719,0.03269035118924231,0.1270483471251112,0.23681575559349285,AB27,Treadmill_02_01,camargo_treadmill,117,0.4,0.5,2.0,8.0
3.5686485273818427,4.852154638534667,0.03310182197282181,0.12732749591402948,0.2383556989340124,AB27,Treadmill_03_01,camargo_treadmill,124,0.3,1.0,0.0,12.0
3.15546356345335,4.429705533060631,0.02937406247290721,0.11267380806474805,0.21064141868678124,AB27,Treadmill_03_01,camargo_treadmill,124,0.3,2.0,0.0,12.0
3.848291506539889,5.259343014605028,0.03608676558404387,0.13713655895408333,0.2569064176782846,AB27,Treadmill_03_01,camargo_treadmill,124,0.4,1.0,0.0,12.0
4.082353096180681,5.302121491171759,0.037195191794551705,0.14569252629769208,0.2729537586566997,AB27,Treadmill_03_01,camargo_treadmill,124,0.3,0.5,0.0,12.0
3.849107095390582,4.922170353983776,0.03414793721819039,0.13770182790770671,0.257530706136109,AB27,Treadmill_03_01,camargo_treadmill,124,0.2,0.5,0.0,12.0
3.470788959959129,4.848248410901417,0.032490720213228644,0.12378100249028691,0.231568153061953,AB27,Treadmill_03_01,camargo_treadmill,124,0.4,2.0,0.0,12.0
3.318431722347169,4.489877908641007,0.029889463669535057,0.1187890491855642,0.22178805831126405,AB27,Treadmill_03_01,camargo_treadmill,124,0.2,1.0,0.0,12.0
4.326577851553693,5.700747259409358,0.03998310223438907,0.15422886549710407,0.289129030591839,AB27,Treadmill_03_01,camargo_treadmill,124,0.4,0.5,0.0,12.0
2.8951502887471667,4.082661243916612,0.026094392658378977,0.10383024780621468,0.193416797954618,AB27,Treadmill_03_01,camargo_treadmill,124,0.2,2.0,0.0,12.0
3.6162242068056347,4.777754068390954,0.03129945256674988,0.12969496766051938,0.2411936019100113,AB27,Treadmill_03_01,camargo_treadmill,124,0.3,0.5,2.0,5.0
3.7830553615936733,4.9841739176204065,0.032540327867910994,0.13572607947293006,0.2523030100945304,AB27,Treadmill_03_01,camargo_treadmill,124,0.4,0.5,2.0,5.0
3.819624281553928,5.051989915351817,0.03506913357817123,0.1362885836918639,0.2552135241521495,AB27,Treadmill_03_01,camargo_treadmill,124,0.3,0.5,2.0,8.0
4.0245211948077575,5.357133253558241,0.03699855590436972,0.14358662799745833,0.26880929542210186,AB27,Treadmill_03_01,camargo_treadmill,124,0.4,0.5,2.0,8.0
3.5296071637683077,4.954684188692083,0.033470467809888285,0.1256597066922533,0.23484980204879277,AB27,Treadmill_04_01,camargo_treadmill,122,0.3,1.0,0.0,12.0
3.170714583620567,4.566231513607318,0.0300069978203059,0.113020014106186,0.2109171866477864,AB27,Treadmill_04_01,camargo_treadmill,122,0.3,2.0,0.0,12.0
3.824848088784929,5.375696867147434,0.03672070916439669,0.1359498381631587,0.25436232066011405,AB27,Treadmill_04_01,camargo_treadmill,122,0.4,1.0,0.0,12.0
3.994198675143626,5.365024445384361,0.037317386928576245,0.14220295376487155,0.26601328922636336,AB27,Treadmill_04_01,camargo_treadmill,122,0.3,0.5,0.0,12.0
3.7473648655815732,4.971605283031939,0.033966267260601965,0.13383170031204014,0.2497685341628886,AB27,Treadmill_04_01,camargo_treadmill,122,0.2,0.5,0.0,12.0
3.49453373953839,4.987865296458701,0.03335664193926231,0.12433640099572944,0.2323301548714806,AB27,Treadmill_04_01,camargo_treadmill,122,0.4,2.0,0.0,12.0
3.2747120633041304,4.595474346028584,0.029989587264981764,0.11708955654342032,0.218055052033624,AB27,Treadmill_04_01,camargo_treadmill,122,0.2,1.0,0.0,12.0
4.257997460010566,5.78725482894336,0.04038908730969421,0.15137553024475742,0.28341603381761366,AB27,Treadmill_04_01,camargo_treadmill,122,0.4,0.5,0.0,12.0
2.919307066210469,4.239780629845263,0.02651543546574145,0.10466499955420021,0.19437265223800837,AB27,Treadmill_04_01,camargo_treadmill,122,0.2,2.0,0.0,12.0
3.6674020739998654,4.874020750268951,0.03198154767533166,0.13142393280953654,0.24383472712000068,AB27,Treadmill_04_01,camargo_treadmill,122,0.3,0.5,2.0,5.0
3.850132252007514,5.096376779946331,0.03334034705745547,0.13802370606260886,0.2559659998438327,AB27,Treadmill_04_01,camargo_treadmill,122,0.4,0.5,2.0,5.0
3.7419786662995116,5.057908437028498,0.03510782984498321,0.13322304201167037,0.2491263456587105,AB27,Treadmill_04_01,camargo_treadmill,122,0.3,0.5,2.0,8.0
3.967637113142375,5.387994274587249,0.03724450600469062,0.1412424222393226,0.26404765959827825,AB27,Treadmill_04_01,camargo_treadmill,122,0.4,0.5,2.0,8.0
3.7260039805069147,5.048539347516615,0.03503753499958847,0.1326142282902622,0.2472483822888703,AB27,Treadmill_05_01,camargo_treadmill,124,0.3,1.0,0.0,12.0
3.2780359921956777,4.575918102546397,0.030869562394641222,0.1168601479535551,0.21758148039423506,AB27,Treadmill_05_01,camargo_treadmill,124,0.3,2.0,0.0,12.0
4.037308140634194,5.490118569155519,0.03843737623111418,0.1434325330930149,0.26770646771134615,AB27,Treadmill_05_01,camargo_treadmill,124,0.4,1.0,0.0,12.0
4.291585828402372,5.558050726512863,0.03969469903364042,0.15269750054557302,0.2849212741237767,AB27,Treadmill_05_01,camargo_treadmill,124,0.3,0.5,0.0,12.0
4.0289196656300374,5.141381747351413,0.03621882326013657,0.1437982920913591,0.2677314286634784,AB27,Treadmill_05_01,camargo_treadmill,124,0.2,0.5,0.0,12.0
3.6170473536367553,5.01293215335325,0.03439055787715661,0.1286597517877345,0.23986625450876498,AB27,Treadmill_05_01,camargo_treadmill,124,0.4,2.0,0.0,12.0
3.4540139018331915,4.671598155457298,0.03139810082351921,0.12348098180699277,0.22943366070059984,AB27,Treadmill_05_01,camargo_treadmill,124,0.2,1.0,0.0,12.0
4.569492853587412,6.002405403982517,0.042883288331987277,0.16233844308258735,0.3031572826212534,AB27,Treadmill_05_01,camargo_treadmill,124,0.4,0.5,0.0,12.0
3.0136616674763816,4.243211082439266,0.027202973425526973,0.10810417778547819,0.2002911650941429,AB27,Treadmill_05_01,camargo_treadmill,124,0.2,2.0,0.0,12.0
3.858202429433,4.999234814719695,0.03393852004212485,0.13795321309871125,0.2556677019838656,AB27,Treadmill_05_01,camargo_treadmill,124,0.3,0.5,2.0,5.0
4.050520077988575,5.229595018531277,0.0353540339658734,0.14487348612849785,0.26836628927011574,AB27,Treadmill_05_01,camargo_treadmill,124,0.4,0.5,2.0,5.0
4.010634551572916,5.269437616124795,0.03759293867708079,0.14260937710126487,0.26615387479072217,AB27,Treadmill_05_01,camargo_treadmill,124,0.3,0.5,2.0,8.0
4.247846786937627,5.6125843525384775,0.039805863478428724,0.15101072981894537,0.2817544274568694,AB27,Treadmill_05_01,camargo_treadmill,124,0.4,0.5,2.0,8.0
3.651648833509034,5.140067574606324,0.035245527029732264,0.1301190891881067,0.2420372836943062,AB27,Treadmill_06_01,camargo_treadmill,129,0.3,1.0,0.0,12.0
3.260660654875278,4.675321700762453,0.031308366306034445,0.1164481056585735,0.21632540698027194,AB27,Treadmill_06_01,camargo_treadmill,129,0.3,2.0,0.0,12.0
3.985030105416622,5.615828343024684,0.038767251826089595,0.1418107657074991,0.2639449074413794,AB27,Treadmill_06_01,camargo_treadmill,129,0.4,1.0,0.0,12.0
4.171050069690035,5.64950804523076,0.03966740914753567,0.14852177696425595,0.2764687943552648,AB27,Treadmill_06_01,camargo_treadmill,129,0.3,0.5,0.0,12.0
3.8948798146425987,5.203022693365202,0.0360951281877086,0.13905708031136757,0.25840246159144553,AB27,Treadmill_06_01,camargo_treadmill,129,0.2,0.5,0.0,12.0
3.6351998596335093,5.155958568569284,0.03499961232601648,0.12962284553145112,0.2409462317979946,AB27,Treadmill_06_01,camargo_treadmill,129,0.4,2.0,0.0,12.0
3.354869522428261,4.722979846383345,0.03146675585877912,0.11999387676894403,0.22260535343619242,AB27,Treadmill_06_01,camargo_treadmill,129,0.2,1.0,0.0,12.0
4.461415760011489,6.118954724773931,0.042941263126846395,0.1586738390703884,0.2955219525199194,AB27,Treadmill_06_01,camargo_treadmill,129,0.4,0.5,0.0,12.0
2.9538367817882487,4.291203486149185,0.02743979432841976,0.10604373529804656,0.196255665764568,AB27,Treadmill_06_01,camargo_treadmill,129,0.2,2.0,0.0,12.0
3.845300646484499,5.109085874631265,0.03297874527296184,0.138270693426551,0.2547300956814835,AB27,Treadmill_06_01,camargo_treadmill,129,0.3,0.5,2.0,5.0
4.040259323457897,5.342436808896638,0.03440882663210443,0.14530591316459124,0.2676020883457297,AB27,Treadmill_06_01,camargo_treadmill,129,0.4,0.5,2.0,5.0
3.8764224874306774,5.274248346292214,0.03655585734010325,0.13823040897161548,0.2569811655237059,AB27,Treadmill_06_01,camargo_treadmill,129,0.3,0.5,2.0,8.0
4.118862798770222,5.6257007276658335,0.03878030751385164,0.14686889097680061,0.2729270184902189,AB27,Treadmill_06_01,camargo_treadmill,129,0.4,0.5,2.0,8.0
3.8802462967424067,5.376310464669177,0.038324652427066105,0.13796452840663767,0.2569747485609689,AB27,Treadmill_07_01,camargo_treadmill,127,0.3,1.0,0.0,12.0
3.3936601322193063,4.81959381023624,0.03350807172935077,0.12094556002051816,0.22492772546585255,AB27,Treadmill_07_01,camargo_treadmill,127,0.3,2.0,0.0,12.0
4.215156879638393,5.844656530583535,0.04199909656490955,0.14964565076116496,0.2789611131788518,AB27,Treadmill_07_01,camargo_treadmill,127,0.4,1.0,0.0,12.0
4.4927061895454825,5.975978110066462,0.04364910059996413,0.15961161127319792,0.297564067587681,AB27,Treadmill_07_01,camargo_treadmill,127,0.3,0.5,0.0,12.0
4.213183028442398,5.535751117751374,0.039909906688496935,0.15009256023074657,0.27927049143271115,AB27,Treadmill_07_01,camargo_treadmill,127,0.2,0.5,0.0,12.0
3.769524109635043,5.291421174746772,0.03736508212531418,0.1340984991958943,0.2496093519083105,AB27,Treadmill_07_01,camargo_treadmill,127,0.4,2.0,0.0,12.0
3.5806900849581234,4.969701947005359,0.03434696199158603,0.12781602621066693,0.2373357042552541,AB27,Treadmill_07_01,camargo_treadmill,127,0.2,1.0,0.0,12.0
4.783839051100802,6.439592064138585,0.04704617476203739,0.16973362821979235,0.3166442779027277,AB27,Treadmill_07_01,camargo_treadmill,127,0.4,0.5,0.0,12.0
3.087597217957233,4.4505312974468225,0.02943408383193173,0.11064854216221949,0.20486955778687374,AB27,Treadmill_07_01,camargo_treadmill,127,0.2,2.0,0.0,12.0
4.100405512122639,5.2648473951321995,0.03623739743540826,0.14687783924816974,0.2713718873265518,AB27,Treadmill_07_01,camargo_treadmill,127,0.3,0.5,2.0,5.0
4.298158530429783,5.4935284118384216,0.03767920157986257,0.1540016470584914,0.284390469603145,AB27,Treadmill_07_01,camargo_treadmill,127,0.4,0.5,2.0,5.0
4.151961280676015,5.505747914648855,0.04029417583916549,0.1475900595092641,0.27513012460386926,AB27,Treadmill_07_01,camargo_treadmill,127,0.3,0.5,2.0,8.0
4.393255074732034,5.846955716533761,0.04254403191166575,0.1561520028682868,0.290963157169815,AB27,Treadmill_07_01,camargo_treadmill,127,0.4,0.5,2.0,8.0
2.916831369471181,3.9126135285462067,0.023023514465134884,0.10075244571113723,0.19017416797880776,AB28,Treadmill_01_01,camargo_treadmill,120,0.3,1.0,0.0,12.0
2.5945754499859843,3.682814689131897,0.020523475147817476,0.08962111176238538,0.16882438464915955,AB28,Treadmill_01_01,camargo_treadmill,120,0.3,2.0,0.0,12.0
3.086336345141316,4.211115988661081,0.025224060156988103,0.10634853238645874,0.2011302029127054,AB28,Treadmill_01_01,camargo_treadmill,120,0.4,1.0,0.0,12.0
3.3090256163932334,4.195683098112992,0.025998589681395,0.11432203533506202,0.21609662294751467,AB28,Treadmill_01_01,camargo_treadmill,120,0.3,0.5,0.0,12.0
3.221115368640222,3.990276747501297,0.02408378759625535,0.11164448145374563,0.2104445475432156,AB28,Treadmill_01_01,camargo_treadmill,120,0.2,0.5,0.0,12.0
2.812207209783991,4.00432678612184,0.022951321468068362,0.09691876657930878,0.182931091639812,AB28,Treadmill_01_01,camargo_treadmill,120,0.4,2.0,0.0,12.0
2.825549702033922,3.7161773557781923,0.021025566327875295,0.09796797927214558,0.1842863524783791,AB28,Treadmill_01_01,camargo_treadmill,120,0.2,1.0,0.0,12.0
3.4496810413716408,4.4784805119818385,0.028002828782723147,0.11891385716709117,0.2251644951885044,AB28,Treadmill_01_01,camargo_treadmill,120,0.4,0.5,0.0,12.0
2.48183767633025,3.481888039579724,0.018421126412185643,0.08607303445734417,0.1615271958799204,AB28,Treadmill_01_01,camargo_treadmill,120,0.2,2.0,0.0,12.0
2.804591710959849,3.851548850383143,0.022184871609598818,0.09680118701249416,0.1826512087833036,AB28,Treadmill_01_01,camargo_treadmill,120,0.3,0.5,2.0,5.0
2.9204581069997033,4.038651205119669,0.023139973122544545,0.10078981166122647,0.1901269332295274,AB28,Treadmill_01_01,camargo_treadmill,120,0.4,0.5,2.0,5.0
3.0331209882256096,3.959478078309965,0.024483936943138166,0.10457449510973894,0.19797762115633935,AB28,Treadmill_01_01,camargo_treadmill,120,0.3,0.5,2.0,8.0
3.164354946220411,4.210371921406289,0.025949412302463646,0.10897902362998539,0.20643399042051866,AB28,Treadmill_01_01,camargo_treadmill,120,0.4,0.5,2.0,8.0
2.836042824764041,3.768903119390554,0.0224285456414466,0.09815276001130899,0.18418443309771818,AB28,Treadmill_02_01,camargo_treadmill,118,0.3,1.0,0.0,12.0
2.5331713160497897,3.5512202142599225,0.02002520844195935,0.0876427419369094,0.1640928460202811,AB28,Treadmill_02_01,camargo_treadmill,118,0.3,2.0,0.0,12.0
3.053053794169862,4.144578102625872,0.024831342869014606,0.10545894014841625,0.1980583018235486,AB28,Treadmill_02_01,camargo_treadmill,118,0.4,1.0,0.0,12.0
3.2235088748330716,4.061589866734766,0.02539712501993723,0.11160607961259161,0.20973784359380931,AB28,Treadmill_02_01,camargo_treadmill,118,0.3,0.5,0.0,12.0
3.110733307246438,3.8002902215444254,0.023416271039874276,0.1079900600316463,0.2025676790531419,AB28,Treadmill_02_01,camargo_treadmill,118,0.2,0.5,0.0,12.0
2.8167086192087636,3.960269272498954,0.02272767086746065,0.09729827611536844,0.18227290463424384,AB28,Treadmill_02_01,camargo_treadmill,118,0.4,2.0,0.0,12.0
2.707936972232319,3.5087290329913756,0.020334788144350423,0.09399594571327063,0.17601926846674237,AB28,Treadmill_02_01,camargo_treadmill,118,0.2,1.0,0.0,12.0
3.3970292928977637,4.410202159720337,0.027549290647599138,0.11738697715098706,0.22080465783974124,AB28,Treadmill_02_01,camargo_treadmill,118,0.4,0.5,0.0,12.0
2.3653074538016217,3.2777984124424675,0.01777162712280864,0.0820698515052235,0.15336031877165468,AB28,Treadmill_02_01,camargo_treadmill,118,0.2,2.0,0.0,12.0
2.8133955468775804,3.870731452090366,0.021732915717513356,0.09744386686789316,0.18227411353419976,AB28,Treadmill_02_01,camargo_treadmill,118,0.3,0.5,2.0,5.0
2.9479120571186566,4.081793909471243,0.022791502792199245,0.1020812846193517,0.190875225299262,AB28,Treadmill_02_01,camargo_treadmill,118,0.4,0.5,2.0,5.0
2.956878729287979,3.839824838970397,0.02360802376337659,0.10229881312253081,0.19234306573079643,AB28,Treadmill_02_01,camargo_treadmill,118,0.3,0.5,2.0,8.0
3.1098914390132757,4.129272301906754,0.02518330393255774,0.10747615616877007,0.20209825743734447,AB28,Treadmill_02_01,camargo_treadmill,118,0.4,0.5,2.0,8.0
2.790819741591395,3.773233441053579,0.022810379831071443,0.0965492075097748,0.1807252564749381,AB28,Treadmill_03_01,camargo_treadmill,123,0.3,1.0,0.0,12.0
2.545524575404762,3.6212284958341696,0.020562865898912007,0.088162191007955,0.16462740246709892,AB28,Treadmill_03_01,camargo_treadmill,123,0.3,2.0,0.0,12.0
3.002281416077522,4.120606428195702,0.02519100805986033,0.10371743336950102,0.19432090504909993,AB28,Treadmill_03_01,camargo_treadmill,123,0.4,1.0,0.0,12.0
3.1153374372222147,3.9954141345876524,0.025610378284826995,0.10770569735661539,0.20196059576184902,AB28,Treadmill_03_01,camargo_treadmill,123,0.3,0.5,0.0,12.0
3.0044055943690955,3.758912588621356,0.0236504795344819,0.10410898819007326,0.19485164279858344,AB28,Treadmill_03_01,camargo_treadmill,123,0.2,0.5,0.0,12.0
2.818225594789226,3.9959823933888683,0.023228901985561563,0.09749895887084495,0.18219498266572795,AB28,Treadmill_03_01,camargo_treadmill,123,0.4,2.0,0.0,12.0
2.6701978310701797,3.5510480652963636,0.02076390033511394,0.09260264040405004,0.17296329898113688,AB28,Treadmill_03_01,camargo_treadmill,123,0.2,1.0,0.0,12.0
3.2869985000545174,4.3248704336222366,0.027754238273499723,0.11347148951214099,0.21297180787710618,AB28,Treadmill_03_01,camargo_treadmill,123,0.4,0.5,0.0,12.0
2.393922689355413,3.3946722997646894,0.01838693415444096,0.08310088228927164,0.15484629505721803,AB28,Treadmill_03_01,camargo_treadmill,123,0.2,2.0,0.0,12.0
2.8336259032022215,3.864037458983912,0.02196637026458121,0.0982967682960764,0.18329959494075712,AB28,Treadmill_03_01,camargo_treadmill,123,0.3,0.5,2.0,5.0
2.9750002374154394,4.073751917436445,0.023060087370208322,0.10319305219510023,0.19236290830396593,AB28,Treadmill_03_01,camargo_treadmill,123,0.4,0.5,2.0,5.0
2.8484971034448794,3.717784921660693,0.023542418278274288,0.09847342684486103,0.18474014097221556,AB28,Treadmill_03_01,camargo_treadmill,123,0.3,0.5,2.0,8.0
3.009802883159793,4.009340995151964,0.025171562848389607,0.10397443816050832,0.19506364380930905,AB28,Treadmill_03_01,camargo_treadmill,123,0.4,0.5,2.0,8.0
2.989470999734189,3.737279367742517,0.023768137957267628,0.10393966627216943,0.19440475920659417,AB28,Treadmill_04_01,camargo_treadmill,125,0.3,1.0,0.0,12.0
2.6939954295167547,3.6043108126332,0.021423154910423226,0.09379754099308989,0.17513330544987155,AB28,Treadmill_04_01,camargo_treadmill,125,0.3,2.0,0.0,12.0
3.168673632978706,4.034215641674517,0.02576914466261351,0.11001671981691315,0.20590998250996886,AB28,Treadmill_04_01,camargo_treadmill,125,0.4,1.0,0.0,12.0
3.3660244882991432,3.947673751997612,0.02673306826045664,0.11690455787115211,0.21892754675226478,AB28,Treadmill_04_01,camargo_treadmill,125,0.3,0.5,0.0,12.0
3.286610095049713,3.7747939152916925,0.02525641052038894,0.11433924967153772,0.213830452238245,AB28,Treadmill_04_01,camargo_treadmill,125,0.2,0.5,0.0,12.0
2.931525735151602,3.9248201943429613,0.023690589958627918,0.10193477030363055,0.19039432212835986,AB28,Treadmill_04_01,camargo_treadmill,125,0.4,2.0,0.0,12.0
2.905619927916841,3.588243492870712,0.0222741045277321,0.10119957892927636,0.18899571228722328,AB28,Treadmill_04_01,camargo_treadmill,125,0.2,1.0,0.0,12.0
3.5091274924233664,4.232810524225602,0.028533441477545295,0.1217083520774932,0.22810111010399733,AB28,Treadmill_04_01,camargo_treadmill,125,0.4,0.5,0.0,12.0
2.5853927027147976,3.456024620050926,0.019849995443497945,0.09016156210118212,0.1681210910187141,AB28,Treadmill_04_01,camargo_treadmill,125,0.2,2.0,0.0,12.0
2.95830729740072,3.800396903209599,0.021951180691910772,0.10324082271052114,0.1921394693813188,AB28,Treadmill_04_01,camargo_treadmill,125,0.3,0.5,2.0,5.0
3.0933913324647913,3.9988809706584254,0.02292731736391691,0.10792521147037822,0.2007824446073977,AB28,Treadmill_04_01,camargo_treadmill,125,0.4,0.5,2.0,5.0
3.0229013004434626,3.617467120009598,0.02389189943763296,0.10511495380728919,0.19684910234708372,AB28,Treadmill_04_01,camargo_treadmill,125,0.3,0.5,2.0,8.0
3.1679177183780967,3.888215919565079,0.025316885815615416,0.11006225706741599,0.2061123951456595,AB28,Treadmill_04_01,camargo_treadmill,125,0.4,0.5,2.0,8.0
3.16828160668368,3.7730813078640852,0.025066215569251874,0.1105605005351377,0.20660523142445988,AB28,Treadmill_05_01,camargo_treadmill,130,0.3,1.0,0.0,12.0
2.8350825895836196,3.6142387440059447,0.022545010324648552,0.09914648289483644,0.18497719921761935,AB28,Treadmill_05_01,camargo_treadmill,130,0.3,2.0,0.0,12.0
3.3523956556230097,4.08388722032271,0.027056075675027314,0.11678607249368857,0.21833196323527837,AB28,Treadmill_05_01,camargo_treadmill,130,0.4,1.0,0.0,12.0
3.5850146323309082,4.011595539266304,0.02823788393314302,0.12488799823090391,0.2336462573686941,AB28,Treadmill_05_01,camargo_treadmill,130,0.3,0.5,0.0,12.0
3.5020956023733363,3.8297376009644055,0.026792078978524043,0.12220847050962348,0.2283760335420963,AB28,Treadmill_05_01,camargo_treadmill,130,0.2,0.5,0.0,12.0
3.082791571060619,3.9562869087516193,0.02479969961975023,0.10760930647543904,0.20075544848073543,AB28,Treadmill_05_01,camargo_treadmill,130,0.4,2.0,0.0,12.0
3.0782671459484403,3.6139540629756257,0.023625452144033783,0.10761064905347935,0.20086479228395687,AB28,Treadmill_05_01,camargo_treadmill,130,0.2,1.0,0.0,12.0
3.7302871185766984,4.306401346229773,0.030034453169669826,0.12974795012850043,0.242891945457944,AB28,Treadmill_05_01,camargo_treadmill,130,0.4,0.5,0.0,12.0
2.7148634199111004,3.450826082349255,0.021045887547832716,0.09510965975379877,0.17731040001341472,AB28,Treadmill_05_01,camargo_treadmill,130,0.2,2.0,0.0,12.0
3.149499824952415,3.889924724620998,0.022918504503743595,0.11032410108351418,0.20481910197886355,AB28,Treadmill_05_01,camargo_treadmill,130,0.3,0.5,2.0,5.0
3.28317097001924,4.087931287329276,0.023869403990861852,0.11494167769451685,0.21331464028442015,AB28,Treadmill_05_01,camargo_treadmill,130,0.4,0.5,2.0,5.0
3.180884174798036,3.601682557933251,0.024974533319806334,0.11102788706271283,0.20773903271875746,AB28,Treadmill_05_01,camargo_treadmill,130,0.3,0.5,2.0,8.0
3.3269289544108047,3.882769182505195,0.02638533657964953,0.11598673360755511,0.21699108115080618,AB28,Treadmill_05_01,camargo_treadmill,130,0.4,0.5,2.0,8.0
4.86350023079629,4.182063445174023,0.03412483936562076,0.1747363997723586,0.3296864988266778,AB28,Treadmill_06_01,camargo_treadmill,132,0.3,1.0,0.0,12.0
3.8777323446023457,3.9109792413299846,0.02882225075298436,0.14001375553492115,0.263596390482298,AB28,Treadmill_06_01,camargo_treadmill,132,0.3,2.0,0.0,12.0
4.998651952080703,4.438587257714744,0.03571750207815306,0.17932035056787818,0.33841114331885713,AB28,Treadmill_06_01,camargo_treadmill,132,0.4,1.0,0.0,12.0
5.935268209578402,4.550404810387721,0.04023956153283112,0.2125565719013804,0.40153076301521823,AB28,Treadmill_06_01,camargo_treadmill,132,0.3,0.5,0.0,12.0
5.882964947091279,4.4221303674501,0.039170209183768644,0.21086764641214328,0.3981179767480794,AB28,Treadmill_06_01,camargo_treadmill,132,0.2,0.5,0.0,12.0
4.0779514066431775,4.203189326020646,0.03073353184809093,0.14686736478309387,0.2764826227041859,AB28,Treadmill_06_01,camargo_treadmill,132,0.4,2.0,0.0,12.0
4.802816094234231,4.075656179489692,0.033018900513898115,0.17275358435522947,0.3257056708658355,AB28,Treadmill_06_01,camargo_treadmill,132,0.2,1.0,0.0,12.0
6.034115317134048,4.790262303591678,0.04161644193421671,0.2158760984974952,0.40791383082131194,AB28,Treadmill_06_01,camargo_treadmill,132,0.4,0.5,0.0,12.0
3.7869807072792074,3.79758952693176,0.027602448586054644,0.1369771522524493,0.2576856744305429,AB28,Treadmill_06_01,camargo_treadmill,132,0.2,2.0,0.0,12.0
3.887072433767905,3.878047220619326,0.027514480407932227,0.1405742190326098,0.2637781937386792,AB28,Treadmill_06_01,camargo_treadmill,132,0.3,0.5,2.0,5.0
4.009831899546624,4.049739579974897,0.028364007402763958,0.144828451077795,0.271670045059112,AB28,Treadmill_06_01,camargo_treadmill,132,0.4,0.5,2.0,5.0
4.901635074288793,4.085456623665225,0.033803239569850096,0.17620910180764024,0.33256575522211823,AB28,Treadmill_06_01,camargo_treadmill,132,0.3,0.5,2.0,8.0
5.009203789043003,4.30731497565295,0.03492373258814458,0.17986664630710092,0.339468210350298,AB28,Treadmill_06_01,camargo_treadmill,132,0.4,0.5,2.0,8.0
3.981634247883246,3.9979913291426263,0.0320374866263616,0.14664283895774632,0.2758262676426889,AB28,Treadmill_07_01,camargo_treadmill,136,0.3,1.0,0.0,12.0
3.3790291456560557,3.7728011888575983,0.028409132327800294,0.1255558104541643,0.23572486729099065,AB28,Treadmill_07_01,camargo_treadmill,136,0.3,2.0,0.0,12.0
4.122961495057137,4.237900112703922,0.033611198954380805,0.15142476190767623,0.2848905588453627,AB28,Treadmill_07_01,camargo_treadmill,136,0.4,1.0,0.0,12.0
4.671841144668516,4.308733293450712,0.03646538473585877,0.17092477557228514,0.32190273664976177,AB28,Treadmill_07_01,camargo_treadmill,136,0.3,0.5,0.0,12.0
4.628133481836838,4.217137225509156,0.035472575414020525,0.16953856265186898,0.3190618261581059,AB28,Treadmill_07_01,camargo_treadmill,136,0.2,0.5,0.0,12.0
3.5868243052133377,4.0520284019325175,0.030230015090200655,0.1326552663418172,0.24899940333213438,AB28,Treadmill_07_01,camargo_treadmill,136,0.4,2.0,0.0,12.0
3.9335935140728338,3.935924367757542,0.03111718547744077,0.14508876746784982,0.27269805534973357,AB28,Treadmill_07_01,camargo_treadmill,136,0.2,1.0,0.0,12.0
4.776450302254391,4.534250180877522,0.037889775871210084,0.17442499636477274,0.3286294685994302,AB28,Treadmill_07_01,camargo_treadmill,136,0.4,0.5,0.0,12.0
3.3009465873444506,3.7023060741463865,0.027475981150067472,0.12293331939372486,0.23069684261311596,AB28,Treadmill_07_01,camargo_treadmill,136,0.2,2.0,0.0,12.0
3.446521844354761,3.6894661643312445,0.0272832936993191,0.1281948418405648,0.23981240127418335,AB28,Treadmill_07_01,camargo_treadmill,136,0.3,0.5,2.0,5.0
3.5682425073399417,3.8607447770580583,0.02806640105127913,0.13240693146231383,0.24758528279950856,AB28,Treadmill_07_01,camargo_treadmill,136,0.4,0.5,2.0,5.0
3.949632663483242,3.7477340939217108,0.031252479302822656,0.1455768207363131,0.2740238765046848,AB28,Treadmill_07_01,camargo_treadmill,136,0.3,0.5,2.0,8.0
4.065570053419784,3.9759498613273516,0.03239646148100377,0.14951227684551405,0.28141662121943,AB28,Treadmill_07_01,camargo_treadmill,136,0.4,0.5,2.0,8.0
2.471242801814377,3.2565393083199194,0.023037731725889687,0.09261577836747012,0.16764794056875137,AB30,treadmill_01_01,camargo_treadmill,112,0.3,1.0,0.0,12.0
2.4240481186125997,3.322389457574935,0.02265707568058935,0.09086087746145845,0.16403337478694935,AB30,treadmill_01_01,camargo_treadmill,112,0.3,2.0,0.0,12.0
2.774620201363763,3.689516805171638,0.026472868764262136,0.10357678273364664,0.18790423878534876,AB30,treadmill_01_01,camargo_treadmill,112,0.4,1.0,0.0,12.0
2.6008724268592616,3.27232173378385,0.023918775768219786,0.09753189896526408,0.17689314564274763,AB30,treadmill_01_01,camargo_treadmill,112,0.3,0.5,0.0,12.0
2.3879077988483566,2.9367672883337264,0.020824084017691848,0.09013418707104279,0.16278356955358017,AB30,treadmill_01_01,camargo_treadmill,112,0.2,0.5,0.0,12.0
2.742969188465947,3.7367272789152284,0.026174805858996477,0.10240593121975859,0.18543486951149882,AB30,treadmill_01_01,camargo_treadmill,112,0.4,2.0,0.0,12.0
2.26262149356304,2.961346652356215,0.019899748324870063,0.08543491330975841,0.15374853745032935,AB30,treadmill_01_01,camargo_treadmill,112,0.2,1.0,0.0,12.0
2.885644631488737,3.7193605314861284,0.027235843046828013,0.10779948220990614,0.19581430825541096,AB30,treadmill_01_01,camargo_treadmill,112,0.4,0.5,0.0,12.0
2.2236197208861546,3.0633993687965204,0.019505562903595848,0.08403618462404963,0.15060518689984484,AB30,treadmill_01_01,camargo_treadmill,112,0.2,2.0,0.0,12.0
2.5467231467748306,3.4289755264342108,0.02344120450175016,0.09554265739245994,0.17225994128272973,AB30,treadmill_01_01,camargo_treadmill,112,0.3,0.5,2.0,5.0
2.751120162065131,3.6991859949742087,0.02523024593002517,0.10317181354585014,0.1859831418823385,AB30,treadmill_01_01,camargo_treadmill,112,0.4,0.5,2.0,5.0
2.4454915372048793,3.155485857924003,0.02253075170833525,0.09173406594507924,0.1661371903543239,AB30,treadmill_01_01,camargo_treadmill,112,0.3,0.5,2.0,8.0
2.7039612442977288,3.5389638267124193,0.02524588336301196,0.10119013491283635,0.18336647376353574,AB30,treadmill_01_01,camargo_treadmill,112,0.4,0.5,2.0,8.0
2.5307440329106043,3.2935361639220364,0.024344440596891708,0.09479840002819165,0.17167556897641412,AB30,treadmill_02_01,camargo_treadmill,107,0.3,1.0,0.0,12.0
2.501168564552681,3.4081644303517438,0.02439609951084658,0.09353898373585058,0.16907999466087428,AB30,treadmill_02_01,camargo_treadmill,107,0.3,2.0,0.0,12.0
2.8925209737892112,3.796460031724702,0.02814906676898061,0.1079428564879553,0.19567917415232258,AB30,treadmill_02_01,camargo_treadmill,107,0.4,1.0,0.0,12.0
2.6509096538849697,3.2656368949871,0.024867904074267925,0.0995123692848924,0.1804325557911762,AB30,treadmill_02_01,camargo_treadmill,107,0.3,0.5,0.0,12.0
2.4055103682711625,2.898991765728799,0.021593068388911507,0.09093477507015696,0.16429786331227705,AB30,treadmill_02_01,camargo_treadmill,107,0.2,0.5,0.0,12.0
2.8889795476061173,3.898479667212485,0.028342646434822892,0.10767078085528756,0.19493994455486907,AB30,treadmill_02_01,camargo_treadmill,107,0.4,2.0,0.0,12.0
2.2815963002043746,2.9657677638759856,0.02094860433405201,0.08615428951793129,0.15520003471536825,AB30,treadmill_02_01,camargo_treadmill,107,0.2,1.0,0.0,12.0
2.9837348174646627,3.7806252209835374,0.028499432461776643,0.11156603454107923,0.2023925127162153,AB30,treadmill_02_01,camargo_treadmill,107,0.4,0.5,0.0,12.0
2.2521937159668934,3.1070838520687754,0.02089308714385047,0.08498134527771836,0.15255060185191838,AB30,treadmill_02_01,camargo_treadmill,107,0.2,2.0,0.0,12.0
2.519584919973155,3.38408872800975,0.024019350577175004,0.09445663968546815,0.17033034445964307,AB30,treadmill_02_01,camargo_treadmill,107,0.3,0.5,2.0,5.0
2.7736611209047966,3.7127803370052126,0.026155095713738814,0.10393986850819548,0.18730125417521543,AB30,treadmill_02_01,camargo_treadmill,107,0.4,0.5,2.0,5.0
2.4157453120901398,3.048913626530662,0.0227643467172182,0.09074783006221523,0.1643171385930991,AB30,treadmill_02_01,camargo_treadmill,107,0.3,0.5,2.0,8.0
2.7247166593780268,3.502155633362138,0.02587480662866875,0.1020472671488558,0.18477081699955122,AB30,treadmill_02_01,camargo_treadmill,107,0.4,0.5,2.0,8.0
2.7000080333468666,3.49696681109175,0.028086086789124762,0.10584619894908286,0.19243794860743252,AB30,treadmill_03_01,camargo_treadmill,109,0.3,1.0,0.0,12.0
2.6414244838612757,3.5846304749091056,0.027725103960804805,0.103234651620034,0.1872180288260514,AB30,treadmill_03_01,camargo_treadmill,109,0.3,2.0,0.0,12.0
3.0443230639978434,3.9553758639623458,0.031934258522315816,0.11890274775580821,0.21649920661544864,AB30,treadmill_03_01,camargo_treadmill,109,0.4,1.0,0.0,12.0
2.849818980679034,3.494996609105024,0.028981338224139494,0.11217961218365656,0.20421765555762364,AB30,treadmill_03_01,camargo_treadmill,109,0.3,0.5,0.0,12.0
2.6278934641665463,3.180942993877641,0.025779760522533914,0.10423668617872651,0.18889887240266545,AB30,treadmill_03_01,camargo_treadmill,109,0.2,0.5,0.0,12.0
3.0126769826153996,4.029333425973441,0.031730213571630084,0.11740031074618476,0.2133700927296645,AB30,treadmill_03_01,camargo_treadmill,109,0.4,2.0,0.0,12.0
2.4769275109605213,3.2245503759399075,0.024802063389092584,0.09790594158448232,0.17687751840513724,AB30,treadmill_03_01,camargo_treadmill,109,0.2,1.0,0.0,12.0
3.1656210649256775,3.967603094873044,0.03267551561066626,0.12406729362914509,0.2260947382758586,AB30,treadmill_03_01,camargo_treadmill,109,0.4,0.5,0.0,12.0
2.42088049716074,3.3424938855414372,0.024348159466594035,0.09545488688437251,0.17170378950459472,AB30,treadmill_03_01,camargo_treadmill,109,0.2,2.0,0.0,12.0
2.5581813352451426,3.316077879989547,0.025529094192857538,0.10056325866973273,0.1817293023415247,AB30,treadmill_03_01,camargo_treadmill,109,0.3,0.5,2.0,5.0
2.8063404397052487,3.6276109998562838,0.02786402214336589,0.11028315780413603,0.19924596906811812,AB30,treadmill_03_01,camargo_treadmill,109,0.4,0.5,2.0,5.0
2.5816678538974096,3.201741306019702,0.02577981361287297,0.1017685914977499,0.18474072811424294,AB30,treadmill_03_01,camargo_treadmill,109,0.3,0.5,2.0,8.0
2.8729991286548286,3.6156496964291684,0.02908453662697768,0.11287631954474431,0.2050922822371427,AB30,treadmill_03_01,camargo_treadmill,109,0.4,0.5,2.0,8.0
2.67403865243464,3.324647080404795,0.0317215692246153,0.11364672755199967,0.2059873689786306,AB30,treadmill_04_01,camargo_treadmill,111,0.3,1.0,0.0,12.0
2.6398916408611326,3.4256407016628487,0.03140089926877756,0.11200088554190807,0.20249284884092905,AB30,treadmill_04_01,camargo_treadmill,111,0.3,2.0,0.0,12.0
2.9426643235143177,3.6478137896263108,0.03466822804243498,0.1244702522459278,0.22610336356598018,AB30,treadmill_04_01,camargo_treadmill,111,0.4,1.0,0.0,12.0
2.792762015325616,3.2893934120412456,0.03243675944330332,0.11890527231615657,0.21591588535315137,AB30,treadmill_04_01,camargo_treadmill,111,0.3,0.5,0.0,12.0
2.6657642244957263,3.1456852183116313,0.030613879683856267,0.11422275044279566,0.2065024752357577,AB30,treadmill_04_01,camargo_treadmill,111,0.2,0.5,0.0,12.0
2.934613562517002,3.7471143723994853,0.034589280017924905,0.1239094604501499,0.22468974905932265,AB30,treadmill_04_01,camargo_treadmill,111,0.4,2.0,0.0,12.0
2.5466629853191,3.2068454390303636,0.029747773390536893,0.10907202047642801,0.1964894935665144,AB30,treadmill_04_01,camargo_treadmill,111,0.2,1.0,0.0,12.0
3.0354729586462055,3.6210480775766882,0.035204998670403685,0.1286437755485715,0.23397083545968367,AB30,treadmill_04_01,camargo_treadmill,111,0.4,0.5,0.0,12.0
2.5127738220688838,3.317712096891412,0.029214096475959524,0.10758978736760072,0.1930046580142035,AB30,treadmill_04_01,camargo_treadmill,111,0.2,2.0,0.0,12.0
2.494627224982553,3.120356440599578,0.02795067500506502,0.10686979705343297,0.19225907550560106,AB30,treadmill_04_01,camargo_treadmill,111,0.3,0.5,2.0,5.0
2.710443989680637,3.3707589215680325,0.029728271006820003,0.11584229405014651,0.20841602730697062,AB30,treadmill_04_01,camargo_treadmill,111,0.4,0.5,2.0,5.0
2.550640428816327,3.059349868732998,0.02904331338763383,0.10906286497956773,0.1972510234772729,AB30,treadmill_04_01,camargo_treadmill,111,0.3,0.5,2.0,8.0
2.7824683023253853,3.358681873722124,0.03150687998371349,0.11849160827255413,0.2145565721942214,AB30,treadmill_04_01,camargo_treadmill,111,0.4,0.5,2.0,8.0
2.698309275401736,3.301979673569976,0.034225755589876464,0.12014282297040593,0.2172999833877883,AB30,treadmill_05_01,camargo_treadmill,114,0.3,1.0,0.0,12.0
2.656625407318012,3.367714133258455,0.03371882308381566,0.11807154450301183,0.21321458962656836,AB30,treadmill_05_01,camargo_treadmill,114,0.3,2.0,0.0,12.0
2.9701371685893885,3.6124855338843886,0.03685548042515483,0.13184362346641387,0.2386717177127734,AB30,treadmill_05_01,camargo_treadmill,114,0.4,1.0,0.0,12.0
2.8145835827212804,3.294440053489104,0.03508055494171778,0.1255745456618968,0.22736987088791366,AB30,treadmill_05_01,camargo_treadmill,114,0.3,0.5,0.0,12.0
2.6750893211725013,3.1419240498393837,0.03368304284666455,0.11986785388047586,0.21653479187673136,AB30,treadmill_05_01,camargo_treadmill,114,0.2,0.5,0.0,12.0
2.954212241560685,3.6787069734626745,0.036689813976685935,0.130893819932402,0.23676477440808572,AB30,treadmill_05_01,camargo_treadmill,114,0.4,2.0,0.0,12.0
2.5608141762513976,3.175611507167847,0.032696264455651894,0.1146433245164049,0.20653888403404436,AB30,treadmill_05_01,camargo_treadmill,114,0.2,1.0,0.0,12.0
3.062115113360918,3.611965791087516,0.03751160877309737,0.13620004150655105,0.24669693037757864,AB30,treadmill_05_01,camargo_treadmill,114,0.4,0.5,0.0,12.0
2.5222525633119712,3.2530923916045253,0.03193937771709025,0.11287062879977192,0.20264493134262837,AB30,treadmill_05_01,camargo_treadmill,114,0.2,2.0,0.0,12.0
2.5924971206200196,3.151893235463296,0.030705654179243515,0.11623352770166676,0.20859575654747503,AB30,treadmill_05_01,camargo_treadmill,114,0.3,0.5,2.0,5.0
2.8009349140513877,3.3809982985513707,0.0321836334683197,0.1253796148574408,0.22491236589898234,AB30,treadmill_05_01,camargo_treadmill,114,0.4,0.5,2.0,5.0
2.62509169284568,3.1123570590285587,0.03220335793600254,0.11750543592301085,0.21209473791717118,AB30,treadmill_05_01,camargo_treadmill,114,0.3,0.5,2.0,8.0
2.8586087299107605,3.397062891986213,0.03428615078290391,0.12763484128203698,0.23035809371450638,AB30,treadmill_05_01,camargo_treadmill,114,0.4,0.5,2.0,8.0
2.8938081931515716,3.4246728114151206,0.03824342922504066,0.13008380452559087,0.23501677189302,AB30,treadmill_06_01,camargo_treadmill,116,0.3,1.0,0.0,12.0
2.806162513851129,3.445566904549522,0.03701623033333283,0.12596195424091042,0.22712511613202427,AB30,treadmill_06_01,camargo_treadmill,116,0.3,2.0,0.0,12.0
3.1231609275983923,3.664342540779563,0.0401655498047369,0.140029853480662,0.2530989321434906,AB30,treadmill_06_01,camargo_treadmill,116,0.4,1.0,0.0,12.0
3.0468267611001596,3.4483406730191764,0.03968157477687918,0.13713510362330955,0.24809959710152102,AB30,treadmill_06_01,camargo_treadmill,116,0.3,0.5,0.0,12.0
2.9484933757975718,3.362061211143335,0.03901806163993293,0.13313179354910157,0.24047597051781955,AB30,treadmill_06_01,camargo_treadmill,116,0.2,0.5,0.0,12.0
3.0666699728281626,3.693057242017836,0.03942038113554882,0.13725646615015413,0.24782127041569327,AB30,treadmill_06_01,camargo_treadmill,116,0.4,2.0,0.0,12.0
2.7976541743060124,3.3617387726480095,0.037463375106383916,0.12629864557369905,0.22750513873551884,AB30,treadmill_06_01,camargo_treadmill,116,0.2,1.0,0.0,12.0
3.248622221277464,3.688218126607387,0.04130150660166843,0.14587669531153422,0.26388480360411043,AB30,treadmill_06_01,camargo_treadmill,116,0.4,0.5,0.0,12.0
2.709373056070385,3.3894602458042074,0.03589197802924768,0.12232965170090326,0.21951835548230897,AB30,treadmill_06_01,camargo_treadmill,116,0.2,2.0,0.0,12.0
2.7528781502741007,3.2386303224636075,0.03419251449199566,0.1247438787443708,0.2235512675407829,AB30,treadmill_06_01,camargo_treadmill,116,0.3,0.5,2.0,5.0
2.927765998017545,3.4090100827845093,0.034802777790566966,0.13253290375877863,0.23721055633068006,AB30,treadmill_06_01,camargo_treadmill,116,0.4,0.5,2.0,5.0
2.840745791604506,3.2634488883725,0.03666791455500759,0.12829991600738183,0.2313992860171697,AB30,treadmill_06_01,camargo_treadmill,116,0.3,0.5,2.0,8.0
3.0286725924431837,3.470022342228502,0.03777575743791715,0.1365679431209306,0.2460841425423295,AB30,treadmill_06_01,camargo_treadmill,116,0.4,0.5,2.0,8.0
2.797810182867068,3.2279549558164193,0.0380280052158349,0.12822132187312046,0.23100817442250157,AB30,treadmill_07_01,camargo_treadmill,118,0.3,1.0,0.0,12.0
2.727575708449273,3.2582654774522726,0.036942868515729824,0.1248117011868301,0.2244494434665234,AB30,treadmill_07_01,camargo_treadmill,118,0.3,2.0,0.0,12.0
3.0143864294321676,3.450810926535803,0.03985450608715828,0.13774296058884347,0.24835862521111657,AB30,treadmill_07_01,camargo_treadmill,118,0.4,1.0,0.0,12.0
2.938796101179753,3.251471044875861,0.03943000747696884,0.13482949396345692,0.2432695852489173,AB30,treadmill_07_01,camargo_treadmill,118,0.3,0.5,0.0,12.0
2.8595658691756545,3.1874390219103805,0.03908822734612922,0.13157215282175547,0.23702671304726838,AB30,treadmill_07_01,camargo_treadmill,118,0.2,0.5,0.0,12.0
2.972082421704879,3.485828150636684,0.039295477124822606,0.1355307562333462,0.2442014587203276,AB30,treadmill_07_01,camargo_treadmill,118,0.4,2.0,0.0,12.0
2.724886961393094,3.1899971764569126,0.0375601861521993,0.12540840816819718,0.2252229876220537,AB30,treadmill_07_01,camargo_treadmill,118,0.2,1.0,0.0,12.0
3.1325973917617773,3.478132381569122,0.04097596905744038,0.1433633582899872,0.25867693987053275,AB30,treadmill_07_01,camargo_treadmill,118,0.4,0.5,0.0,12.0
2.657225011926865,3.231717938684408,0.03611553299878002,0.12233136143119,0.21883424516630462,AB30,treadmill_07_01,camargo_treadmill,118,0.2,2.0,0.0,12.0
2.677677864100027,3.107298011735781,0.033521367029972694,0.1239395853987755,0.22118162925929455,AB30,treadmill_07_01,camargo_treadmill,118,0.3,0.5,2.0,5.0
2.838174469780963,3.25973304550717,0.034005091160878374,0.13122221916245302,0.23394356457567203,AB30,treadmill_07_01,camargo_treadmill,118,0.4,0.5,2.0,5.0
2.753310325230054,3.1111366279917134,0.03629591871026786,0.1268269148917678,0.22796590191908772,AB30,treadmill_07_01,camargo_treadmill,118,0.3,0.5,2.0,8.0
2.9253061201992803,3.2949919260771816,0.03718575441107366,0.13452861509676112,0.24162322522729562,AB30,treadmill_07_01,camargo_treadmill,118,0.4,0.5,2.0,8.0
